id,theta,se
1,0.3792853638964496,0.34182461056317803
2,-0.3055940389127728,0.4365546717694039
3,0.17542793520703132,0.41263709633570417
4,-1.5821130249381705,0.43691590292980903
5,-0.11799334886098396,0.346581958103407
6,-0.13180309637796267,0.3314549060006424
7,-0.9013710570461486,0.379257800524529
8,0.0694028182213479,0.3857849257127792
9,-0.9535411095723543,0.384791042027684
10,0.36944229369175646,0.3279088310225774
11,-0.24137010105318585,0.3275613230571822
12,-1.293808385984779,0.4066546609615162
13,-0.4030614445611024,0.3466910046113954
14,0.615511355399925,0.3610153703908297
15,-0.09030757641914289,0.3351327416278963
16,-1.697892735860614,0.4616072036110511
17,-0.7092016637977836,0.3512282431667634
18,0.535955043914979,0.3371222827293219
19,0.772434372531783,0.3387092257112601
20,0.6088958130889743,0.33955855920300954
21,-2.444330827003849,0.5757453745866713
22,-0.40307805777550987,0.36924267468393757
23,-0.47144973288950864,0.38405248159792305
24,0.8092244311976867,0.33299787700317934
25,-0.45577980696295506,0.36490374765604877
26,0.9385510379006373,0.37576535092156016
27,-0.6462633958242716,0.4132634450082345
28,0.12903591895956182,0.32448767906321513
29,1.6001156518056041,0.40387413923744603
30,1.1559214771582536,0.40474504116313287
31,-0.9497007255057268,0.39563190363356565
32,-1.0058457040223472,0.39364390975468233
33,-0.8119768309115958,0.37419652432792266
34,-0.5859406464278762,0.339616969724131
35,0.00550469867988288,0.3575231830905645
36,1.2177610188828534,0.5095660959328365
37,-0.16317787982948834,0.3351840317720538
40,0.0454703472592126,0.3382910651389729
41,0.16117483124486298,0.32747175924769
42,-0.3912904196461987,0.345732378231121
44,-0.7373291638317364,0.4061859439496339
45,0.3813094265451779,0.36972504718409643
47,0.5804293141693087,0.3756169887893281
49,0.5663767446804259,0.3483715451200577
50,-0.3043382887073006,0.33073059297174484
52,0.340471051626366,0.42376570855381895
54,-0.6050967414080616,0.3531323487827921
55,0.3545493596119686,0.3269813468078975
56,0.6257755117744547,0.3052279126021598
57,-1.7252878916186687,0.46494892570154017
58,-1.640737263956535,0.45327725959365955
59,-0.5626167818106494,0.36798651258121506
60,0.025194496371743487,0.3326028242201541
61,-0.5770407067325779,0.43266927088108015
62,0.3725621062896109,0.3668176414581479
63,-0.4129889709956527,0.34047835501562673
64,-1.2141995222654038,0.40753761829836616
65,-0.7198203179561355,0.3810283329088011
66,-0.7924365860366223,0.38114135089240214
68,0.04299461396352128,0.4181614821761941
69,-0.7225784124845989,0.4203029098596693
70,-0.3668094683244696,0.34711240045438135
71,0.20239312463079695,0.3934173129028456
72,-2.444330827003849,0.5757453745866713
73,0.524705385228773,0.3832264873551043
74,0.9567318030794775,0.35529006147435677
75,0.12810666717914812,0.32056842699117455
76,-0.8813969518520597,0.4507264824653478
77,1.2798905417581756,0.3786532283544266
78,0.05355280126693102,0.3800283260987675
80,-0.06781655221727811,0.3787950551487272
81,-0.8108198908267495,0.36751568217980485
82,0.479181501194476,0.3291974330324242
83,0.5964015800675643,0.31920109197820795
84,0.4806452224860158,0.4462544105238517
85,-0.21011662789068447,0.35072701919829063
86,1.4732514923929128,0.3848276571172496
87,-0.8812688894199479,0.4058811642867648
88,-1.0447339280578174,0.3925759541361635
89,-0.049817766532647786,0.3397251984450073
90,-0.15921898548110366,0.4104713613503951
91,1.449757416070487,0.36798939903065925
92,-0.3788318955396832,0.4215378424126556
93,-0.036657307459848104,0.3975540206100778
94,-0.18090755614658105,0.3898681495026054
95,-1.1847475963212348,0.45522940006164886
96,-0.049171121360219464,0.37045779958610076
97,-0.5958998256425104,0.3669960685758196
98,-1.4281741264961023,0.46006744766019947
99,-0.5472637031015037,0.4063610287294091
100,0.48049509878444197,0.3980255611003951
101,0.3846038500518373,0.4146868441863346
102,0.6178618165595532,0.39803656431067075
103,-0.045967646379331026,0.40263100860983875
104,-1.0330115940778923,0.4073162474070563
105,-2.1090224738152346,0.5294435991804044
106,-0.1690128897294875,0.3609608548274171
107,0.65082265883292,0.4030106426117544
108,-1.032653568649121,0.3800858201820589
109,-0.9299578251416992,0.38958854885376715
110,-0.7799317924449682,0.3686104461067863
111,-0.687163701059416,0.41756126082831957
112,-0.955617469701347,0.444468789044969
113,-0.4212636166750561,0.3705929311936375
114,-0.009631978206091095,0.41143086579511795
115,-0.372970917036495,0.42175972964603897
116,-0.4956681384062981,0.3730843651844781
117,-0.9304099206758131,0.3911359277501705
118,-0.2673414706182421,0.4535171036742043
119,0.36926974798149664,0.31104122151738745
120,0.2381201057610488,0.3234560032657279
121,-0.4181633691238221,0.4371623313849618
122,-0.3134690623396157,0.44626011027313767
123,-0.16947158198236592,0.4367588111662355
124,-0.3887042619695415,0.4521692426741371
125,-1.1013585691964278,0.43402300679190314
126,-0.5726457956067779,0.38784496055126527
127,-0.20700790599113003,0.4579086130651572
130,-0.09452121253846898,0.4286659087538755
131,-0.8416491921984115,0.3666804199110545
132,-0.2975357697595247,0.41364650628449917
133,-1.374785220512873,0.4605474629552123
134,-1.2674249241448103,0.46657479883933417
135,0.8815240772143431,0.4066304466394481
136,-1.5876673722000356,0.46427863869713004
137,-0.7111564333843057,0.3909836537089837
138,-1.4911268491707217,0.4735498742785381
139,0.3238809835887021,0.41730583779456715
141,-0.1556970662058474,0.37022881054039797
142,0.28444868514207583,0.36746472156090726
143,0.5416366971937077,0.41867970612413324
145,0.582814343212271,0.34166465408336605
146,0.5198727242629858,0.38046908309946903
147,0.36295071880260665,0.3402801626307521
148,0.4985961700903268,0.3960105692661868
149,0.1397251745552101,0.4609217091640355
150,0.8186540231585585,0.46137181536288563
152,-0.3576452749402035,0.44790249982044417
153,-1.3519411543324464,0.44683825806788685
154,-0.9028556628155532,0.4170255137007777
155,-0.07657423300204214,0.3473629641433884
156,-0.4206338036725574,0.34489686260373703
157,-1.1591884845047833,0.4525032190907266
158,-0.6575646033300688,0.452868098814338
159,-0.7575881130391352,0.4217304100593394
160,-1.1737576941752406,0.40738288746643603
161,-0.9922318220682891,0.40225578398100914
162,0.11294247119592042,0.37200894145315466
163,-0.25180580604870306,0.3557396444479841
164,-1.0261443329014095,0.4720338906508589
165,-2.1411350343936304,0.5371523801280416
166,-0.291494291298389,0.40686884679990226
167,-0.684248315239897,0.44495123154203176
168,-0.4519602892903437,0.42490026367941547
169,-0.3995225797875239,0.37087663132164633
170,-0.5293718732656005,0.3848676383684033
171,-1.0363934330547628,0.4230429374194435
172,0.7527030076858608,0.36868719500020897
173,-0.2163671832138338,0.4202370972765006
174,-0.30475713708734825,0.4290877187512926
175,-0.10529329016627029,0.4020447977094883
176,0.04751278357267193,0.3853388023159957
177,0.9549580626845476,0.3207681916535653
178,0.6424979269298604,0.32671387925156126
179,0.3797015441867732,0.35699189380017765
180,1.514440839989689,0.38125575567978814
181,1.27463885677462,0.3809456526044734
182,-0.2999358301462899,0.4089495083330318
184,-0.19949143712580614,0.3620462715923243
185,-0.7535663334406612,0.35741014148091255
186,-0.879212073281076,0.37888833704411
187,0.5892494310759018,0.3683859685189021
188,0.4169970319303898,0.373761664018095
189,0.48150980650234987,0.3747107846514091
190,0.8006210505878738,0.33390163991145055
191,0.3485176980774516,0.3909689243466801
193,1.5609991716764502,0.42471168455064745
194,-0.04924881418914931,0.35240602126107695
195,0.7761928874450833,0.3530425438940509
196,-0.29654586136575734,0.3401064034415799
197,1.9755896606200527,0.4260121436857551
198,-0.05580820662184887,0.35118289803188635
199,1.117212858309057,0.3781551779007249
200,-0.06024816860392123,0.42161719246408025
201,-0.5204609387200472,0.3759780889700528
202,1.8466615566351423,0.3879509734295439
203,-0.1923591009278864,0.3507215115874764
204,0.3750766560999432,0.38009972679706744
205,-0.29075302910286355,0.3306077638400058
206,0.16424446387007519,0.357891867548505
207,-0.10908278620479644,0.3345292831804709
208,-0.6310245642680263,0.38462877055221895
209,-1.930229104975265,0.487548344395417
210,2.434034331349127,0.4668416354328356
211,-1.6783517799033887,0.4712019355044179
212,0.14157265124769386,0.418024389675849
213,-1.2095791051786047,0.40836897278167683
214,-1.6312980660003853,0.48050241241289204
215,-1.3294758542697085,0.47749818451299886
216,0.43004432317323044,0.38306582536597883
217,-0.6310245642680263,0.38462877055221895
218,-0.9534764820910674,0.416131532988378
219,0.7877480905598719,0.3492175615070592
220,0.9746514179090953,0.422919565774396
221,0.6444093208498081,0.32690672399410736
222,0.6561906131031419,0.3497485824060585
223,-0.6163370536044349,0.3847079343109662
224,2.641680318015926,0.492512295473283
225,0.851803650746576,0.44786017894643715
226,-0.9051419132531986,0.3780603325459434
227,-0.6608820481080514,0.4197028445124452
228,-0.19932102243170471,0.3430702899590696
229,0.07428485620561084,0.3318158067963733
230,0.16767207412587812,0.3488529008803105
231,-0.26459837382486967,0.34091963688321925
232,-1.2124431281963035,0.3986483072110708
233,-0.6620903950562359,0.36820167053422487
234,0.523693235898747,0.37425396640677844
235,0.2702979731188719,0.36425177343068726
236,-0.9562367778953725,0.441500432441712
238,-0.31954093226329683,0.3853767349204716
239,0.7698782763740826,0.3275325416699715
240,-1.742413953883113,0.4577649168530133
241,0.6773353500948922,0.3489432191674077
242,-0.44032165255594435,0.36063865949512564
243,-0.8971127894264832,0.37559479735330065
244,-1.4467749052637713,0.42360612072029785
245,0.43578063275118417,0.3144145653248588
246,-2.209060560155183,0.5445895672888367
247,1.2051641597878573,0.38091226871581135
248,2.5476933762892764,0.4814422998537258
249,0.28268628693479214,0.3975904305200147
250,-0.287580707284271,0.39305606492664286
251,-1.8624253569079359,0.483671237538342
252,-1.030422203113895,0.3900172959918138
253,-0.3421957897456912,0.4010539332854157
254,0.6284274037674227,0.3612436486618304
255,-0.5147153356556671,0.36334507982468434
256,0.33924049976814236,0.3172549680616311
257,0.2244883094166666,0.3230551313824252
258,0.9565536447113929,0.34026928871685674
259,0.412731918442331,0.3297907557396022
260,0.30000283880631023,0.31924506541586667
261,-0.7456479543628227,0.3768370993037372
262,0.24902841545571003,0.36174654905030795
263,-0.6562908932175001,0.35555301600274103
264,-1.2776418677219397,0.42784229198251944
265,0.23900778561497835,0.3319235683644171
266,0.9489604632568273,0.3627238587214057
267,0.09658266143299402,0.40492015271196347
268,-0.2870622023252306,0.36680679099695157
269,0.9721601102770385,0.34341313252815686
270,-0.34613206861203744,0.3458222857192501
271,0.8428023737942981,0.3577866331514129
272,-0.6545817370935227,0.3633249290523025
273,-0.4499111247462214,0.4001937400922735
274,-0.5039851623893661,0.37145295565831143
275,-0.964680662663478,0.42347583879350564
276,-0.15214883775269744,0.3701217304232096
277,-0.5378064732515406,0.3638323089124418
278,0.571101096624647,0.3720786036402682
279,0.2664538034714548,0.3701820949714611
280,0.44897262726204346,0.34266337059870183
281,0.5964002250792239,0.32997228311275417
282,0.47661196620745483,0.34227122773838187
283,-0.15084559699655095,0.3832649890251303
284,0.13479487345233176,0.3778584583311601
285,0.6285558385078767,0.34386065943948335
286,0.07673161030959992,0.40475990414450636
287,0.10794201878877237,0.32837188752049606
288,1.5004116501483609,0.35450686072792265
289,0.6409793438832357,0.37315929974748185
291,0.11421202642710207,0.32498582117469665
292,0.337236403240362,0.41280157249383764
293,-0.2561598702873542,0.35849512466230404
294,-0.32979485885623727,0.328839050945873
295,-1.1595395962989767,0.3942118554447431
296,0.12776767172257908,0.32783250356989446
297,0.29854004454841354,0.395409850703813
298,0.6766336849133777,0.3104553855266793
299,0.19287892244294558,0.3117697687190479
300,0.32073462018205523,0.4033407273846408
301,0.19287892244294558,0.3117697687190479
302,0.5731352434270961,0.3620159818795534
303,0.7973012477379501,0.3938105429947516
305,0.11797707170247097,0.35583584899670134
306,0.24794512572800434,0.3088209973161626
307,0.4745530792066544,0.3339296263968538
308,-1.3208581982183039,0.4093805285559316
309,-1.6234103536734852,0.44865504115802446
310,-1.1687915856353268,0.3935828970212996
311,-0.7471010296473078,0.4097374152733301
313,-0.7499856774986973,0.3511776505813489
317,0.48750170106786705,0.3272256498448691
318,0.41618919809619026,0.3959023171901494
319,-0.07624523992359059,0.3586607941093352
320,-0.9332697396741628,0.4005395636312846
321,0.3835775069817755,0.3114926514086743
322,0.648934198652725,0.32212836736928535
323,-2.444330827003849,0.5757453745866713
324,-0.8978344613666526,0.366237984527785
325,-0.12525565954934811,0.3602205143666216
326,0.4232251695013027,0.343612857981694
327,0.8408858568940364,0.3287814158938956
328,0.8816291182819332,0.36910050077889345
329,0.9846112531460113,0.43349337090056933
330,2.7986610348190903,0.5182714755229936
331,0.4475558472382689,0.3262891035578607
332,-0.5947966879933513,0.3626059048099457
333,-0.5303698261304695,0.3351025362031019
334,-0.7288604755629848,0.3629058229355537
335,0.3936510898160433,0.32971816822114086
336,-0.06378249099863162,0.3338901479504484
337,-0.25334757861442125,0.31732033160349427
338,-0.9481090926580565,0.4167624682507998
339,-0.9011008212506504,0.36549826602622415
340,-0.8970573493876483,0.42038386590802657
341,0.7575084114936346,0.3438106937068909
342,-0.30678329220113826,0.35843707900080257
343,-1.5102978037031118,0.4336286119727784
344,-1.313418251014313,0.4955435342404996
345,-0.4174762726709109,0.3467561867862935
346,-0.12161951221779603,0.32616211258505867
347,-0.15150670432831664,0.3365098983938635
348,-1.146836640286974,0.44748883463902384
349,-0.05152301909012819,0.34766346958143424
350,0.4817075403381193,0.38020637854357675
352,-0.9240330662276811,0.3666852074288861
353,0.29265391129549667,0.32547901373050675
354,0.501853409785594,0.39014632281266515
355,-0.5252079926662804,0.3629333562350547
356,-0.27676613952443546,0.4576516642878276
357,-0.6119359127314599,0.3814882933552857
358,-0.21270765836913702,0.3387336696949012
359,0.03907807340507338,0.3221225565204206
360,-0.10319318835165163,0.35332555099682017
361,1.3543868515708486,0.3752004774773228
362,0.2736639651466562,0.42351489524236186
363,1.7381965562555381,0.3848500396299068
364,0.8696149634484412,0.34044114543006654
368,2.6079890130710695,0.48560459736114464
369,2.0556876587065926,0.4182416024268753
370,1.9610048737452712,0.4184447649636549
371,1.248543775041806,0.3298883821608309
373,1.0209509204086584,0.37829934221889383
374,2.0293109968059424,0.4324732171888092
375,-0.2774645742072156,0.3396050124837272
377,0.16226616453753015,0.3688769889258583
379,0.6046499546236949,0.36489162130773456
380,-1.2326261611472933,0.39805360525900585
381,2.3144405704591873,0.5212616630385574
382,1.99195757990734,0.4409924975986329
383,0.7260174032056766,0.33327403005035355
384,1.1987030281686712,0.3246807933685064
385,0.6336476166957822,0.3215871884442328
386,1.1015196489547356,0.3423826436794417
387,-0.5573263513256487,0.3348387455289065
388,-0.7533694415197439,0.3733006412563792
389,0.9281344272749329,0.4465440434428908
390,1.2391870457064185,0.3327637417508625
391,-0.5309630303792753,0.34761106519744556
393,1.2566843126959084,0.39334279143832707
394,1.2105168272515419,0.3937806986476035
395,1.8629255880747375,0.38438685465577277
396,-1.111882102319367,0.4031825966711151
397,1.5486955036518402,0.3684574245934049
398,0.8380312017142861,0.32462282906197876
399,0.7985195095011122,0.35107839744514696
400,-0.5428183226833854,0.34480606464293834
401,0.931064881480742,0.39804010918627386
402,-0.03983201069896695,0.3352833156803315
403,-0.2160349494257495,0.3294612574722794
404,0.02044459999821139,0.34108658016261734
405,1.2755832816961286,0.3567410423429391
406,-0.8903544222113255,0.40543584959696327
407,-0.11202975268018918,0.3288615832857219
408,-0.6577440987618052,0.3670332914551125
409,-0.37403884021889355,0.3514897515913072
410,-0.2989710479137918,0.3493695630371759
412,-0.05440945299550723,0.3332426689208467
413,-0.130960907937583,0.36846284035585775
414,-1.1527345501035309,0.409485853893997
416,-0.8121980909566057,0.36972066151278726
417,-0.8482255799164096,0.4289631999513787
418,0.07353500088995613,0.3694655415924643
419,0.2336336837957979,0.3663051418080171
420,-1.283639310526706,0.40968797716010613
421,-0.9169280546033383,0.39462599096898654
422,-1.047448273002519,0.4022118217263729
423,-0.35509617752629974,0.36820374794668526
424,1.081764184307341,0.3273066638386924
425,0.24891619853121089,0.33198001129314775
426,0.2155930784428791,0.3312805988200097
427,-0.17986498412078245,0.38894715594614565
428,1.1216463342214555,0.36052872840406625
429,0.7827990860464717,0.3542665654760864
430,0.974230773637832,0.3296773577357767
431,-1.2765233351193763,0.4169408073743524
432,0.42973706348492113,0.34244867850417793
433,1.894399936018039,0.42561322954340675
434,-0.19659639407278104,0.3693138651620526
435,1.3630754302175743,0.3594042158688997
436,-0.4106194722608299,0.37945943501545415
438,1.2426009420964204,0.41382887470071944
439,-0.7919570648577532,0.3567548327407323
440,-0.005885610186457434,0.33050308135623757
441,-0.7253613119884256,0.3906371828381981
442,-0.9665165947792269,0.3815494462162015
444,-0.472580675536618,0.4311723673019408
445,-0.758055844574342,0.37207426338954075
446,-1.4119161477885382,0.43194685073205946
447,0.9615954543992963,0.32277729730128857
448,2.1700936491030287,0.4297198500489045
449,-0.38671884325431427,0.3339591485437611
450,1.0193059155029807,0.3318922499454287
451,-0.8523757655589187,0.39488864652278893
452,-0.15121320168883023,0.36513610426124893
453,0.7901831240801352,0.3531324002651026
454,-1.4600697326108714,0.42492049800481746
455,-0.7591842184576993,0.4774484256298416
456,0.005843348612155892,0.3466387802779125
458,-1.774413875560703,0.4726792163266551
459,0.9128653892580381,0.3847580449583611
460,-0.7923204790275331,0.38717482915205537
461,-1.2240907442601252,0.39513376438377645
462,-1.869565348625089,0.48439969514568104
463,-0.8372354332191695,0.40576579802965307
464,-0.34176488101934877,0.34410376550296873
465,0.11138778219837964,0.3853059530838395
466,-0.7012687069646135,0.3676679375742588
467,0.2399938835334754,0.3491702432706294
469,1.531473340442227,0.3864792821376792
470,-0.11837770159291426,0.35972251124905197
471,-1.0431033621006238,0.388034070442783
472,0.6975888568529354,0.3567925021044482
473,-0.40353363710969276,0.362037150622801
474,0.5958624904579506,0.35440735841100435
475,-0.34680391155013246,0.3516551988356794
477,0.4188865830699947,0.3478543627883126
478,-1.5214568975076883,0.430047851944385
479,-0.38617870841135754,0.33335352068185936
480,0.21375799457821967,0.33213788249897014
481,0.5292356896124827,0.3216484507874748
482,1.1656801084694888,0.36741203040372816
483,0.1800485468176056,0.352585668716311
484,1.1126092323279726,0.3452121114651615
485,-0.024061864485195542,0.36088373315100014
486,-1.2380844486372218,0.4025228082395128
487,-1.0195650089082442,0.38699468977773205
488,-0.3804363013461676,0.32823843707634587
489,-1.1479156595931659,0.4077705921214988
490,-0.5906552997274307,0.3488309407131748
491,1.4340275164840484,0.3604892436395026
492,-0.7438945066541803,0.36248747919631186
493,-0.47735680295929106,0.3334445988835462
494,-0.06414310759980779,0.3773617430056019
495,-0.02154688562382841,0.347194045554586
496,0.7670744061786298,0.35175788287999393
498,-0.4613985256729623,0.36014221547925945
499,-0.4403070213956028,0.35810160458622387
500,-0.13305147205136314,0.32651633132812946
501,-0.7522684772434665,0.36285716699110404
502,-0.05553558454731369,0.3365159355561995
503,0.6640652499717362,0.324281382571405
504,-0.7235153706960826,0.36491118986838306
505,-0.9720959710835795,0.38990510305120313
506,-1.8576626877568112,0.4831808450166103
507,1.0026566855650492,0.3591064624895247
508,0.6056040941181143,0.3940720547209181
509,-1.498340297748657,0.4650291152759608
510,0.4712533112237662,0.30736388234315987
511,0.45025566415928986,0.34924685296699814
512,1.2133185502988226,0.36299557447875475
513,1.0910277466913005,0.3418900939757562
514,0.2722961275942463,0.3527347693445916
515,-0.6588362835629474,0.38272592122973403
516,0.48772694391296345,0.3286035494508158
517,0.9390138143154155,0.33183681329519255
518,-0.6127920301020627,0.3685732371621426
520,1.2759115859322812,0.3644084887631192
521,-0.9911826976956024,0.4049835588468865
522,0.11803562985918446,0.35389737437846785
523,0.18912299714518577,0.3781529477285818
531,-1.2627717271612735,0.4328219607573041
532,-1.5234189914440042,0.43488335031055647
533,-1.6686910347114108,0.47191052673509665
534,-1.3838457330485472,0.4200633513500603
537,-0.7003998144728939,0.3755627069908461
538,-1.8334084421105923,0.4820174209178552
539,-0.17629130197672377,0.34951086121423514
540,-2.444330827003849,0.5757453745866713
547,-2.2331467517396235,0.5450290119076038
550,-1.4706054549207659,0.4290737512155201
551,-0.09624649939742193,0.33818892871367784
552,0.1532817918593545,0.33123908039379174
553,-1.3065074911031849,0.4090080515402001
555,-2.2331467517396235,0.5450290119076038
557,-0.8179153182344706,0.3796568509251229
558,-0.5008766173945517,0.3360982144606255
559,-0.7744195858009499,0.3897531915723506
563,0.5597003084506111,0.3495960150113755
565,0.6038214096610417,0.3582445051781596
566,1.042526234488193,0.37641395119520327
567,0.20365882506961472,0.33629945940409
570,0.7309081529035485,0.32338093857246486
571,0.0033611036258003628,0.33785012628455885
572,-1.3408248275603936,0.4172969413368139
573,-0.6288203274806682,0.3504969070894446
574,-0.4714213155998848,0.33314135875694884
575,-0.2733076189641729,0.3180402854074651
576,-0.4587668798137707,0.33757974781880534
577,0.04907452301690313,0.3423366926279281
578,-0.4329825062023837,0.34479063541844907
579,-1.0623430139735768,0.3871451803746272
580,0.13484845672781964,0.33984429045633285
581,0.6188309921028862,0.3256193258401943
582,2.766832170251057,0.5231824067797871
583,1.3683917864696837,0.36465490875866197
584,1.0053507585874386,0.33923484197749243
585,0.1629333721639235,0.36165823310150313
586,-0.20220467714021823,0.32846759745237625
587,-0.5599828312697201,0.34288307156179587
588,-1.2100618307027466,0.42626549214855647
589,0.40755564288632473,0.3221037883233614
590,-0.66671844042509,0.3654868584762319
591,-0.5734020252129053,0.37978577875125186
592,0.5499794365275664,0.3438522333346508
593,-0.5704792529454368,0.34781133691351684
594,0.04866722545269616,0.32179772145329816
595,-0.715294586053247,0.3587574793519211
596,-1.0328392220346914,0.3791248706734734
597,0.7075895526600553,0.37753498509398187
598,-0.014088678487843464,0.3375150358426081
599,-0.3332701044177032,0.3437864306313323
600,-1.0436644041039203,0.38663935092074503
601,-1.5256647440540092,0.4347579728200776
602,-0.5272659940923624,0.35525903688867577
603,-0.07787475682622388,0.3809329535473215
604,-0.17263612340008505,0.370646576815604
605,0.27060841503829475,0.3261711345018798
606,-1.9540218860646992,0.4926628982842615
607,-0.22654976316376882,0.35471923014610085
608,0.7511321792130994,0.32424621260449366
609,-0.14895140263192538,0.33649509087511853
610,-1.0266921446605437,0.45058332202553786
611,-0.37581373024241205,0.37438401366538054
612,-1.0852282888247615,0.38175106852390783
613,-0.46965706060249585,0.36023400202964656
614,0.8657789357329857,0.3702786003617487
615,0.5148220039766952,0.3677714735400571
616,-0.17455069503331894,0.3454941435578606
617,0.46415215814793526,0.3367013435840509
618,0.4722834750859957,0.3427587973782321
619,0.20810776513652465,0.34170936019608816
621,-1.1257443881348133,0.4064558927293154
622,1.2441461158476605,0.34749466216349
623,0.9755717577133819,0.3690208023285856
624,0.7250418205497724,0.3854105767613794
625,0.4616744907873782,0.3271082775231878
626,-0.30849056592376844,0.34217000050689494
627,-1.2353885290159643,0.4189073182227363
628,-0.23884656654127923,0.4367607121751123
629,1.3034647940874136,0.35233683154486395
630,-2.2880952603159423,0.5484537872839872
631,-0.38398971288032585,0.36643027964845687
632,-2.2880952603159423,0.5484537872839872
633,2.8894509884629107,0.5455406458264853
634,-0.413977750753861,0.3470133373085352
635,0.2332507896428982,0.32125046166444804
636,-0.5012297342225692,0.3518976860416352
637,0.07873227177898434,0.3530837623383567
638,-0.7217605802891659,0.3806584263257465
639,-0.061268295857227775,0.3593860122639836
640,0.843541812638502,0.3691868710033154
641,-0.8794037633516374,0.37931777426891045
642,-0.03703397878277924,0.39881323349926145
643,0.45366168654687655,0.32749630835039384
644,1.2406350153845258,0.3758394758372075
645,0.010509974472246851,0.37095970982145876
646,-0.37524129260114075,0.395306365729583
647,0.0788029404278935,0.33768751526116736
648,1.146078343882246,0.3737685334272815
649,0.5423081733593178,0.33686887532608173
650,1.157744800135039,0.32371816193787323
651,1.8303843512756803,0.40849382636625736
652,1.0647048874544023,0.36290359855985294
653,1.2257395269027154,0.35413746818318986
655,0.11826796462992938,0.3457261976566831
656,0.9755722477222123,0.34421960445170763
657,1.2975641020374047,0.4022921754451196
658,-0.18711665557647672,0.39608335161992736
659,-1.2727642019744896,0.4030245797723815
660,0.8736412608810629,0.35796897685113827
661,-0.24272059063889811,0.4019692780648583
662,1.539183178366372,0.43484548512172794
663,-1.4497003487884128,0.4420759538775616
664,0.4638498682926938,0.38860800826352354
665,-0.9343762600192982,0.3778621740574636
666,-1.375456930165052,0.464531079616613
667,0.3146250153117876,0.4644937822721686
668,-1.445613576628743,0.43446764093134016
669,0.7556759712173784,0.4355457704942957
670,-1.3162610903915488,0.46688987268198734
671,-0.8478828310740102,0.40341414204806314
672,-0.18430661242897303,0.3762617091187725
673,-1.562398305481041,0.44926803966499007
674,-1.3540356220703644,0.45778055781558585
675,-0.8141473354642272,0.453794158549993
676,-1.1380268092664447,0.4204187641377171
677,0.2163137137324706,0.3586482917506904
678,0.15292640835974539,0.450790696772687
679,0.21481639168696168,0.4257925323089176
680,-1.420042990981827,0.4449002963027977
681,0.5334184725350554,0.4355078362101675
682,-0.08600985454418127,0.42519887301710996
683,1.3416269050116487,0.4079762461121692
684,-0.6828424297594886,0.3698241177862189
685,0.08558156370965087,0.41706146110366116
686,1.6010052657095952,0.42073158745862504
687,0.77771028320564,0.3925357082240306
688,0.9183980640461075,0.4135757485597023
689,0.06546154217203433,0.3676194797990032
690,-0.5925790655793375,0.3720784147096105
691,-1.0216965652764012,0.4503179073695242
692,2.1173992300606237,0.448785143923222
693,-0.023755371209217495,0.35919284810800317
694,0.6500155193597495,0.37897181807450503
695,-0.8859554936807978,0.38509585023961623
696,-0.23686978835384906,0.3566362821914177
697,1.2041794582374057,0.37899511586665696
698,-1.6104017378595694,0.44663033771383204
699,-1.9070536484435792,0.4984485927945766
700,0.07607698061941957,0.3587560003169747
701,-0.5284757666256054,0.41321662719874047
702,-1.4761285251340714,0.4510065135228104
703,-0.4708126003729333,0.44609317307513235
704,-0.7062050235018787,0.43068308102221675
705,-0.42043257012827,0.3574864766291549
706,-0.4258255314338413,0.40282778667235863
707,-0.06525824141742143,0.4243682686058373
708,-0.46549753112858727,0.402298335241227
709,1.4053649236124606,0.36802882827479233
710,0.2195112382740886,0.41622873956079975
711,-0.6500796297778237,0.37399390283708306
712,0.3116956114576513,0.3877266333584675
713,0.0791541081313598,0.388313831708736
714,-0.5897915203973102,0.35662703805245544
715,-0.1713958469754928,0.3567808157737501
716,-0.7732131560601466,0.3672508704352806
717,-0.08379881709294419,0.3811089271913732
718,-0.05426361171610734,0.3797717370832691
719,-0.2868436124986507,0.4122592710387737
720,-1.1051043060825023,0.38582430823867647
721,-0.7767848304712774,0.37161339159358997
722,-1.5272011664582448,0.43466394928516744
723,-0.19785307790606083,0.34384360249699225
725,0.9649745595005716,0.3830499657294612
726,0.4990080605634581,0.3772126243669691
728,0.2239664724384154,0.35982881068729994
729,-0.8002984588254037,0.43013728769149223
730,0.32148333804102175,0.35911243212662985
731,0.31526933952005703,0.3494142495778195
732,1.0264482452878216,0.3744806076200018
733,1.7318786117872114,0.3853797743623883
734,0.4162379023731981,0.3256574017288014
735,0.6344263498655126,0.33268618548475304
736,0.08974292814121915,0.34463217441827293
737,-0.9123558968072379,0.3900203774193628
738,-1.8108201983074326,0.4748578746757903
739,0.3866113160884573,0.3671073205085264
740,-0.46165580717557697,0.3501239083489244
741,1.663911629597663,0.3907676943061096
742,0.08879979700901044,0.4361967189336651
743,0.9002821808829146,0.3328206421356052
744,-0.04151017792878648,0.3467229230281626
745,1.794806360297736,0.4038668774202608
746,1.4542027469910088,0.39944628385865155
747,1.1621613305451666,0.33836288983472895
748,2.169167044696105,0.4609443554950068
749,-0.5651381512923843,0.392811807226816
750,1.2576535046237898,0.3748952256558424
751,0.7555684532342042,0.35645905926891674
752,-0.4498817879853043,0.3653198823355081
753,-0.567970813787822,0.39171176955386694
754,1.0453439057541467,0.3406652568604337
755,0.14491780240723617,0.3275110157041527
756,1.277778628388728,0.4224181482671982
757,0.5341102315725912,0.3734340104997129
758,0.826515669858908,0.3325904542975642
759,-0.29282943388918214,0.3755306526993072
760,1.226696279027763,0.3238402825963121
761,0.026318920423444588,0.3377206117304893
762,1.8123262784765757,0.4128407195117974
763,1.0097975211144483,0.390357644941049
764,0.0992919993533643,0.3510404584950652
765,-0.6378687527089139,0.38293100346364695
766,0.2928789772112465,0.33702362876931274
767,-1.1604560422120687,0.38762387345828964
768,-0.020435940593104048,0.37045243252051113
769,0.5271431267826343,0.3306880285713664
770,-0.07706617713270614,0.3994581110287711
771,2.546776094685521,0.4837525964289509
772,1.1746890020905205,0.3760782983820904
773,0.25538832338564327,0.3499671871026475
774,0.8800125121016165,0.4048063985537102
775,-0.3372841250538945,0.34248692532912683
776,-0.5011329144662249,0.3552078969587154
777,1.3668386618784143,0.37640266391298544
778,1.1647959438033184,0.3883411083162507
779,0.874521595455844,0.3303416611411386
780,-1.0674238379127874,0.3930865594282712
781,-0.5329094125763436,0.4164677605663003
782,0.2852276327254398,0.32694543560392614
783,-0.2735160635209642,0.3975000870542668
784,-0.3197673448080186,0.3517718681938851
785,0.06647384850889927,0.3474892271171665
786,-0.3351894003318283,0.36681098054351063
787,0.06116409281674027,0.4192786052883301
788,1.4570706714738002,0.41454754491011503
789,0.05485062785711828,0.4219939984713035
790,-0.15322022326172868,0.4170171359616139
791,0.695562412054615,0.3375259774592296
792,0.4387313632924526,0.3906885637514272
793,0.2971361326293556,0.44956924636950324
794,1.0469834682368457,0.37646452615783743
795,1.7043175895179699,0.3942917348270371
796,-0.4714559488961916,0.40095384543721607
797,-0.1517417116903566,0.3530012853068779
798,-0.19362937636556432,0.3379833650157567
799,0.7178790691820076,0.39581388335623224
800,-0.03235606262899805,0.40042902138108943
801,1.3388279539939911,0.36750763685850346
802,0.574825127317644,0.3500882926008085
803,0.24387860672354286,0.32008633318537266
804,0.13272491656968155,0.3428746073004308
805,0.7180861798649268,0.34345582773995015
806,-0.32293429782431243,0.3977872734432128
807,1.4279235782935933,0.354487151896384
808,0.5318180894992225,0.3179812357126189
809,0.21708888723782174,0.37771329701659684
810,0.431243328868665,0.39305621357465514
811,-1.660748202380938,0.48138849966243596
812,1.1238982073085457,0.35997134370323763
813,-0.26469661474355494,0.3859292976267886
814,2.2223732931626854,0.44185327755659254
815,0.05900684680913428,0.36086901144858746
816,0.5090091544167027,0.4169850018657939
817,0.3577026969268423,0.33565304645219307
818,0.4706814171796702,0.3993534735558856
819,1.0403693818186197,0.3688130521075272
820,-0.45855194204287236,0.35583696988773433
821,1.8305222229454987,0.406565437936322
822,1.4650067816711965,0.39767650649325004
823,-0.07083537340558972,0.35805146785857767
824,1.4771926798665505,0.3844942694933051
825,-0.014672466316271372,0.38107203483979285
826,0.6134306627195978,0.3446718628932211
827,0.795959042647076,0.37763408488105116
828,0.8017536094293273,0.3669906913433033
829,-0.5582321409883074,0.36199675962663275
831,0.5886749963466924,0.34175791536707917
832,1.05326856961449,0.36953201774400657
833,0.6911931296437579,0.35158611226656666
834,0.37801751324900557,0.39905009817618203
835,0.29504825922068095,0.38248322627546516
836,0.9316786520576948,0.3441379397660729
837,-0.627618347531922,0.3426676546851955
838,0.7202965234082419,0.33421990266181295
839,0.42464243880984304,0.348965444711035
840,1.1936554635354393,0.3607429009083043
841,0.4523896406247766,0.33817114611496224
842,-0.002168765528133776,0.34657529914797197
843,-0.1376171470196658,0.37441879564822966
844,-0.8135919993533401,0.41828798213005053
845,1.3519162664007085,0.34932089955183526
846,0.001898078629155531,0.33806148013913306
847,2.700898456785551,0.512340504717994
848,0.13487300797471732,0.35299793179858774
849,0.23919813966921957,0.3187178624969118
850,0.05306657845155871,0.3531553203099428
851,1.7417308988282356,0.4000118951683616
852,-0.5419198595840651,0.3616742463538587
853,-2.2331467517396235,0.5450290119076038
855,0.7318027954134351,0.3480092034310146
856,-0.6697933183311703,0.3647497335491192
857,-0.3030263946130664,0.3725671947193629
858,-1.1343305651646798,0.4186826770156486
859,0.26234084269529806,0.34444991578265194
860,0.1420890304389014,0.3589594397075827
861,1.2942798181744617,0.35816986641100107
862,-0.4355447308274101,0.3521767819131333
863,0.20831529984375421,0.4052411891973657
864,-1.2102015871605902,0.40259867909926794
865,-0.6864419932132515,0.3741794359846079
866,0.8454326829154176,0.3892201018651589
867,0.5324568818882909,0.3240092845695779
868,-0.3277067017804408,0.38630118689999055
869,0.12037657938848166,0.3568430879122533
870,0.9791223190937721,0.39285078621868796
871,-0.8133757739487707,0.36341950305072857
872,0.027407906649514948,0.3618555305619888
873,0.9428742161475973,0.38904842929090844
874,-0.23699744334930434,0.4235165264529365
875,0.33567343008498746,0.3900813390365439
876,-0.5279221310877614,0.35507043496840635
877,1.617762282157732,0.4094459131378102
878,0.6832142704021452,0.39013722812592266
879,0.5886805777561561,0.39690111650756565
880,-1.5267935639141337,0.4419238956398996
881,-0.27778180016355275,0.353260177094769
882,0.42108284202517277,0.3135693289156417
883,-1.506859872176938,0.43292939564238364
884,-0.8719181749940549,0.37733079068646297
885,-1.169749108257247,0.46776671286852983
886,-0.18164404642370602,0.38458800860743336
887,0.4842078306991622,0.4325263401458972
888,-0.9223723557354057,0.37605016413411746
889,0.8266938213529859,0.3237726573725254
890,0.019776083679142988,0.3566223294413483
891,-1.5790633223488946,0.4486169861525935
892,-0.4081220754322541,0.3396440533513934
893,-1.6210174037608638,0.47179750479831806
894,-0.8640851666311521,0.39167254378687594
895,-0.6120474884460598,0.3832645070582118
896,0.030710259810265504,0.3566572618226158
897,-0.8719512186651184,0.3850374608601746
898,-1.2289613432679911,0.423413705720112
899,-0.2950636189564415,0.34247483813679597
900,-0.44369412254359647,0.3934793052061559
901,0.2213332759299486,0.3570728854207271
902,0.5743115787531904,0.3783504753300053
903,0.707503544557592,0.36494324916173443
904,-0.22165459300570733,0.32925529748906407
905,1.9273394753002264,0.42837617839663183
906,1.8064006016682355,0.44671128893674733
907,0.5368566027031045,0.32741014901856047
908,-0.727960308685192,0.36914302694789325
909,-0.26687784300012346,0.35977686851562446
910,0.5175627965216791,0.32757563999608175
911,1.213303011231555,0.392148439630461
912,0.07986700333139639,0.3527884029449824
913,0.8902994812405965,0.3650874945735074
914,-0.30952176636507,0.3522400430813449
915,1.8850274862870324,0.42742384014967333
916,0.7417463257023889,0.33987661811539893
917,1.7298535771771288,0.4463862681588202
918,0.8217526858132557,0.3986917859651572
919,1.2377780685839708,0.3582234746623612
920,0.19459346879512618,0.35465798437441454
921,-0.13981182056796868,0.35465825825033914
922,1.5885716131623895,0.37980185480984896
