id,theta,se,raw_sum,raw_z
1,0.362858198247402,0.31122670404940417,28,0.3963905079612156
2,-0.45381846491428135,0.38686422808319826,21,-0.21502799434975334
3,0.02873723535531675,0.4047222601558727,12,-1.0011374973209992
4,-1.4487102939941707,0.3799867134796957,5,-1.612555999631968
5,-0.20426138420959203,0.31462542848025343,18,-0.4770644953401686
6,-0.21294577748937699,0.3031294264076825,19,-0.38971899501003016
7,-1.1688362763392457,0.3633523104716597,9,-1.2631739983114143
8,-0.05517165188005763,0.3514728774215576,22,-0.1276824940196149
9,-1.0334386750364328,0.3453080883898799,9,-1.2631739983114143
10,0.13056650068110595,0.31101378561978543,23,-0.040336993689476484
11,-0.32116724693191967,0.3063597844259977,17,-0.564409995670307
12,-1.3087031443222652,0.3659467801414383,7,-1.4378649989716912
13,-0.41863260714942235,0.31814318689679427,16,-0.6517554960004455
14,0.33157974992384576,0.32750999753802784,29,0.48373600829135405
15,-0.25059689279172054,0.3098371232186746,18,-0.4770644953401686
16,-1.4602493777364227,0.3888138891253161,6,-1.5252104993018296
17,-0.7575954486590545,0.31948635481813,11,-1.0884829976511374
18,0.7007198280676349,0.31466599113333393,35,1.0078090102721846
19,0.6599929537370302,0.30846723189031283,33,0.8331180096119077
20,0.3737199964095175,0.3169223623939002,27,0.3090450076310772
21,-2.2526893000308803,0.49997065648959704,2,-1.8745925006223834
22,-0.7231458442660673,0.3567626291471712,12,-1.0011374973209992
23,-0.28583991613814125,0.3626125501461583,19,-0.38971899501003016
24,0.7234098897637892,0.31779648462930604,31,0.6584270089516309
25,-0.37845602223070735,0.3282327047667435,16,-0.6517554960004455
26,0.7107124660916682,0.34921249463537496,30,0.5710815086214924
27,-0.8325117425737117,0.38224070364260493,12,-1.0011374973209992
28,0.242092414904265,0.2972199554040316,27,0.3090450076310772
29,1.5779729119892218,0.3715903785125471,43,1.7065730129132919
30,1.2263114178259609,0.3931750318550375,27,0.3090450076310772
31,-0.9475531026196696,0.3584369815710668,8,-1.3505194986415527
32,-1.0672856112106406,0.3552546169322405,8,-1.3505194986415527
33,-0.8675313154675951,0.3372208016229774,9,-1.2631739983114143
34,-0.3743954289107897,0.3042543926852285,16,-0.6517554960004455
35,0.032650219981465285,0.3221681221164081,21,-0.21502799434975334
36,1.3019272316670703,0.4766221112591385,20,-0.3023734946798918
37,-0.15442381690119497,0.3241892075072302,17,-0.564409995670307
40,0.029603361988494618,0.30624107916533905,21,-0.21502799434975334
41,0.1926835901122454,0.30456157801899103,25,0.13435400697080035
42,-0.6254539128440956,0.3270157225486345,13,-0.9137919969908607
44,-1.0867369133082863,0.38220179003030885,10,-1.1758284979812759
45,0.07728033373933119,0.3389776076609473,25,0.13435400697080035
47,0.3728242964293106,0.3382651836671125,28,0.3963905079612156
49,0.5663609839067806,0.3217811164999528,28,0.3963905079612156
50,-0.3622677662517395,0.30731026048393056,15,-0.7391009963305839
52,0.33744227034819246,0.3844946479926506,20,-0.3023734946798918
54,-0.4238088425366053,0.3165971676992252,17,-0.564409995670307
55,0.6425672697489225,0.30451092860268036,33,0.8331180096119077
56,0.6775765743706158,0.28124712558984816,34,0.9204635099420462
57,-1.9977644156056398,0.4494510731348761,2,-1.8745925006223834
58,-1.5626419151705422,0.3936027229900602,4,-1.6999014999621065
59,-0.5756897170787882,0.34343688949680673,15,-0.7391009963305839
60,-0.2730288658521145,0.3133471076852212,18,-0.4770644953401686
61,-0.6233026076596596,0.4013286129659491,14,-0.8264464966607222
62,0.3160253398706664,0.3337500092404033,27,0.3090450076310772
63,-0.4254039840969726,0.3111884203429871,16,-0.6517554960004455
64,-1.2972035242757196,0.37786604538931673,5,-1.612555999631968
65,-0.8588531849633723,0.35025787979483175,11,-1.0884829976511374
66,-0.9221078467715178,0.3499322344727916,11,-1.0884829976511374
68,0.4807866957366558,0.37942379484790084,29,0.48373600829135405
69,-0.3566510185294171,0.3768066941798344,20,-0.3023734946798918
70,-0.20774067200993948,0.3241028995591252,21,-0.21502799434975334
71,0.16618081294937273,0.36352452890445763,25,0.13435400697080035
72,-2.658003699243645,0.5502862838798583,0,-2.0492835012826602
73,0.7413091385816897,0.3497811089184437,34,0.9204635099420462
74,0.9023692834105752,0.32022790860302314,35,1.0078090102721846
75,0.1477377277230257,0.29726404424853936,25,0.13435400697080035
76,-0.919513067934904,0.3871269025900195,10,-1.1758284979812759
77,1.1963738421981829,0.34024253219006945,39,1.3571910115927381
78,-0.0848462005575533,0.3566340978473388,22,-0.1276824940196149
80,0.05663217940074278,0.3453819991971127,26,0.22169950730093876
81,-0.9867201505997153,0.3441514026523344,11,-1.0884829976511374
82,0.48998263195350783,0.30192785691540663,31,0.6584270089516309
83,0.6043273608611927,0.2970322567433893,31,0.6584270089516309
84,0.9064864101818996,0.41410962004724383,36,1.095154510602323
85,-0.2892890364686745,0.3341007719196632,20,-0.3023734946798918
86,1.583173969971357,0.34950818355913366,44,1.7939185132434303
87,-0.5631783495851806,0.36597575619047806,20,-0.3023734946798918
88,-1.1762915096251023,0.37071792884487154,9,-1.2631739983114143
89,0.07499401261465129,0.3073147175981673,24,0.04700850664066193
90,0.23347310205730504,0.36830114896817195,25,0.13435400697080035
91,1.4058865609423457,0.33959038938996,43,1.7065730129132919
92,-0.5427732124232055,0.40406157206206966,19,-0.38971899501003016
93,-0.10552019407714794,0.38049315527233396,24,0.04700850664066193
94,-0.017829522978209306,0.36562670673561526,24,0.04700850664066193
95,-0.8563377058281298,0.40513050899780456,16,-0.6517554960004455
96,-0.149936661202501,0.3402418349355189,22,-0.1276824940196149
97,-0.3923996695856648,0.33336643393875487,19,-0.38971899501003016
98,-1.342830588362423,0.41224099727928515,8,-1.3505194986415527
99,-0.26582291267377645,0.3730057770273471,23,-0.040336993689476484
100,0.6274702792598136,0.35909307838892884,32,0.7457725092817693
101,0.24814600629503963,0.3831528173213395,25,0.13435400697080035
102,0.6274702792598136,0.35909307838892884,32,0.7457725092817693
103,0.4436173782925929,0.36840002798347876,30,0.5710815086214924
104,-0.6997220278259221,0.36200096923699004,17,-0.564409995670307
105,-1.7696170022229933,0.443427238515635,7,-1.4378649989716912
106,0.022899368231710095,0.3261258131312664,23,-0.040336993689476484
107,0.4739412967292054,0.36873712191195523,28,0.3963905079612156
108,-0.8490962636360163,0.3407630813497878,12,-1.0011374973209992
109,-0.9069433115992575,0.3428907264550984,12,-1.0011374973209992
110,-0.7847652829962747,0.32854364924728713,12,-1.0011374973209992
111,-0.2691214656082062,0.3709877567741446,22,-0.1276824940196149
112,-0.7989324550869147,0.39715054265014554,18,-0.4770644953401686
113,-0.2430036156198228,0.3276919284958418,19,-0.38971899501003016
114,0.23725368538189492,0.3732771699614079,26,0.22169950730093876
115,-0.4509340015898146,0.39067449410585386,19,-0.38971899501003016
116,-0.5830802731977,0.3390637694829724,16,-0.6517554960004455
117,-0.9218192636512632,0.36157950279931417,12,-1.0011374973209992
118,-0.34076842676192837,0.4111779443019152,9,-1.2631739983114143
119,0.5045354505519597,0.2899668671180189,32,0.7457725092817693
120,0.22132305099729965,0.3022951883428529,25,0.13435400697080035
121,-0.22309263013159109,0.4127722417575014,24,0.04700850664066193
122,0.1701917524356774,0.41293873783480184,27,0.3090450076310772
123,-0.10018654313475979,0.40923889666750274,24,0.04700850664066193
124,-0.31884810658194307,0.4225430229060991,21,-0.21502799434975334
125,-0.8936642977883911,0.38533039275107367,15,-0.7391009963305839
126,-0.5892350900966083,0.3631488144991151,19,-0.38971899501003016
127,-0.8273805467165115,0.4378252454701675,15,-0.7391009963305839
130,-0.15478642757991554,0.38876811358268043,23,-0.040336993689476484
131,-0.9157208305104815,0.3347790099380535,10,-1.1758284979812759
132,-0.11229250532423324,0.37075336075783943,24,0.04700850664066193
133,-1.6204974174677935,0.4359981635139204,12,-1.0011374973209992
134,-0.6452334499500244,0.41085521495245436,21,-0.21502799434975334
135,1.01451740208317,0.37125483937165854,36,1.095154510602323
136,-1.9948584565036447,0.4565473396809596,2,-1.8745925006223834
137,-0.4627536716565976,0.3538800663026767,17,-0.564409995670307
138,-1.2534095541623558,0.41991714727283735,15,-0.7391009963305839
139,0.1408296224427781,0.38754338503869384,26,0.22169950730093876
141,-0.002799427839040443,0.33140444851033846,23,-0.040336993689476484
142,0.2910517728581685,0.33654192654956866,28,0.3963905079612156
143,0.34225930852145203,0.37981760405233767,28,0.3963905079612156
145,0.6630132397348737,0.3134873514970684,33,0.8331180096119077
146,0.6607548154435287,0.3380731279538197,34,0.9204635099420462
147,0.3044821047071646,0.31653098665426355,27,0.3090450076310772
148,0.36780869812695666,0.3725459963641811,29,0.48373600829135405
149,0.3114355619657878,0.42990048019822913,30,0.5710815086214924
150,1.2737611040558816,0.4228300706362247,36,1.095154510602323
152,-0.9051252196392259,0.42797668731618493,15,-0.7391009963305839
153,-1.2008737491556718,0.3922594093508601,13,-0.9137919969908607
154,-0.877269400638505,0.37711693055537865,16,-0.6517554960004455
155,0.14929722851129476,0.31266748700808755,26,0.22169950730093876
156,-0.3514699598313761,0.3194202029777074,19,-0.38971899501003016
157,-1.1209894754982384,0.41693385686853535,15,-0.7391009963305839
158,-0.11906482424497998,0.42496733986009827,27,0.3090450076310772
159,-0.45789138708109,0.3861213918136081,20,-0.3023734946798918
160,-1.0696143931710778,0.35386127498064057,11,-1.0884829976511374
161,-0.8443259038565991,0.3576636019584139,14,-0.8264464966607222
162,0.11252482465008597,0.34793346803092967,26,0.22169950730093876
163,-0.3603182980846781,0.34207555650787125,18,-0.4770644953401686
164,-0.46441205711557043,0.4269733709393844,21,-0.21502799434975334
165,-2.053414590652246,0.47800468005668095,6,-1.5252104993018296
166,-0.23455125923790357,0.3773232320110807,23,-0.040336993689476484
167,-0.6731379324929994,0.41380116630942537,19,-0.38971899501003016
168,-0.1787636497850394,0.36865773432773197,21,-0.21502799434975334
169,-0.3328926260029676,0.3417765568855185,21,-0.21502799434975334
170,-0.46200189670762487,0.35474906788367067,18,-0.4770644953401686
171,-1.181898484556578,0.3923027329197615,12,-1.0011374973209992
172,0.8086564428316488,0.3419842570287057,34,0.9204635099420462
173,-0.2863919904494472,0.372822478316369,19,-0.38971899501003016
174,-0.7640077312375295,0.41049492192641274,16,-0.6517554960004455
175,-0.6098123915647713,0.38840776281732053,17,-0.564409995670307
176,-0.31958145000928134,0.3655422046247945,22,-0.1276824940196149
177,1.039130469590072,0.3031810963105618,39,1.3571910115927381
178,0.49749939601886695,0.3058012720866359,29,0.48373600829135405
179,0.4206196732882564,0.32691668268204815,29,0.48373600829135405
180,1.6049749921864769,0.36106347755521756,44,1.7939185132434303
181,1.3062670802797747,0.3450326790477842,39,1.3571910115927381
182,-0.09327221587166314,0.36216359562610506,26,0.22169950730093876
184,-0.24609508024739868,0.3346357122161071,20,-0.3023734946798918
185,-0.9748459875220068,0.3364768644311079,10,-1.1758284979812759
186,-0.75891848766702,0.3411807419751453,15,-0.7391009963305839
187,0.3771633967932651,0.33764328622016776,27,0.3090450076310772
188,0.7115801765291546,0.33601399952302535,32,0.7457725092817693
189,0.5917174809619182,0.34840143988836897,32,0.7457725092817693
190,0.9840305946477871,0.30585566440559286,38,1.2698455112626
191,0.7874012006133946,0.35186885354723735,32,0.7457725092817693
193,1.257740462366399,0.3896590009893802,35,1.0078090102721846
194,0.0453053397599435,0.3252301013943378,24,0.04700850664066193
195,0.5699005190390981,0.3371625544319142,29,0.48373600829135405
196,-0.11779028777662487,0.30987775236015475,22,-0.1276824940196149
197,1.7969503573611862,0.38604008055914807,45,1.8812640135735688
198,0.16787675331248383,0.31627615555798644,25,0.13435400697080035
199,0.8864539239328536,0.3362895203312854,35,1.0078090102721846
200,-0.369376197566776,0.38759400803648847,22,-0.1276824940196149
201,0.08590952145340572,0.3467729581149683,27,0.3090450076310772
202,2.041814341720793,0.37474240120030144,50,2.3179915152242607
203,-0.2336413470098806,0.3183458514798587,20,-0.3023734946798918
204,0.3890695700670749,0.34706972158421184,28,0.3963905079612156
205,-0.35633411935385334,0.3078531094282741,17,-0.564409995670307
206,0.2759739733866101,0.3246124409091486,27,0.3090450076310772
207,-0.1849896262894326,0.3097250371675008,19,-0.38971899501003016
208,-0.4945801382331268,0.3596570540583652,20,-0.3023734946798918
209,-1.7833215377707397,0.4120595665172893,4,-1.6999014999621065
210,2.6837313932692264,0.4558520428070578,54,2.6673735165448145
211,-2.0287204420384275,0.4606593909186963,3,-1.787247000292245
212,0.043780876266918935,0.37978500614766175,21,-0.21502799434975334
213,-1.2545455862952948,0.36628150676279303,8,-1.3505194986415527
214,-1.9958438712617734,0.46537526150232156,6,-1.5252104993018296
215,-1.3888971051921055,0.4411347521820946,6,-1.5252104993018296
216,0.37469411176056644,0.3575678177822792,30,0.5710815086214924
217,-0.4945801382331268,0.3596570540583652,20,-0.3023734946798918
218,-0.6202495177693662,0.359257057022728,17,-0.564409995670307
219,0.668409011340693,0.33431191980204794,33,0.8331180096119077
220,1.2416805590776612,0.3732661017786988,38,1.2698455112626
221,0.6107578148711595,0.3079233843413882,31,0.6584270089516309
222,0.9636660205732672,0.3249134152234107,37,1.1825000109324615
223,-0.41522276563020993,0.338136915761539,19,-0.38971899501003016
224,2.776617313628791,0.46278091627131346,55,2.754719016874953
225,1.1367431830886952,0.42589715324945865,33,0.8331180096119077
226,-0.613813985292237,0.33022697976949394,16,-0.6517554960004455
227,-0.778697018352635,0.38514103299108027,17,-0.564409995670307
228,-0.23579382838286264,0.31898589653660286,19,-0.38971899501003016
229,0.16644837444939686,0.30891497071163465,25,0.13435400697080035
230,0.058470354244022346,0.32672430886409554,25,0.13435400697080035
231,-0.3111964487896054,0.3179690042281344,19,-0.38971899501003016
232,-1.1383081410316018,0.34869051568835896,8,-1.3505194986415527
233,-0.5773519281763712,0.3312686903179104,15,-0.7391009963305839
234,0.3054133883852242,0.35748776168198787,26,0.22169950730093876
235,0.3121476480535149,0.3235615162247798,28,0.3963905079612156
236,-1.327011207786045,0.4245419078522502,11,-1.0884829976511374
238,-0.41454327304695454,0.36188779228367485,16,-0.6517554960004455
239,0.735125139357921,0.3035637751515933,34,0.9204635099420462
240,-1.657163762470463,0.3970927158870691,5,-1.612555999631968
241,0.4289859274362008,0.3192208381685295,30,0.5710815086214924
242,-0.5328488765101643,0.32930549925012104,16,-0.6517554960004455
243,-1.0496298174160608,0.3477286034305796,9,-1.2631739983114143
244,-1.1412521559915234,0.36509907602328895,9,-1.2631739983114143
245,0.3207883739273576,0.29177613182916623,26,0.22169950730093876
246,-2.658003699243645,0.5502862838798583,0,-2.0492835012826602
247,1.4443003323576118,0.36914931193413525,39,1.3571910115927381
248,2.580377066545068,0.4477056379646321,53,2.5800280162146763
249,0.020486111016892856,0.3550057098327882,23,-0.040336993689476484
250,-0.2400967395334687,0.35596996959034133,19,-0.38971899501003016
251,-1.9374437483172926,0.44007328792747763,3,-1.787247000292245
252,-1.1302739603700815,0.35966984820156006,8,-1.3505194986415527
253,-0.316944320023397,0.36087005578668735,21,-0.21502799434975334
254,0.6826873236910048,0.3270652633336329,30,0.5710815086214924
255,-0.29037918530023216,0.3288067754051122,18,-0.4770644953401686
256,0.19213324917864047,0.2996134080642278,25,0.13435400697080035
257,0.17953968428975695,0.2982473657544214,23,-0.040336993689476484
258,1.0039670190429972,0.3238805733796461,37,1.1825000109324615
259,0.26710050343941294,0.30805376080447133,26,0.22169950730093876
260,0.4519216353033728,0.29875832885006004,30,0.5710815086214924
261,-1.0417671720172332,0.3502344675437592,10,-1.1758284979812759
262,0.18087952570511825,0.33592794525160535,26,0.22169950730093876
263,-0.6782565105259816,0.33158799084039703,14,-0.8264464966607222
264,-1.2827074012955746,0.3856643236045504,9,-1.2631739983114143
265,0.1317893698977575,0.30543128165565037,24,0.04700850664066193
266,0.8617593152852531,0.3483112958895432,33,0.8331180096119077
267,-0.11577089603724937,0.38509096437187273,21,-0.21502799434975334
268,-0.37238998724561445,0.33717337490460264,20,-0.3023734946798918
269,1.0858977162193286,0.32480842097505463,38,1.2698455112626
270,-0.09587148421855123,0.31587792332116454,20,-0.3023734946798918
271,0.9410289294774918,0.33249482951192016,36,1.095154510602323
272,-0.7950441464223261,0.3350985751948553,12,-1.0011374973209992
273,-0.13876541383968372,0.3584319099352916,24,0.04700850664066193
274,-0.5789272936161863,0.3451159899813811,15,-0.7391009963305839
275,-0.7515227854448645,0.37967136849275307,17,-0.564409995670307
276,-0.21217098535460222,0.3432675579685514,21,-0.21502799434975334
277,-0.16612059496143625,0.3354357872980485,22,-0.1276824940196149
278,0.5811779020587627,0.34449099636853736,32,0.7457725092817693
279,0.04142327756015017,0.3339098853482372,24,0.04700850664066193
280,0.4076759693199335,0.3163024084597705,29,0.48373600829135405
281,0.4920094639285648,0.3027696155186557,30,0.5710815086214924
282,0.47936529639768727,0.31439022794375343,31,0.6584270089516309
283,0.09961209381347183,0.346275588080644,25,0.13435400697080035
284,0.08594858182237686,0.3422581554873363,27,0.3090450076310772
285,0.7222984774876433,0.32775620344102047,30,0.5710815086214924
286,0.368579706623817,0.36030466999753147,31,0.6584270089516309
287,0.217523116303198,0.3110276851829738,26,0.22169950730093876
288,1.5483652934664327,0.33658745419249225,45,1.8812640135735688
289,0.629140978317937,0.33485922350997865,33,0.8331180096119077
291,0.21389702856274628,0.3087977149104889,25,0.13435400697080035
292,0.09869680297715962,0.38015772558221794,19,-0.38971899501003016
293,0.0985952142625412,0.3202075910102608,25,0.13435400697080035
294,-0.4438722054619932,0.3037638949407112,15,-0.7391009963305839
295,-1.489200955863149,0.3872464021911014,6,-1.5252104993018296
296,0.014030143597611464,0.3068768843037498,21,-0.21502799434975334
297,0.31424672783958085,0.3700174989941402,21,-0.21502799434975334
298,0.6107755114462682,0.2897318016158844,33,0.8331180096119077
299,0.23471998509571912,0.28783900931446105,26,0.22169950730093876
300,0.23555859968738888,0.38918492031296803,22,-0.1276824940196149
301,0.23471998509571912,0.28783900931446105,26,0.22169950730093876
302,0.6247023962350153,0.3334622014930775,32,0.7457725092817693
303,1.0217025038342298,0.35422546124343524,34,0.9204635099420462
305,-0.13060017594516798,0.32722799395572505,21,-0.21502799434975334
306,0.2481443539119868,0.28676140024719465,26,0.22169950730093876
307,0.44875134358912083,0.3142518861713382,24,0.04700850664066193
308,-1.1843638153300209,0.3479926288807282,8,-1.3505194986415527
309,-1.6871974707496178,0.40755978127725245,4,-1.6999014999621065
310,-1.073657183496455,0.3394711256801632,9,-1.2631739983114143
311,-1.144240323118044,0.40130297640387025,5,-1.612555999631968
313,-0.8376142433351447,0.32818419139078703,9,-1.2631739983114143
317,0.3226439048909526,0.3026641895410747,28,0.3963905079612156
318,-0.13535623935116936,0.3777567809953651,23,-0.040336993689476484
319,0.04913483793741829,0.3190548530067098,22,-0.1276824940196149
320,-0.9913778332274253,0.35613961546354944,8,-1.3505194986415527
321,0.41696966944275893,0.2862425119388574,28,0.3963905079612156
322,0.5786518135446592,0.2991788114580096,30,0.5710815086214924
323,-2.117066710148663,0.4755634102485364,4,-1.6999014999621065
324,-0.8099231663710202,0.32803355577076315,11,-1.0884829976511374
325,-0.26701292418743644,0.32712841176009216,18,-0.4770644953401686
326,0.4135715124753916,0.31152458924426935,29,0.48373600829135405
327,1.0517499531197114,0.3097028998336161,41,1.531882012253015
328,0.8649086854922358,0.3386322232873754,35,1.0078090102721846
329,1.0332944289500856,0.3983432016997117,33,0.8331180096119077
330,2.6084168807172876,0.43621275478951593,54,2.6673735165448145
331,0.30140688280740713,0.3064744171153062,27,0.3090450076310772
332,-0.5826971738041552,0.3316243250035321,15,-0.7391009963305839
333,-0.45075769033390617,0.3063086550527166,15,-0.7391009963305839
334,-0.7671254025233817,0.32781621471093364,12,-1.0011374973209992
335,0.26249714179124745,0.3144213261981015,25,0.13435400697080035
336,-0.1007739083050213,0.3115195750031296,20,-0.3023734946798918
337,-0.5343405762426463,0.3071917802462461,12,-1.0011374973209992
338,-0.7267242518568414,0.3645333983137697,14,-0.8264464966607222
339,-0.9290637415050024,0.327950914893521,10,-1.1758284979812759
340,-1.1389924391192485,0.38592741625059945,11,-1.0884829976511374
341,0.8169090976228105,0.31643066354087174,35,1.0078090102721846
342,-0.2389214125696498,0.33134893536168053,18,-0.4770644953401686
343,-1.7734134300545927,0.4182739364100937,3,-1.787247000292245
344,-1.247817453083447,0.41785440321145145,7,-1.4378649989716912
345,-0.5636338392803091,0.3226868736139839,13,-0.9137919969908607
346,-0.2196549709307048,0.30038494468290117,18,-0.4770644953401686
347,-0.4844572596453561,0.32800291410062754,14,-0.8264464966607222
348,-1.0121160098615158,0.396731072595803,6,-1.5252104993018296
349,-0.16368790319537113,0.31516447136758763,18,-0.4770644953401686
350,0.498602524621527,0.3451930919734797,30,0.5710815086214924
352,-1.010551028568333,0.3347511747455577,9,-1.2631739983114143
353,0.26089551239919245,0.3079045225778294,27,0.3090450076310772
354,0.2232101602492737,0.3553409621733258,26,0.22169950730093876
355,-0.600975060514213,0.3322484273914688,15,-0.7391009963305839
356,-0.22172953633061201,0.4111641471592939,7,-1.4378649989716912
357,-0.48479769982690646,0.34180298727178104,17,-0.564409995670307
358,-0.2755420396918039,0.31093142630629417,18,-0.4770644953401686
359,-0.08668485336799636,0.29680879655401926,20,-0.3023734946798918
360,-0.033178806431572866,0.32082350351841454,23,-0.040336993689476484
361,1.0259304840962729,0.3463865312983971,36,1.095154510602323
362,-0.13505341263937642,0.37900165914683953,23,-0.040336993689476484
363,1.9636513173572292,0.36950680248059026,49,2.2306460148941225
364,0.6404828199536112,0.3130554217951906,33,0.8331180096119077
368,2.1113068099545553,0.3987746010229712,48,2.143300514563984
369,2.1890539874738786,0.40532445993908195,46,1.9686095139037072
370,2.078207905516707,0.40208585920024215,46,1.9686095139037072
371,1.1165583784985365,0.3042300705862226,39,1.3571910115927381
373,1.015766436959193,0.34647243013442863,35,1.0078090102721846
374,1.9945340053156058,0.3975633859874066,47,2.0559550142338456
375,-0.2511440309815127,0.312603100699443,19,-0.38971899501003016
377,-0.02009496748062215,0.34103177978177046,23,-0.040336993689476484
379,0.4229973287167593,0.3341459033507523,28,0.3963905079612156
380,-1.4171602700535266,0.37576507330593123,5,-1.612555999631968
381,2.5302616019916844,0.5042554861944143,40,1.4445365119228766
382,1.7833324471690326,0.40257880908285815,42,1.6192275125831534
383,0.5684007273422741,0.3051953762971091,32,0.7457725092817693
384,1.203557725787738,0.3033907750096947,43,1.7065730129132919
385,0.5095400747444353,0.29656470342551916,29,0.48373600829135405
386,1.3569785347616479,0.3225481755826741,44,1.7939185132434303
387,-0.6671956177961001,0.3136761579431362,12,-1.0011374973209992
388,-1.0124183940929143,0.35339492522238913,9,-1.2631739983114143
389,1.160615286545004,0.40809214569909663,35,1.0078090102721846
390,1.325196590417236,0.31256234182856313,43,1.7065730129132919
391,-0.5414318923014965,0.3134918561778218,14,-0.8264464966607222
393,1.3887344615592354,0.3627127484290802,41,1.531882012253015
394,0.8665740090738028,0.36609794819027475,31,0.6584270089516309
395,1.8417813482604835,0.34871878715092486,48,2.143300514563984
396,-1.5186708823080763,0.40148120887779637,5,-1.612555999631968
397,1.443169254658882,0.3311302200731217,44,1.7939185132434303
398,0.6944179049892378,0.3063851858813579,34,0.9204635099420462
399,0.7465691195685756,0.31607398464928976,34,0.9204635099420462
400,-0.5993531963142311,0.3222844025656599,13,-0.9137919969908607
401,0.48821810162798124,0.3629299348582326,31,0.6584270089516309
402,-0.18901829859355868,0.3125509581345928,19,-0.38971899501003016
403,-0.38575960199889275,0.31060754598724877,16,-0.6517554960004455
404,0.1050327391464825,0.31274180390679346,25,0.13435400697080035
405,1.1971692294166065,0.3263845566884724,39,1.3571910115927381
406,-1.0388729413290085,0.36772980973840036,9,-1.2631739983114143
407,-0.10999813413549113,0.3078068136044727,19,-0.38971899501003016
408,-0.8090932983578795,0.33943989157946375,13,-0.9137919969908607
409,-0.6134512720426326,0.34682390776087496,9,-1.2631739983114143
410,-0.4749059089034656,0.3211254053856211,14,-0.8264464966607222
412,-0.0653667934901939,0.3092439836808779,19,-0.38971899501003016
413,-0.5699432652008533,0.3492268871962911,16,-0.6517554960004455
414,-1.4857527735319884,0.3930267061680758,6,-1.5252104993018296
416,-0.7584080391507134,0.33239409465116715,14,-0.8264464966607222
417,-0.5291509228426142,0.38190501197376125,13,-0.9137919969908607
418,0.15923486113177485,0.3448091191150086,24,0.04700850664066193
419,0.3464340399659691,0.342447579243242,25,0.13435400697080035
420,-1.2077157518189061,0.35985562154910367,9,-1.2631739983114143
421,-0.975296076314309,0.3686569968346118,12,-1.0011374973209992
422,-1.2895081165187234,0.37285829184530567,7,-1.4378649989716912
423,-0.279498864403775,0.3306475557756271,19,-0.38971899501003016
424,1.3474976400535637,0.31642519232850763,45,1.8812640135735688
425,0.14108396078353289,0.30724795280040207,24,0.04700850664066193
426,0.16705640771715355,0.31027018740089024,25,0.13435400697080035
427,-0.5082477616716464,0.38176984220782434,10,-1.1758284979812759
428,1.1491185097636463,0.33486464048646014,38,1.2698455112626
429,0.7874654378612953,0.3279503691968354,32,0.7457725092817693
430,1.1306482479955104,0.31108515372848816,41,1.531882012253015
431,-1.324986682368187,0.3762770650818352,8,-1.3505194986415527
432,0.5307075956020435,0.32080011780024276,30,0.5710815086214924
433,1.8451311950211904,0.3800100850778111,45,1.8812640135735688
434,-0.2818001290263499,0.3307328451389825,19,-0.38971899501003016
435,1.4090617490913986,0.3364544297713331,43,1.7065730129132919
436,-0.498400001541657,0.3460765680465128,16,-0.6517554960004455
438,1.3015679423146866,0.39640605628926384,39,1.3571910115927381
439,-0.7619271398102769,0.32527789607543445,12,-1.0011374973209992
440,0.07205009458575647,0.3003758056101813,23,-0.040336993689476484
441,-0.557394008320864,0.357242283155117,20,-0.3023734946798918
442,-0.7070902920898285,0.3360713024099463,15,-0.7391009963305839
444,-0.4047233892184197,0.386452859617949,18,-0.4770644953401686
445,-1.1818492080948328,0.3719439257835888,7,-1.4378649989716912
446,-1.147245022676979,0.3702835023037666,8,-1.3505194986415527
447,0.8406484845724916,0.2993904318664066,36,1.095154510602323
448,2.487466508746855,0.42935774254235104,53,2.5800280162146763
449,-0.6697293901922973,0.3203457033028181,12,-1.0011374973209992
450,0.9897445489601162,0.308937938097818,38,1.2698455112626
451,-0.4891120543654797,0.3623315261312825,19,-0.38971899501003016
452,0.0674101904446886,0.3314151254627164,23,-0.040336993689476484
453,0.8095178058148776,0.3291708001104651,36,1.095154510602323
454,-1.7008931052858083,0.40720161782531106,4,-1.6999014999621065
455,-0.52981217037989,0.44117483793968976,16,-0.6517554960004455
456,-0.09625122783654821,0.3207640403845814,18,-0.4770644953401686
458,-1.5651540582270036,0.39749641834593497,6,-1.5252104993018296
459,0.5563074518118108,0.3405585117734376,30,0.5710815086214924
460,-0.8292290353460372,0.3570421962991139,8,-1.3505194986415527
461,-1.1198965680476913,0.34338095432871013,8,-1.3505194986415527
462,-1.9298731329625138,0.439113296986832,3,-1.787247000292245
463,-0.8008178135810498,0.35386860292023703,12,-1.0011374973209992
464,-0.46262005984236565,0.3164638459598787,15,-0.7391009963305839
465,-0.2092905036140486,0.35190474828695245,20,-0.3023734946798918
466,-0.7670406403832016,0.3316778714464776,13,-0.9137919969908607
467,-0.002090345832888767,0.3250026549328793,21,-0.21502799434975334
469,1.526367766612185,0.35394748390888164,43,1.7065730129132919
470,-0.18607976371753154,0.33615669156899797,17,-0.564409995670307
471,-0.9179137760042905,0.3391730386391256,11,-1.0884829976511374
472,0.7010091925625129,0.32113956606463195,35,1.0078090102721846
473,-0.06548055419440665,0.32859063852690595,24,0.04700850664066193
474,0.465731877035253,0.3168948843232808,32,0.7457725092817693
475,-0.14491327584319283,0.31326718074993554,20,-0.3023734946798918
477,0.1663390239100444,0.32754095517609894,25,0.13435400697080035
478,-1.8443976178127248,0.42384858833726147,3,-1.787247000292245
479,-0.3966923470786054,0.31719346009926463,18,-0.4770644953401686
480,0.2696355513104124,0.3076297648266567,28,0.3963905079612156
481,0.62560059620981745,0.3021827460417692,32,0.7457725092817693
482,1.0175140273240078,0.32817820040254164,38,1.2698455112626
483,0.03449751535841705,0.3265654679458138,21,-0.21502799434975334
484,0.9483355120423868,0.3255141052272254,35,1.0078090102721846
485,-0.12874702516336886,0.34206097221241666,21,-0.21502799434975334
486,-1.48911379077256,0.3948388987552651,4,-1.6999014999621065
487,-1.2206408441348577,0.3609797632959347,7,-1.4378649989716912
488,-0.4187978494101765,0.3038196425765954,16,-0.6517554960004455
489,-1.1590453729672008,0.3663853957558741,10,-1.1758284979812759
490,-0.5713315022175437,0.3190252555049732,14,-0.8264464966607222
491,1.7141455718459389,0.3482744402604013,48,2.143300514563984
492,-0.9703560389942782,0.3485276995291614,7,-1.4378649989716912
493,-0.5738117011225186,0.31036642913261797,13,-0.9137919969908607
494,-0.26231866417759125,0.34855877063544727,15,-0.7391009963305839
495,-0.03799917967461051,0.3120624220353115,23,-0.040336993689476484
496,0.5161416232423485,0.3287020882287504,28,0.3963905079612156
498,-0.5937229289585187,0.32667117415051816,14,-0.8264464966607222
499,-0.2575461922324265,0.327082596087683,19,-0.38971899501003016
500,-0.047658317542715566,0.2994295881294384,22,-0.1276824940196149
501,-0.6959653308826504,0.3253220204602238,11,-1.0884829976511374
502,-0.14020081078965427,0.30755527396399784,20,-0.3023734946798918
503,1.068749705233295,0.315489930661846,41,1.531882012253015
504,-1.0408609299326355,0.3531444920606954,10,-1.1758284979812759
505,-1.0511240720053476,0.3571303947187707,9,-1.2631739983114143
506,-1.4254471087732197,0.3933477563981442,9,-1.2631739983114143
507,0.836478456230474,0.327469304965138,35,1.0078090102721846
508,0.5244389982797912,0.3738334067309742,21,-0.21502799434975334
509,-1.5348962848893972,0.41329725488222024,7,-1.4378649989716912
510,0.2603794441422007,0.2922644282431461,25,0.13435400697080035
511,0.29540042640553005,0.3170824103152794,27,0.3090450076310772
512,1.2854042471338791,0.3348152461766103,40,1.4445365119228766
513,1.1042840923566204,0.3184712095815669,38,1.2698455112626
514,0.2214792910249947,0.3234833220405463,27,0.3090450076310772
515,-0.7742221375227827,0.3512238766508743,13,-0.9137919969908607
516,0.34407974900724025,0.30529282919693973,27,0.3090450076310772
517,0.7584659065910674,0.3048922018385222,35,1.0078090102721846
518,-0.6854789530474927,0.3334045409565994,13,-0.9137919969908607
520,1.2184818546552887,0.34467762185417106,37,1.1825000109324615
521,-0.9014500133522869,0.36095501324454576,13,-0.9137919969908607
522,0.14961486819979072,0.32352052359636185,22,-0.1276824940196149
523,0.06700573470971101,0.3377505541801687,24,0.04700850664066193
531,-1.078847618036881,0.3871820650007751,14,-0.8264464966607222
532,-1.545314672270065,0.3912882956330811,5,-1.612555999631968
533,-2.001284483093583,0.45864836778733464,3,-1.787247000292245
534,-1.238561771574088,0.3614267352180926,7,-1.4378649989716912
537,-0.27693032904715964,0.3401979814095991,21,-0.21502799434975334
538,-1.4835412812491253,0.39708701033948524,7,-1.4378649989716912
539,-0.2310019569350474,0.32206521428641166,18,-0.4770644953401686
540,-2.150432103249054,0.46941665108219793,2,-1.8745925006223834
547,-2.658003699243645,0.5502862838798583,0,-2.0492835012826602
550,-1.676594417465129,0.40666433869587054,4,-1.6999014999621065
551,-0.2923357436742913,0.31813173416226115,17,-0.564409995670307
552,0.040622844245103526,0.30643210256090186,23,-0.040336993689476484
553,-1.3941802859897878,0.37435846019690083,6,-1.5252104993018296
555,-2.4289738363592153,0.5101709302165564,1,-1.9619380009525218
557,-0.9889725736873183,0.35364660371228346,10,-1.1758284979812759
558,-0.7678959816042291,0.32065505393221544,11,-1.0884829976511374
559,-0.9593952403500157,0.3552706542934214,12,-1.0011374973209992
563,0.4243364913563879,0.315308438439414,30,0.5710815086214924
565,0.6209151619519235,0.3158460767740126,32,0.7457725092817693
566,1.1793324323351255,0.34354898733048045,38,1.2698455112626
567,0.14841652658495355,0.3191974493962996,26,0.22169950730093876
570,0.7056089087152019,0.3001225347266638,34,0.9204635099420462
571,-0.030422270687930127,0.3079139855766819,23,-0.040336993689476484
572,-1.3994396066655925,0.3752086677972164,6,-1.5252104993018296
573,-0.7143090967000242,0.31931978883996537,13,-0.9137919969908607
574,-0.4757981223340116,0.30259974148095126,14,-0.8264464966607222
575,-0.3219220204338291,0.29329993709631036,16,-0.6517554960004455
576,-0.47846585890145443,0.31570858845116667,15,-0.7391009963305839
577,0.07299947439913822,0.3187221159910314,25,0.13435400697080035
578,-0.565307991674985,0.31881003635174116,14,-0.8264464966607222
579,-1.203100037291861,0.35595056498442673,7,-1.4378649989716912
580,-0.08961959629834669,0.31213752685332796,21,-0.21502799434975334
581,0.634261921556089,0.3045349573965278,32,0.7457725092817693
582,2.5817812266103877,0.4400809013703249,51,2.4053370155543994
583,1.206618209695048,0.32321002386665376,42,1.6192275125831534
584,1.2127797110292076,0.31791410213133303,43,1.7065730129132919
585,0.291687063751064,0.3280114858532933,27,0.3090450076310772
586,-0.19498257290687368,0.29891675973412557,19,-0.38971899501003016
587,-0.5488979534101666,0.31743194992740886,14,-0.8264464966607222
588,-0.978293057947696,0.3800942961989852,13,-0.9137919969908607
589,0.3008565505295197,0.2983554156263607,26,0.22169950730093876
590,-0.6791075836532909,0.3322505203368288,14,-0.8264464966607222
591,-0.6649726675421329,0.35608020532383416,15,-0.7391009963305839
592,0.3104062418446762,0.3293247571494226,26,0.22169950730093876
593,-0.8147173054253946,0.32942526093324304,11,-1.0884829976511374
594,-0.07841114792790119,0.29909517750342773,20,-0.3023734946798918
595,-0.6225595369393447,0.31811188379155647,14,-0.8264464966607222
596,-0.7476922054446095,0.3407344246042188,13,-0.9137919969908607
597,0.8452428256784322,0.3365196622740693,33,0.8331180096119077
598,-0.12975577648829134,0.3076258526341746,21,-0.21502799434975334
599,-0.2826575936142999,0.32079995419241375,19,-0.38971899501003016
600,-1.2253249795330377,0.36068904445127037,7,-1.4378649989716912
601,-1.0526161402968068,0.35777690541351004,11,-1.0884829976511374
602,-0.4125113549721547,0.31967852191412227,16,-0.6517554960004455
603,-0.23943578733390591,0.3524419111539732,20,-0.3023734946798918
604,0.1687304736101995,0.3532688082318673,29,0.48373600829135405
605,0.03233791473514839,0.30943271375010245,21,-0.21502799434975334
606,-2.3044496615460486,0.4912863056031879,1,-1.9619380009525218
607,-0.2555302347399379,0.32260539089249035,21,-0.21502799434975334
608,0.6703226298545228,0.31457540168131765,33,0.8331180096119077
609,-0.14323639295489016,0.3123285034640514,22,-0.1276824940196149
610,-0.7854783489659246,0.4004317175788021,15,-0.7391009963305839
611,-0.33522991528015983,0.3480609131202176,19,-0.38971899501003016
612,-0.9472582497770182,0.3307827527150463,9,-1.2631739983114143
613,-0.5059311338330085,0.3256834060473994,16,-0.6517554960004455
614,0.7460861217036215,0.3276422651958031,36,1.095154510602323
615,0.4723816533194623,0.33672378333534786,31,0.6584270089516309
616,1.7906756603381076e-4,0.31517540507990066,24,0.04700850664066193
617,0.607094436526133,0.3021634640753857,33,0.8331180096119077
618,0.5175783258606035,0.3168732144947082,31,0.6584270089516309
619,0.17297850284013172,0.3146365589370126,25,0.13435400697080035
621,-1.156240287084113,0.3708427188186048,10,-1.1758284979812759
622,1.1851088199101725,0.32260278786096386,39,1.3571910115927381
623,0.9305967496335626,0.329345631125602,35,1.0078090102721846
624,0.5984152424733139,0.3397923564140778,31,0.6584270089516309
625,0.5124580217206107,0.2973470206248793,32,0.7457725092817693
626,-0.5048266852386104,0.31994693043931366,15,-0.7391009963305839
627,-1.4250054955597975,0.3933970973389032,8,-1.3505194986415527
628,-0.09219229361084409,0.4049734017934413,23,-0.040336993689476484
629,1.2001472995601057,0.3226266604265561,38,1.2698455112626
630,-2.4289738363592153,0.5101709302165564,1,-1.9619380009525218
631,-0.6893503808973096,0.348682139408802,14,-0.8264464966607222
632,-2.658003699243645,0.5502862838798583,0,-2.0492835012826602
633,2.651374361441016,0.4655040494682916,50,2.3179915152242607
634,-0.5530708065502367,0.32268905619733484,14,-0.8264464966607222
635,-0.05011521261739092,0.3097337992448581,19,-0.38971899501003016
636,-0.45866196710946183,0.3203155573664449,16,-0.6517554960004455
637,-0.045754927134976094,0.32683927848660355,20,-0.3023734946798918
638,-0.5635971055770441,0.35360909309050537,17,-0.564409995670307
639,0.1649870099446634,0.32732823882117,26,0.22169950730093876
640,0.8719866832853229,0.33675057301818206,31,0.6584270089516309
641,-0.8670511716312076,0.3586441825026524,13,-0.9137919969908607
642,-0.12372482030034083,0.3733851640934513,16,-0.6517554960004455
643,0.6170073494335538,0.31168547421262877,32,0.7457725092817693
644,1.2967078714181366,0.3492091440292575,41,1.531882012253015
645,0.129005793040503,0.3586068724773721,28,0.3963905079612156
646,0.0123463837769438,0.3715576797137617,26,0.22169950730093876
647,0.23327392808341052,0.31560719305329693,28,0.3963905079612156
648,1.1539789223736223,0.33871962904314507,40,1.4445365119228766
649,0.526252208630792,0.31050721514550605,32,0.7457725092817693
650,1.1842141348697264,0.31339972842642577,40,1.4445365119228766
651,1.8754002720930387,0.37553857848121497,48,2.143300514563984
652,1.2777027102104153,0.3448359752851103,41,1.531882012253015
653,1.407450605877505,0.33853467248950125,43,1.7065730129132919
655,0.43388164470571555,0.31672171903395924,29,0.48373600829135405
656,1.0619486195346703,0.31820242727042725,39,1.3571910115927381
657,1.5367502296408126,0.38871463967585934,43,1.7065730129132919
658,-0.05457079438526184,0.35513904884804315,22,-0.1276824940196149
659,-1.3050759581179512,0.37604812256256126,8,-1.3505194986415527
660,0.8750511944670946,0.33234828456715365,35,1.0078090102721846
661,-0.182031300500643,0.3615864375050047,21,-0.21502799434975334
662,1.557270954270389,0.39034383356540414,41,1.531882012253015
663,-1.6443611573190446,0.4168066982896385,5,-1.612555999631968
664,0.667446697643523,0.35948699504093223,30,0.5710815086214924
665,-1.0816912530790181,0.35114269356859384,9,-1.2631739983114143
666,-1.416754591815351,0.4268152424859081,8,-1.3505194986415527
667,0.36275001843114707,0.4279596550355058,28,0.3963905079612156
668,-1.3511990158072629,0.3914267913340096,9,-1.2631739983114143
669,0.898207807239584,0.39955395353322154,34,0.9204635099420462
670,-0.7549665671081112,0.38618492031605123,17,-0.564409995670307
671,-0.6786362562228265,0.3518187065819112,17,-0.564409995670307
672,0.017370938798966562,0.34693452016451615,25,0.13435400697080035
673,-1.3056727508902337,0.37700117991482185,9,-1.2631739983114143
674,-1.2036753883330598,0.3917482319596051,14,-0.8264464966607222
675,-0.5477644792903217,0.4158413078085456,17,-0.564409995670307
676,-0.9375167388945468,0.35606270978219995,11,-1.0884829976511374
677,0.4477437114756031,0.3180920000872961,30,0.5710815086214924
678,0.2110659000839593,0.4201281632888461,27,0.3090450076310772
679,0.575771299447043,0.39615479766087935,32,0.7457725092817693
680,-1.2799540256408182,0.4043202799283231,13,-0.9137919969908607
681,0.4059491825296603,0.3874140321375205,30,0.5710815086214924
682,0.24924334616437288,0.38805480285973687,29,0.48373600829135405
683,1.2357245888035413,0.36062579139229034,38,1.2698455112626
684,-0.8047492793604747,0.3491981224628465,14,-0.8264464966607222
685,-0.1371293681113187,0.38242453048705216,24,0.04700850664066193
686,1.4112076723789202,0.37708419571774726,41,1.531882012253015
687,0.9212294699413011,0.35924504127656,36,1.095154510602323
688,0.7692149654085434,0.3780022057676401,35,1.0078090102721846
689,0.061191507249241474,0.3285996187511151,25,0.13435400697080035
690,-0.40031549228177415,0.3284569386490714,19,-0.38971899501003016
691,-1.4056090002246695,0.4281795176470187,12,-1.0011374973209992
692,1.9479192839464863,0.40463651069121764,44,1.7939185132434303
693,0.4127363874397658,0.33467889286821156,31,0.6584270089516309
694,0.6120308767383941,0.35187497264555667,31,0.6584270089516309
695,-0.7832295294062273,0.3533782806087305,11,-1.0884829976511374
696,-0.21747619533747262,0.32244507574144227,21,-0.21502799434975334
697,1.591947334578115,0.3626030678421662,44,1.7939185132434303
698,-1.2875016711044491,0.37939542357737477,10,-1.1758284979812759
699,-1.5542187780412458,0.4038064256505562,9,-1.2631739983114143
700,0.09390552800201468,0.3354850688725441,25,0.13435400697080035
701,-0.5133864348892527,0.3651741411015917,20,-0.3023734946798918
702,-1.523942693562174,0.4164980800799736,10,-1.1758284979812759
703,-0.47675191851598697,0.3953192649416121,21,-0.21502799434975334
704,-0.860149510099522,0.3934875093176684,12,-1.0011374973209992
705,-0.3996002524726839,0.3226786769898971,18,-0.4770644953401686
706,-0.4111307893840503,0.36242739671410745,21,-0.21502799434975334
707,-0.028067595459706107,0.3839602459337436,23,-0.040336993689476484
708,-0.2596032524561842,0.36623274894178104,24,0.04700850664066193
709,1.2880395471835557,0.3429441797932363,41,1.531882012253015
710,0.5591773102498884,0.3756106601980312,33,0.8331180096119077
711,-0.7396406186664415,0.34745210549711486,15,-0.7391009963305839
712,0.3066489621671735,0.3511722564553856,26,0.22169950730093876
713,0.08086172324924945,0.35771145510862223,26,0.22169950730093876
714,-0.23886660153282102,0.33947938147526563,21,-0.21502799434975334
715,0.12113252929381389,0.32849481948653947,25,0.13435400697080035
716,-0.6309118754013361,0.33772492607120086,16,-0.6517554960004455
717,0.025388396437644466,0.34863911668778946,25,0.13435400697080035
718,0.26604933256931806,0.34736945877852626,28,0.3963905079612156
719,-0.44278264403708484,0.38199559766677077,16,-0.6517554960004455
720,-1.037969671946184,0.3518104769706737,10,-1.1758284979812759
721,-0.8179115236632464,0.33559500587791574,13,-0.9137919969908607
722,-1.5783901191601508,0.3924476259567679,4,-1.6999014999621065
723,0.12468302998890086,0.3209523165244331,26,0.22169950730093876
725,0.8741516183633015,0.35652814568655683,31,0.6584270089516309
726,0.1609452687117763,0.36235215175219954,24,0.04700850664066193
728,0.08391224486953255,0.3316543461791609,24,0.04700850664066193
729,-1.042652139428981,0.41057932280468645,13,-0.9137919969908607
730,0.19731415540628866,0.3339564711406911,26,0.22169950730093876
731,0.5442455400180387,0.3291646789827479,31,0.6584270089516309
732,1.0827585582070565,0.33828738685149684,41,1.531882012253015
733,1.7152654590174599,0.3505082700845564,49,2.2306460148941225
734,0.32066157389618394,0.3014798941967993,26,0.22169950730093876
735,0.8104841634071716,0.3101326837897507,36,1.095154510602323
736,-0.039960719026409186,0.31721569640153957,22,-0.1276824940196149
737,-1.067227129752521,0.36969703884345245,10,-1.1758284979812759
738,-1.6028864933493556,0.40054257107047175,6,-1.5252104993018296
739,0.6974866035328977,0.34363968839143977,34,0.9204635099420462
740,-0.3632615374271436,0.3191535208265216,18,-0.4770644953401686
741,1.7145541424793975,0.3626102209647558,46,1.9686095139037072
742,0.26342321251587647,0.4065634844042124,27,0.3090450076310772
743,0.9674451270251848,0.30889133494578047,39,1.3571910115927381
744,0.05153159055826048,0.3195907777292525,24,0.04700850664066193
745,1.9018255423200943,0.38244567605460084,47,2.0559550142338456
746,1.8504576352647604,0.38808137485999944,47,2.0559550142338456
747,1.026205708578247,0.3029244658316218,39,1.3571910115927381
748,2.1025790465263183,0.4091364602079132,49,2.2306460148941225
749,-0.823101235859854,0.3715530497336557,16,-0.6517554960004455
750,1.3751884891707042,0.34942895114712036,42,1.6192275125831534
751,0.6636412300688191,0.32676264348798484,29,0.48373600829135405
752,-0.26659435449183383,0.3244266757631589,21,-0.21502799434975334
753,-0.7396782542452109,0.3648573972523647,13,-0.9137919969908607
754,1.169074570049079,0.3287418541478761,40,1.4445365119228766
755,0.08214770199215761,0.30198219853804936,24,0.04700850664066193
756,1.5934830996026619,0.3939050269856227,43,1.7065730129132919
757,0.7892497733198106,0.3328798346608364,35,1.0078090102721846
758,0.5588082627939657,0.30827029165839953,31,0.6584270089516309
759,-0.2783896224900703,0.3438306672388245,18,-0.4770644953401686
760,1.3562018305500696,0.3069905854789932,45,1.8812640135735688
761,0.12975344357057939,0.3162995521928352,25,0.13435400697080035
762,1.585659241550068,0.36740747632213944,44,1.7939185132434303
763,1.0739111267340462,0.3594192382872639,38,1.2698455112626
764,-0.061313652834981316,0.3233816144239925,24,0.04700850664066193
765,-0.7331109005677829,0.3433123302101197,14,-0.8264464966607222
766,0.4031843051981717,0.31594244238182445,30,0.5710815086214924
767,-1.3088484303343446,0.36335943873578747,7,-1.4378649989716912
768,0.30013015293308426,0.34128368822178634,28,0.3963905079612156
769,0.47144064258604595,0.3044988743994103,31,0.6584270089516309
770,0.19388543846152026,0.37331005780185095,28,0.3963905079612156
771,2.592383472835738,0.445125225599783,54,2.6673735165448145
772,1.135662195218055,0.35055992529541496,38,1.2698455112626
773,0.07873601625000737,0.3191091688365895,24,0.04700850664066193
774,0.9618995354045924,0.38845217482522437,34,0.9204635099420462
775,-0.2501121656813104,0.3063957788112431,18,-0.4770644953401686
776,-0.5125072269340147,0.3203615937095396,16,-0.6517554960004455
777,0.969201552289948,0.34287588957394083,37,1.1825000109324615
778,1.1774515267752976,0.3607858347373996,39,1.3571910115927381
779,1.1702596911981087,0.3174835576408518,42,1.6192275125831534
780,-1.0304776908325615,0.3586340599346908,10,-1.1758284979812759
781,-0.556787768616715,0.37134533102269085,18,-0.4770644953401686
782,0.36612340628096185,0.30756730873661486,27,0.3090450076310772
783,-0.1977562247649328,0.3502052572855621,20,-0.3023734946798918
784,-0.5404149700250476,0.32775611155617584,16,-0.6517554960004455
785,0.2016037198730723,0.3214894515485238,29,0.48373600829135405
786,0.13588395122873997,0.33665397486311527,26,0.22169950730093876
787,0.5089712713859538,0.37453889420025366,31,0.6584270089516309
788,1.367777562429236,0.38865227941988856,40,1.4445365119228766
789,0.17642220579210668,0.3939999931375959,26,0.22169950730093876
790,0.11577730781725522,0.3801658755132374,28,0.3963905079612156
791,0.7915502797841582,0.32012000957462755,36,1.095154510602323
792,0.31517781066221423,0.36348889690712044,28,0.3963905079612156
793,0.7726507630097613,0.3898704591093589,33,0.8331180096119077
794,1.098621067913087,0.35637470953949096,39,1.3571910115927381
795,1.4592363685855265,0.35951412709610947,40,1.4445365119228766
796,-0.27017431637360134,0.361030759611059,19,-0.38971899501003016
797,0.06258035520546708,0.3175027853924133,26,0.22169950730093876
798,-0.030455912358466914,0.3070831158784126,24,0.04700850664066193
799,0.8015199131753531,0.3506812463842676,34,0.9204635099420462
800,-0.2477293408881628,0.373689895607236,20,-0.3023734946798918
801,1.642861209775017,0.3556429788191666,46,1.9686095139037072
802,0.7175336655468213,0.32740416229489955,34,0.9204635099420462
803,0.3991831566000933,0.2967582449917316,29,0.48373600829135405
804,-0.006369965297264474,0.3181801391216952,22,-0.1276824940196149
805,0.7653174819159326,0.3157385230566709,36,1.095154510602323
806,0.03622994290412008,0.35715718273577934,24,0.04700850664066193
807,1.3310785993905112,0.32531312536008167,41,1.531882012253015
808,0.46004041651082606,0.29332852609139937,29,0.48373600829135405
809,0.047230560726594005,0.35380875445410703,25,0.13435400697080035
810,0.2934971733110038,0.34938969878410103,25,0.13435400697080035
811,-2.025521905245555,0.4752811555449465,6,-1.5252104993018296
812,1.011440799762053,0.32797608706811704,37,1.1825000109324615
813,-0.11024201230444738,0.33289315116356616,22,-0.1276824940196149
814,2.0208444312752794,0.3933402830834638,48,2.143300514563984
815,0.043314224713607186,0.32651881859764903,25,0.13435400697080035
816,0.6109159078380684,0.3842253641934091,31,0.6584270089516309
817,0.26637936219287645,0.3094039206030233,28,0.3963905079612156
818,0.36728352885560317,0.3676513330773489,22,-0.1276824940196149
819,1.2007441255181295,0.3395742698056913,41,1.531882012253015
820,-0.5418319862156868,0.32540513779936725,15,-0.7391009963305839
821,1.914399494169337,0.38096956425255174,47,2.0559550142338456
822,1.500082990975381,0.36645738731240957,42,1.6192275125831534
823,-0.2732810656421806,0.32402714821079204,19,-0.38971899501003016
824,1.473866493248694,0.35478760847698,42,1.6192275125831534
825,0.04480627895971147,0.33827774021482643,25,0.13435400697080035
826,0.47136926974957977,0.313565770984022,29,0.48373600829135405
827,0.9103125193565683,0.3489148852750018,37,1.1825000109324615
828,0.955161868012503,0.34676337898398046,37,1.1825000109324615
829,-0.33915899250761605,0.3208287052841038,18,-0.4770644953401686
831,0.9374500262058175,0.32599560368779645,39,1.3571910115927381
832,1.1817505113451898,0.35328336856556086,38,1.2698455112626
833,0.6555297450504034,0.329665754275026,33,0.8331180096119077
834,0.11915521628240573,0.3732223407242064,22,-0.1276824940196149
835,0.23122648581532051,0.3493364942592973,28,0.3963905079612156
836,0.8092886036690414,0.31770585453016903,36,1.095154510602323
837,-0.6262371150537887,0.31717052063521856,14,-0.8264464966607222
838,0.8121101209172347,0.30951122940725306,36,1.095154510602323
839,0.21289519726988526,0.3297441558353025,24,0.04700850664066193
840,1.1058211495851855,0.3219991097114159,40,1.4445365119228766
841,0.5460466811918921,0.3087555636113933,33,0.8331180096119077
842,0.2238516223990682,0.31253033064354924,27,0.3090450076310772
843,0.002694402306912829,0.3522242670394278,22,-0.1276824940196149
844,-0.4024715121267926,0.37498569947449556,22,-0.1276824940196149
845,1.2627442624115122,0.3243400255329351,41,1.531882012253015
846,0.001502509958070797,0.3111411744901786,21,-0.21502799434975334
847,2.8385976703416222,0.48852687422803676,54,2.6673735165448145
848,-0.2678373780414701,0.34470269350059557,18,-0.4770644953401686
849,0.24792800347007793,0.2930920368194201,27,0.3090450076310772
850,0.399008697166922,0.32045784606419364,29,0.48373600829135405
851,1.7672387707979844,0.37563537973898253,47,2.0559550142338456
852,-0.6473510243268799,0.3413385008991961,14,-0.8264464966607222
853,-2.419421233979417,0.5115455103783505,1,-1.9619380009525218
855,0.8164153922787108,0.32245337339533314,33,0.8331180096119077
856,-0.7935513264229375,0.33834161040588984,12,-1.0011374973209992
857,-0.33874039738426226,0.3501703878598608,20,-0.3023734946798918
858,-1.102759055414788,0.36494315408749933,7,-1.4378649989716912
859,0.10534916888223762,0.31925728752318683,24,0.04700850664066193
860,0.12070875955554235,0.3298268238745497,24,0.04700850664066193
861,1.272628609544072,0.3267904787296294,40,1.4445365119228766
862,-0.6782061825031372,0.3311111633923733,12,-1.0011374973209992
863,0.3728765976705055,0.35096429621640995,29,0.48373600829135405
864,-1.293331085490621,0.38082014514200635,7,-1.4378649989716912
865,-0.5460276044990569,0.33692977126331525,16,-0.6517554960004455
866,0.9692031104105704,0.3659808348858601,36,1.095154510602323
867,0.5792322810660546,0.3049770458442577,31,0.6584270089516309
868,-0.4322802852052836,0.3636079354578343,15,-0.7391009963305839
869,0.0648916457063338,0.32722465433485726,21,-0.21502799434975334
870,1.1613123993134327,0.353918585610012,41,1.531882012253015
871,-0.9870885849760678,0.34086459015237996,9,-1.2631739983114143
872,0.4163448742992053,0.33401452397589076,29,0.48373600829135405
873,0.9980533104941347,0.35350893015897933,35,1.0078090102721846
874,-0.019859548563906152,0.4046668952857702,25,0.13435400697080035
875,-0.0171747816840025,0.3717838191864095,25,0.13435400697080035
876,-0.33646355447776666,0.3286450629579559,20,-0.3023734946798918
877,1.6585949898121586,0.38775596146686775,39,1.3571910115927381
878,1.1077538883334168,0.36819005210842143,39,1.3571910115927381
879,0.5974559491806707,0.34606094930922227,29,0.48373600829135405
880,-1.7517324388644488,0.41903315239506816,5,-1.612555999631968
881,-0.5210665068014912,0.3349554438253277,15,-0.7391009963305839
882,0.25061541654313174,0.29397590520828926,26,0.22169950730093876
883,-1.6520997416597258,0.4014018729295888,4,-1.6999014999621065
884,-1.0828044621310262,0.3550234556950341,9,-1.2631739983114143
885,-1.1897278476034132,0.414824920893739,12,-1.0011374973209992
886,-0.19849454661044005,0.34000651200440696,21,-0.21502799434975334
887,0.7358375098407165,0.40009250170431,33,0.8331180096119077
888,-0.7464713373143292,0.3366662737528179,13,-0.9137919969908607
889,0.9335518574387391,0.3036273948058855,37,1.1825000109324615
890,-0.0748629791223256,0.32026424262906156,22,-0.1276824940196149
891,-1.4674760588075488,0.38524173945553036,7,-1.4378649989716912
892,-0.1300408407094622,0.31625400050576147,22,-0.1276824940196149
893,-1.179710956058622,0.3899768943938143,13,-0.9137919969908607
894,-0.9032510699939513,0.3521859546828519,12,-1.0011374973209992
895,-0.4083834878447485,0.3483322190339411,18,-0.4770644953401686
896,-0.19859911205567615,0.33512784338878104,20,-0.3023734946798918
897,-0.6690115987426101,0.34240202759228805,15,-0.7391009963305839
898,-1.0995911902611144,0.3880264131947482,14,-0.8264464966607222
899,-0.11227918656885098,0.3122190763027264,21,-0.21502799434975334
900,-0.20650865938288698,0.3558657766741787,24,0.04700850664066193
901,0.4299186176026539,0.3323607416768377,31,0.6584270089516309
902,0.7564061447116173,0.3357118174116158,34,0.9204635099420462
903,0.6758447742466739,0.34071465458606653,31,0.6584270089516309
904,-0.14556136525617733,0.3005759804785415,21,-0.21502799434975334
905,1.7922393569898467,0.38903388947302986,43,1.7065730129132919
906,1.8275352776679674,0.4006931644637526,45,1.8812640135735688
907,0.45985874053705345,0.3055085723240745,29,0.48373600829135405
908,-0.7674367977470669,0.33151197081055783,12,-1.0011374973209992
909,-0.2620939510751166,0.3198471944002462,18,-0.4770644953401686
910,0.47680210929521427,0.30362094127497957,29,0.48373600829135405
911,1.0734481516587009,0.36449635177942513,35,1.0078090102721846
912,0.11940734567650536,0.3253083016591307,22,-0.1276824940196149
913,0.6417560001689371,0.3363847481824169,32,0.7457725092817693
914,-0.5926660696510738,0.3316208900179938,14,-0.8264464966607222
915,1.5325666185894742,0.37740629915361273,41,1.531882012253015
916,0.7691044025135736,0.3218468694203824,33,0.8331180096119077
917,1.8389209795804835,0.4181171689881222,42,1.6192275125831534
918,1.1849311023629152,0.37127532282639736,37,1.1825000109324615
919,1.4440651163066724,0.33573727777734835,44,1.7939185132434303
920,0.086708852597258,0.317280491000486,24,0.04700850664066193
921,-0.12097901317840123,0.31599629971305687,21,-0.21502799434975334
922,1.5647955708432315,0.3454496121336799,45,1.8812640135735688
