id,theta,se,theta_cal
1,0.3792853638964496,0.34182461056317803,0.39000969386539186
2,-0.3055940389127728,0.4365546717694039,-0.26975087210841947
3,0.17542793520703132,0.41263709633570417,0.19362899971921155
4,-1.5821130249381703,0.43691590292980903,-1.4994518752951533
5,-0.11799334886098396,0.346581958103407,-0.08903067970963725
6,-0.13180309637796267,0.3314549060006424,-0.10233393689679385
7,-0.9013710570461486,0.379257800524529,-0.8436769984681546
8,0.0694028182213479,0.3857849257127792,0.09149249086379865
9,-0.9535411095723544,0.384791042027684,-0.8939336469239132
10,0.36944229369175646,0.3279088310225774,0.3805276309758801
11,-0.24137010105318585,0.3275613230571822,-0.20788243013526955
12,-1.293808385984779,0.4066546609615162,-1.2217211814115918
13,-0.4030614445611024,0.3466910046113954,-0.3636435347447546
14,0.615511355399925,0.3610153703908297,0.6175717919702335
15,-0.09030757641914287,0.3351327416278963,-0.06236031873699266
16,-1.697892735860614,0.4616072036110511,-1.6109852157535667
17,-0.7092016637977836,0.3512282431667634,-0.6585556659644493
18,0.535955043914979,0.3371222827293219,0.5409333109810224
19,0.772434372531783,0.3387092257112601,0.7687394547332969
20,0.6088958130889743,0.33955855920300954,0.6111988832195927
21,-2.444330827003849,0.5757453745866713,-2.330046725644313
22,-0.4030780577755098,0.3692426746839376,-0.36365953864806244
23,-0.47144973288950864,0.38405248159792305,-0.4295235942537101
24,0.8092244311976867,0.33299787700317934,0.8041801904716844
25,-0.45577980696295506,0.3649037476560488,-0.4144283831031559
26,0.9385510379006372,0.37576535092156016,0.9287635768077732
27,-0.6462633958242716,0.4132634450082345,-0.597925740273455
28,0.12903591895956182,0.32448767906321513,0.1489384705975135
29,1.6001156518056039,0.403874139237446,1.566064453878783
30,1.1559214771582536,0.40474504116313287,1.138161674403255
31,-0.9497007255057268,0.3956319036335657,-0.8902341139039944
32,-1.0058457040223472,0.39364390975468233,-0.9443199028046008
33,-0.8119768309115958,0.37419652432792266,-0.7575614210578753
34,-0.5859406464278762,0.339616969724131,-0.5398154056369959
35,0.00550469867988288,0.3575231830905645,0.029937917401056564
36,1.2177610188828534,0.5095660959328365,1.1977331710498669
37,-0.16317787982948834,0.3351840317720538,-0.13255800963482364
40,0.0454703472592126,0.3382910651389729,0.06843777419052105
41,0.16117483124486298,0.32747175924769,0.1798986467572271
42,-0.3912904196461987,0.345732378231121,-0.3523042273745898
44,-0.7373291638317364,0.4061859439496339,-0.6856515535991347
45,0.3813094265451779,0.3697250471840964,0.3919595214017639
47,0.5804293141693087,0.3756169887893281,0.5837764299212518
49,0.5663767446804259,0.3483715451200577,0.5702392565716917
50,-0.3043382887073006,0.33073059297174484,-0.26854117816392975
52,0.340471051626366,0.42376570855381895,0.3526189466387185
54,-0.6050967414080616,0.3531323487827921,-0.558268926087655
55,0.3545493596119686,0.3269813468078975,0.3661809144923818
56,0.6257755117744547,0.3052279126021598,0.6274594971503377
57,-1.7252878916186687,0.46494892570154017,-1.6373756187847257
58,-1.640737263956535,0.4532772595936595,-1.555925994615857
59,-0.5626167818106494,0.36798651258121506,-0.5173469738847205
60,0.02519449637174348,0.3326028242201541,0.04890556632699513
61,-0.5770407067325779,0.43266927088108015,-0.5312418827270968
62,0.3725621062896109,0.3668176414581479,0.38353302041648796
63,-0.4129889709956527,0.34047835501562673,-0.37320695632279166
64,-1.2141995222654038,0.40753761829836616,-1.1450320756090369
65,-0.7198203179561355,0.3810283329088011,-0.6687848672642085
66,-0.7924365860366223,0.38114135089240214,-0.7387378399060699
68,0.04299461396352128,0.4181614821761941,0.06605284161163824
69,-0.7225784124845989,0.4203029098596693,-0.671441805112893
70,-0.3668094683244696,0.34711240045438135,-0.32872114656744156
71,0.20239312463079695,0.3934173129028456,0.21960520598682848
72,-2.444330827003849,0.5757453745866713,-2.330046725644313
73,0.524705385228773,0.3832264873551043,0.5300962480596092
74,0.9567318030794776,0.35529006147435677,0.9462775389374971
75,0.12810666717914812,0.32056842699117455,0.14804330032656773
76,-0.8813969518520597,0.4507264824653478,-0.8244354693849046
77,1.2798905417581756,0.3786532283544266,1.2575840134138965
78,0.05355280126693102,0.3800283260987675,0.07622379375647229
80,-0.06781655221727811,0.3787950551487272,-0.04069418190197034
81,-0.8108198908267495,0.3675156821798049,-0.7564469132451932
82,0.479181501194476,0.3291974330324242,0.48624201128069955
83,0.5964015800675643,0.31920109197820795,0.5991628923344786
84,0.4806452224860158,0.4462544105238517,0.4876520487030152
85,-0.21011662789068447,0.35072701919829063,-0.17777521847470365
86,1.4732514923929128,0.3848276571172496,1.4438532013975571
87,-0.8812688894199479,0.4058811642867648,-0.8243121038079234
88,-1.0447339280578174,0.3925759541361635,-0.9817818509871847
89,-0.04981776653264778,0.3397251984450073,-0.02335552493342245
90,-0.15921898548110366,0.4104713613503951,-0.1287443128508245
91,1.449757416070487,0.3679893990306593,1.421220800674253
92,-0.3788318955396832,0.4215378424126556,-0.3403026357337872
93,-0.0366573074598481,0.3975540206100778,-0.010677742697994149
94,-0.18090755614658105,0.3898681495026054,-0.14963742716952785
95,-1.1847475963212348,0.45522940006164886,-1.1166603370953054
96,-0.04917112136021946,0.3704577995861008,-0.022732596308038765
97,-0.5958998256425104,0.3669960685758196,-0.5494093190885178
98,-1.4281741264961023,0.4600674476601994,-1.3511588848140033
99,-0.5472637031015037,0.4063610287294091,-0.5025569891705678
100,0.480495098784442,0.3980255611003951,0.4875074309821287
101,0.3846038500518373,0.4146868441863346,0.3951331176705313
102,0.6178618165595532,0.3980365643106707,0.6198360469304717
103,-0.04596764637933102,0.40263100860983875,-0.019646612910370963
104,-1.0330115940778923,0.4073162474070563,-0.9704894487490585
105,-2.1090224738152346,0.5294435991804044,-2.007036239465201
106,-0.1690128897294875,0.3609608548274171,-0.1381790130089879
107,0.65082265883292,0.4030106426117544,0.6515880077341573
108,-1.032653568649121,0.3800858201820589,-0.9701445543653899
109,-0.9299578251416992,0.38958854885376715,-0.8712153099149894
110,-0.7799317924449682,0.3686104461067863,-0.7266916757732679
111,-0.687163701059416,0.4175612608283196,-0.6373259739784789
112,-0.955617469701347,0.444468789044969,-0.8959338538629021
113,-0.4212636166750561,0.3705929311936375,-0.38117811868259277
114,-0.00963197820609109,0.4114308657951179,0.015356397693659667
115,-0.372970917036495,0.42175972964603897,-0.33465661618850245
116,-0.4956681384062981,0.3730843651844781,-0.45285375846247544
117,-0.9304099206758132,0.3911359277501705,-0.871650824261366
118,-0.2673414706182421,0.4535171036742043,-0.23290126617132648
119,0.36926974798149664,0.31104122151738745,0.38036141360244113
120,0.2381201057610488,0.3234560032657279,0.2540218539314836
121,-0.4181633691238221,0.4371623313849618,-0.37819157671524617
122,-0.3134690623396157,0.44626011027313767,-0.2773370688780107
123,-0.16947158198236592,0.4367588111662355,-0.13862088213094656
124,-0.3887042619695415,0.4521692426741371,-0.34981292037156086
125,-1.1013585691964278,0.43402300679190314,-1.0363297102634843
126,-0.5726457956067779,0.38784496055126527,-0.527008160644247
127,-0.20700790599113003,0.4579086130651572,-0.17478051296670846
130,-0.09452121253846898,0.4286659087538755,-0.06641941430840477
131,-0.8416491921984115,0.3666804199110545,-0.7861455101633001
132,-0.2975357697595247,0.4136465062844992,-0.2619881503861585
133,-1.374785220512873,0.4605474629552123,-1.2997280859262905
134,-1.2674249241448103,0.46657479883933417,-1.1963053671171515
135,0.8815240772143431,0.4066304466394481,0.8738281535729235
136,-1.5876673722000356,0.4642786386971301,-1.5048025096960016
137,-0.7111564333843057,0.3909836537089837,-0.6604387418511852
138,-1.4911268491707217,0.4735498742785381,-1.411802735061269
139,0.3238809835887021,0.41730583779456715,0.3366373407776322
141,-0.1556970662058474,0.370228810540398,-0.12535156451465587
142,0.28444868514207583,0.36746472156090726,0.29865127281576465
143,0.5416366971937077,0.4186797061241333,0.5464065822861097
145,0.582814343212271,0.34166465408336605,0.5860739849430476
146,0.5198727242629858,0.38046908309946903,0.5254408311776455
147,0.36295071880260665,0.3402801626307521,0.3742741429817027
148,0.4985961700903268,0.3960105692661868,0.5049446221146374
149,0.1397251745552101,0.4609217091640355,0.1592356839356523
150,0.8186540231585585,0.4613718153628856,0.8132639399661042
152,-0.3576452749402035,0.44790249982044417,-0.31989306181398447
153,-1.3519411543324464,0.4468382580678869,-1.277721855383335
154,-0.9028556628155532,0.4170255137007777,-0.8451071544031304
155,-0.07657423300204214,0.3473629641433884,-0.04913066343065106
156,-0.4206338036725574,0.34489686260373703,-0.38057140488556257
157,-1.1591884845047833,0.4525032190907266,-1.0920386387223626
158,-0.6575646033300688,0.452868098814338,-0.6088124613949094
159,-0.7575881130391352,0.4217304100593394,-0.7051674796735407
160,-1.1737576941752406,0.40738288746643597,-1.1060735038074343
161,-0.9922318220682892,0.40225578398100914,-0.9312053275578227
162,0.11294247119592042,0.37200894145315466,0.13343527082035847
163,-0.25180580604870306,0.3557396444479841,-0.21793539216907748
164,-1.0261443329014095,0.4720338906508589,-0.9638740532474532
165,-2.1411350343936304,0.5371523801280416,-2.0379710304009016
166,-0.291494291298389,0.40686884679990226,-0.25616825095205653
167,-0.684248315239897,0.44495123154203176,-0.6345175137000294
168,-0.4519602892903437,0.4249002636794154,-0.41074895117529725
169,-0.3995225797875239,0.37087663132164633,-0.3602344624083052
170,-0.5293718732656005,0.3848676383684033,-0.48532136530682773
171,-1.0363934330547628,0.4230429374194435,-0.9737472544127426
172,0.7527030076858608,0.36868719500020897,0.749731763182369
173,-0.2163671832138338,0.4202370972765006,-0.18379652660681628
174,-0.30475713708734825,0.4290877187512926,-0.2689446647385646
175,-0.10529329016627029,0.4020447977094883,-0.07679641207367663
176,0.04751278357267193,0.3853388023159957,0.0704053015137347
177,0.9549580626845476,0.3207681916535653,0.9445688527628954
178,0.6424979269298604,0.32671387925156126,0.6435685961276547
179,0.3797015441867732,0.35699189380017765,0.39041061020594
180,1.514440839989689,0.38125575567978814,1.4835318764622107
181,1.27463885677462,0.3809456526044734,1.2525249407613175
182,-0.2999358301462899,0.4089495083330318,-0.2643001854578054
184,-0.19949143712580616,0.3620462715923243,-0.16753972030690645
185,-0.7535663334406612,0.35741014148091255,-0.7012932040372353
186,-0.879212073281076,0.37888833704411,-0.8223307240579703
187,0.5892494310759018,0.3683859685189021,0.5922730576463376
188,0.4169970319303898,0.373761664018095,0.42633823775769447
189,0.4815098065023498,0.3747107846514091,0.4884849229836677
190,0.8006210505878738,0.33390163991145055,0.7958923499597113
191,0.3485176980774516,0.3909689243466801,0.3603704719364332
193,1.5609991716764502,0.42471168455064745,1.5283826211896159
194,-0.04924881418914931,0.35240602126107695,-0.022807439652102867
195,0.7761928874450833,0.3530425438940509,0.7723601212568464
196,-0.29654586136575734,0.3401064034415799,-0.26103454816151095
197,1.9755896606200527,0.4260121436857551,1.9277674683770616
198,-0.05580820662184887,0.35118289803188635,-0.02912625789381262
199,1.117212858309057,0.3781551779007249,1.1008727441547215
200,-0.06024816860392123,0.42161719246408025,-0.03340337853458365
201,-0.5204609387200472,0.3759780889700528,-0.4767372507970102
202,1.8466615566351423,0.3879509734295439,1.803567969157037
203,-0.1923591009278864,0.3507215115874764,-0.16066897175270323
204,0.3750766560999432,0.38009972679706744,0.3859553458641935
205,-0.29075302910286355,0.3306077638400058,-0.2554541755051255
206,0.1642444638700752,0.357891867548505,0.18285569664051265
207,-0.10908278620479644,0.3345292831804709,-0.08044692344966257
208,-0.6310245642680263,0.38462877055221895,-0.583245812550284
209,-1.930229104975265,0.487548344395417,-1.8348003483953659
210,2.434034331349127,0.4668416354328356,2.3693980885815136
211,-1.678351779903389,0.4712019355044179,-1.5921609495993698
212,0.14157265124769386,0.418024389675849,0.16101540203384138
213,-1.209579105178605,0.4083689727816768,-1.1405811182876198
214,-1.6312980660003853,0.480502412412892,-1.5468329914384453
215,-1.3294758542697085,0.47749818451299886,-1.256080499221406
216,0.4300443231732304,0.3830658253659788,0.4389070027395193
217,-0.6310245642680263,0.38462877055221895,-0.583245812550284
218,-0.9534764820910674,0.416131532988378,-0.8938713897389892
219,0.7877480905598719,0.3492175615070592,0.7834915223702172
220,0.9746514179090952,0.422919565774396,0.963539928744414
221,0.6444093208498081,0.32690672399410736,0.6454098872064212
222,0.6561906131031419,0.3497485824060585,0.6567590853471157
223,-0.6163370536044349,0.3847079343109662,-0.5690969853138241
224,2.641680318015926,0.492512295473283,2.569428390447139
225,0.851803650746576,0.4478601789464371,0.8451977621391501
226,-0.9051419132531986,0.3780603325459434,-0.847309553652563
227,-0.6608820481080514,0.4197028445124452,-0.6120082346001351
228,-0.19932102243170471,0.3430702899590696,-0.16737555579185542
229,0.07428485620561084,0.3318158067963733,0.0961954737982996
230,0.16767207412587812,0.3488529008803105,0.18615759486234618
231,-0.26459837382486967,0.34091963688321925,-0.23025877599642416
232,-1.2124431281963035,0.3986483072110708,-1.1433400995613567
233,-0.6620903950562359,0.36820167053422487,-0.6131722638630344
234,0.523693235898747,0.3742539664067784,0.5291212206137714
235,0.2702979731188719,0.36425177343068726,0.28501955643611165
236,-0.9562367778953724,0.441500432441712,-0.8965304481288802
238,-0.31954093226329683,0.3853767349204716,-0.2831862451285091
239,0.7698782763740826,0.3275325416699715,0.766277106704183
240,-1.742413953883113,0.4577649168530133,-1.65387356059192
241,0.6773353500948922,0.3489432191674077,0.6771283117946084
242,-0.4403216525559443,0.3606386594951256,-0.39953717647809567
243,-0.8971127894264832,0.37559479735330065,-0.8395749083143338
244,-1.4467749052637713,0.42360612072029785,-1.3690774559916057
245,0.43578063275118417,0.3144145653248588,0.4444329257534518
246,-2.209060560155183,0.5445895672888367,-2.1034052997579464
247,1.2051641597878573,0.38091226871581135,1.1855983180349894
248,2.5476933762892764,0.4814422998537258,2.478888541222041
249,0.28268628693479214,0.3975904305200147,0.2969535128394253
250,-0.287580707284271,0.39305606492664286,-0.25239820268728225
251,-1.862425356907936,0.483671237538342,-1.769483390378295
252,-1.030422203113895,0.3900172959918138,-0.9679950270436796
253,-0.3421957897456912,0.4010539332854157,-0.30501020644685534
254,0.6284274037674227,0.3612436486618304,0.6300141275787101
255,-0.5147153356556671,0.36334507982468434,-0.4712023751472716
256,0.33924049976814236,0.3172549680616311,0.3514335268595404
257,0.2244883094166666,0.3230551313824252,0.24089002132778853
258,0.9565536447113928,0.34026928871685674,0.9461059147577094
259,0.412731918442331,0.3297907557396022,0.42222955281654717
260,0.30000283880631023,0.31924506541586667,0.3136349578012766
261,-0.7456479543628227,0.3768370993037372,-0.6936652417411562
262,0.24902841545571003,0.3617465490503079,0.2645300872765767
263,-0.6562908932175001,0.35555301600274103,-0.6075854662461169
264,-1.2776418677219397,0.42784229198251944,-1.2061475910901902
265,0.23900778561497835,0.3319235683644171,0.25487697698005224
266,0.9489604632568271,0.3627238587214057,0.9387912230419746
267,0.09658266143299402,0.40492015271196347,0.11767547821433258
268,-0.2870622023252306,0.3668067909969516,-0.2518987145674271
269,0.9721601102770384,0.34341313252815686,0.9611399930380711
270,-0.34613206861203744,0.3458222857192501,-0.30880211720083484
271,0.8428023737942981,0.3577866331514129,0.8365266186470802
272,-0.6545817370935227,0.3633249290523025,-0.6059389956308996
273,-0.4499111247462214,0.4001937400922735,-0.4087749423879718
274,-0.5039851623893661,0.37145295565831143,-0.46086574484690934
275,-0.964680662663478,0.4234758387935056,-0.9046646425151798
276,-0.15214883775269744,0.3701217304232096,-0.1219334719236794
277,-0.5378064732515406,0.3638323089124418,-0.493446615442342
278,0.571101096624647,0.3720786036402682,0.5747903368053706
279,0.2664538034714548,0.3701820949714611,0.281316376676469
280,0.44897262726204346,0.34266337059870183,0.4571410868240109
281,0.5964002250792239,0.32997228311275417,0.599161587042086
282,0.4766119662074548,0.34227122773838187,0.48376671730869075
283,-0.15084559699655095,0.3832649890251303,-0.12067802920581033
284,0.13479487345233176,0.3778584583311601,0.15448620799475818
285,0.6285558385078767,0.34386065943948335,0.6301378518091441
286,0.07673161030959992,0.4047599041445064,0.09855249003477158
287,0.10794201878877235,0.32837188752049606,0.12861821646490124
288,1.5004116501483609,0.35450686072792265,1.4700172252814292
289,0.6409793438832357,0.37315929974748185,0.6421057090759931
291,0.11421202642710208,0.32498582117469665,0.13465826347340623
292,0.337236403240362,0.4128015724938376,0.3495029331608381
293,-0.2561598702873542,0.35849512466230404,-0.22212976547713126
294,-0.32979485885623727,0.328839050945873,-0.2930640957174788
295,-1.1595395962989767,0.3942118554447431,-1.0923768730379324
296,0.12776767172257908,0.32783250356989446,0.14771673796628773
297,0.29854004454841354,0.395409850703813,0.3122258134124476
298,0.6766336849133777,0.3104553855266793,0.6764523810900475
299,0.1928789224429456,0.3117697687190479,0.21043994945480424
300,0.32073462018205523,0.4033407273846408,0.3336063743134431
301,0.1928789224429456,0.3117697687190479,0.21043994945480424
302,0.5731352434270961,0.3620159818795534,0.5767498786460988
303,0.7973012477379501,0.3938105429947516,0.7926943051678791
305,0.11797707170247096,0.35583584899670134,0.13828522084955958
306,0.2479451257280043,0.3088209973161626,0.2634865285990443
307,0.4745530792066544,0.3339296263968538,0.48178334264834555
308,-1.320858198218304,0.4093805285559316,-1.247778906838103
309,-1.6234103536734852,0.44865504115802446,-1.5392345711505981
310,-1.1687915856353268,0.3935828970212996,-1.1012895337135147
311,-0.7471010296473078,0.4097374152733301,-0.6950650236124786
313,-0.7499856774986973,0.3511776505813489,-0.6978438732774874
317,0.48750170106786705,0.3272256498448691,0.4942570570755762
318,0.41618919809619026,0.3959023171901494,0.425560032272936
319,-0.07624523992359059,0.3586607941093352,-0.048813736598349866
320,-0.9332697396741628,0.4005395636312846,-0.8744057557035945
321,0.3835775069817755,0.3114926514086743,0.39414441705840925
322,0.648934198652725,0.32212836736928535,0.6497688092706118
323,-2.444330827003849,0.5757453745866713,-2.330046725644313
324,-0.8978344613666526,0.366237984527785,-0.840270112003831
325,-0.12525565954934811,0.3602205143666216,-0.09602663577194487
326,0.4232251695013027,0.343612857981694,0.43233795033759354
327,0.8408858568940364,0.3287814158938956,0.8346803924799205
328,0.8816291182819332,0.36910050077889345,0.8739293421236662
329,0.9846112531460112,0.4334933709005694,0.973134474157753
330,2.7986610348190903,0.5182714755229936,2.720651636671526
331,0.4475558472382689,0.3262891035578607,0.45577626903782575
332,-0.5947966879933513,0.3626059048099457,-0.5483466404376911
333,-0.5303698261304695,0.3351025362031019,-0.48628271696120734
334,-0.7288604755629848,0.3629058229355537,-0.6774934654126168
335,0.3936510898160433,0.32971816822114086,0.4038485382290264
336,-0.06378249099863162,0.3338901479504484,-0.03680807508977789
337,-0.25334757861442125,0.31732033160349427,-0.21942061823426326
338,-0.9481090926580564,0.4167624682507998,-0.8887008562471073
339,-0.9011008212506504,0.36549826602622415,-0.8434166739195509
340,-0.8970573493876483,0.42038386590802657,-0.8395215016105414
341,0.7575084114936346,0.3438106937068909,0.7543609225978006
342,-0.30678329220113826,0.35843707900080257,-0.27089650799613907
343,-1.5102978037031118,0.4336286119727784,-1.43027057007086
344,-1.313418251014313,0.4955435342404996,-1.2406118293088526
345,-0.4174762726709109,0.3467561867862935,-0.3775296804123469
346,-0.12161951221779604,0.32616211258505867,-0.09252384884100659
347,-0.15150670432831664,0.3365098983938635,-0.12131488957215525
348,-1.146836640286974,0.44748883463902384,-1.0801398143475374
349,-0.05152301909012819,0.34766346958143424,-0.02499823515048669
350,0.4817075403381193,0.3802063785435767,0.48867540467557485
352,-0.9240330662276812,0.3666852074288861,-0.8655078491878345
353,0.29265391129549667,0.32547901373050675,0.3065555617003758
354,0.501853409785594,0.39014632281266515,0.5080823983363301
355,-0.5252079926662804,0.3629333562350547,-0.4813102004074505
356,-0.27676613952443546,0.4576516642878276,-0.24198027317045798
357,-0.6119359127314599,0.3814882933552857,-0.5648572619678246
358,-0.21270765836913705,0.3387336696949012,-0.18027121956322734
359,0.03907807340507338,0.3221225565204206,0.06227994523761668
360,-0.10319318835165164,0.35332555099682017,-0.07477333420605183
361,1.3543868515708486,0.3752004774773228,1.3293480748287503
362,0.2736639651466562,0.42351489524236186,0.28826209635803846
363,1.738196556255538,0.3848500396299068,1.6990810627830528
364,0.8696149634484412,0.34044114543006654,0.8623558219387562
368,2.6079890130710695,0.48560459736114464,2.5369727576340626
369,2.0556876587065926,0.4182416024268753,2.0049277689119944
370,1.9610048737452712,0.4184447649636549,1.9137175974017568
371,1.248543775041806,0.3298883821608309,1.2273869298610685
373,1.0209509204086584,0.37829934221889383,1.008141337179421
374,2.0293109968059424,0.4324732171888092,1.979518505160314
375,-0.2774645742072156,0.3396050124837272,-0.24265309185899883
377,0.16226616453753015,0.3688769889258583,0.18094995399158514
379,0.6046499546236949,0.36489162130773456,0.6071087470983905
380,-1.2326261611472933,0.39805360525900585,-1.1627828937061273
381,2.3144405704591873,0.5212616630385574,2.2541905833652085
382,1.99195757990734,0.4409924975986329,1.9435350730801662
383,0.7260174032056766,0.33327403005035355,0.7240248877193557
384,1.1987030281686712,0.3246807933685064,1.1793741567645228
385,0.6336476166957822,0.3215871884442328,0.6350428824543735
386,1.1015196489547356,0.3423826436794417,1.0857551035261908
387,-0.5573263513256487,0.3348387455289065,-0.5122505767720138
388,-0.7533694415197439,0.3733006412563792,-0.7011035333818656
389,0.9281344272749328,0.4465440434428908,0.9187290088330987
390,1.2391870457064185,0.3327637417508625,1.218373370661218
391,-0.5309630303792753,0.34761106519744556,-0.4868541646778782
393,1.2566843126959084,0.39334279143832707,1.2352289027806391
394,1.210516827251542,0.3937806986476035,1.1907546695047884
395,1.8629255880747375,0.3843868546557728,1.8192354962334676
396,-1.111882102319367,0.4031825966711151,-1.0464672792146834
397,1.5486955036518402,0.3684574245934049,1.5165302060838695
398,0.8380312017142861,0.32462282906197876,0.8319304354665736
399,0.7985195095011122,0.35107839744514696,0.7938678856071085
400,-0.5428183226833854,0.34480606464293834,-0.4982746488218924
401,0.931064881480742,0.39804010918627386,0.9215519848453056
402,-0.03983201069896695,0.3352833156803315,-0.01373600959468953
403,-0.2160349494257495,0.3294612574722794,-0.1834764779220945
404,0.02044459999821139,0.34108658016261734,0.044329878538949
405,1.2755832816961286,0.3567410423429391,1.2534347276788076
406,-0.8903544222113255,0.40543584959696327,-0.8330644129473511
407,-0.11202975268018918,0.3288615832857219,-0.08328580612263523
408,-0.6577440987618052,0.3670332914551125,-0.608985373599812
409,-0.3740388402188935,0.3514897515913072,-0.33568537190862746
410,-0.2989710479137918,0.3493695630371759,-0.26337078786000423
412,-0.05440945299550723,0.3332426689208467,-0.027778805363647765
413,-0.130960907937583,0.36846284035585775,-0.10152263680541665
414,-1.1527345501035309,0.409485853893997,-1.0858214107025643
416,-0.8121980909566057,0.36972066151278726,-0.7577745661049075
417,-0.8482255799164096,0.4289631999513787,-0.7924807003662653
418,0.07353500088995613,0.3694655415924643,0.09547312039502075
419,0.2336336837957979,0.3663051418080171,0.24969997728743476
420,-1.283639310526706,0.4096879771601062,-1.2119250699325061
421,-0.9169280546033384,0.39462599096898654,-0.858663423043174
422,-1.047448273002519,0.4022118217263729,-0.9843966438246083
423,-0.35509617752629974,0.36820374794668526,-0.31743745584069755
424,1.081764184307341,0.3273066638386924,1.0667241960651417
425,0.24891619853121089,0.33198001129314775,0.264421986052747
426,0.2155930784428791,0.3312805988200097,0.23232103444095614
427,-0.17986498412078245,0.3889471559461457,-0.14863309281958542
428,1.1216463342214555,0.36052872840406625,1.1051436166108028
429,0.7827990860464717,0.3542665654760864,0.7787240289905435
430,0.974230773637832,0.3296773577357767,0.9631347121451939
431,-1.2765233351193763,0.4169408073743524,-1.205070082115763
432,0.42973706348492113,0.34244867850417793,0.43861101219720144
433,1.894399936018039,0.42561322954340675,1.8495554818069186
434,-0.19659639407278104,0.3693138651620526,-0.16475085669771064
435,1.3630754302175745,0.3594042158688997,1.3377179886295727
436,-0.4106194722608299,0.37945943501545415,-0.37092436201502216
438,1.2426009420964204,0.41382887470071944,1.2216620579909947
439,-0.7919570648577532,0.3567548327407323,-0.7382759057858884
440,-0.00588561018645743,0.33050308135623757,0.01896536282655942
441,-0.7253613119884256,0.3906371828381981,-0.6741226381824259
442,-0.9665165947792268,0.3815494462162015,-0.9064332394488991
444,-0.472580675536618,0.4311723673019408,-0.4306130581182682
445,-0.758055844574342,0.3720742633895407,-0.7056180565504713
446,-1.4119161477885382,0.43194685073205946,-1.3354971884778375
447,0.9615954543992964,0.32277729730128857,0.9509628095622246
448,2.1700936491030287,0.4297198500489045,2.115137771819284
449,-0.3867188432543142,0.3339591485437611,-0.34790031945250793
450,1.0193059155029809,0.3318922499454287,1.0065566649537008
451,-0.8523757655589187,0.39488864652278893,-0.796478672589064
452,-0.15121320168883023,0.365136104261249,-0.12103215152112307
453,0.7901831240801352,0.3531324002651026,0.7858372478905125
454,-1.4600697326108714,0.42492049800481746,-1.3818846783712955
455,-0.7591842184576993,0.4774484256298416,-0.7067050458640063
456,0.00584334861215589,0.3466387802779125,0.03026414690959045
458,-1.774413875560703,0.4726792163266551,-1.6846998438040104
459,0.912865389258038,0.3847580449583611,0.9040199825102436
460,-0.7923204790275331,0.38717482915205537,-0.7386259912715278
461,-1.2240907442601252,0.39513376438377645,-1.1545605242594743
462,-1.869565348625089,0.48439969514568104,-1.776361513675674
463,-0.8372354332191695,0.405765798029653,-0.7818936314963812
464,-0.34176488101934877,0.34410376550296873,-0.3045951018547058
465,0.11138778219837964,0.3853059530838395,0.13193760205017283
466,-0.7012687069646135,0.3676679375742588,-0.6509136605710472
467,0.2399938835334754,0.3491702432706294,0.25582690848353246
469,1.531473340442227,0.3864792821376792,1.4999396879578148
470,-0.11837770159291426,0.35972251124905197,-0.08940093580861144
471,-1.0431033621006238,0.388034070442783,-0.9802110881428605
472,0.6975888568529354,0.3567925021044482,0.6966389950285194
473,-0.4035336371096928,0.362037150622801,-0.3640984090216401
474,0.5958624904579506,0.35440735841100435,0.5986435745327016
475,-0.34680391155013246,0.3516551988356794,-0.30944931943127857
477,0.4188865830699947,0.3478543627883126,0.4281584871683042
478,-1.5214568975076883,0.430047851944385,-1.4410203896946705
479,-0.38617870841135754,0.33335352068185936,-0.3473799947526709
480,0.21375799457821967,0.33213788249897014,0.2305532546476217
481,0.5292356896124827,0.3216484507874748,0.5344603976777319
482,1.1656801084694888,0.36741203040372816,1.147562395304806
483,0.1800485468176056,0.352585668716311,0.19808014442999333
484,1.1126092323279726,0.3452121114651615,1.0964379621035258
485,-0.02406186448519554,0.36088373315100014,0.0014557461345827485
486,-1.2380844486372218,0.4025228082395128,-1.1680409914512657
487,-1.0195650089082442,0.3869946897777321,-0.9575360344610057
488,-0.3804363013461676,0.32823843707634587,-0.34184819788472354
489,-1.147915659593166,0.4077705921214988,-1.0811792592267815
490,-0.5906552997274307,0.3488309407131748,-0.5443571429363301
491,1.4340275164840484,0.3604892436395026,1.406067815475265
492,-0.7438945066541803,0.36248747919631186,-0.6919761039923581
493,-0.47735680295929106,0.3334445988835462,-0.43521401489784245
494,-0.06414310759980779,0.3773617430056019,-0.037155465611256044
495,-0.02154688562382841,0.347194045554586,0.003878484897322197
496,0.7670744061786298,0.35175788287999393,0.7635760720702296
498,-0.4613985256729623,0.36014221547925945,-0.4198410280461294
499,-0.4403070213956028,0.35810160458622387,-0.39952308193446046
500,-0.13305147205136314,0.32651633132812946,-0.10353652677970213
501,-0.7522684772434665,0.362857166991104,-0.7000429483926626
502,-0.05553558454731369,0.3365159355561995,-0.02886363458603827
503,0.6640652499717362,0.324281382571405,0.6643449097359815
504,-0.7235153706960826,0.36491118986838306,-0.672344399171594
505,-0.9720959710835796,0.38990510305120313,-0.9118079849197686
506,-1.8576626877568112,0.4831808450166103,-1.7648953982707745
507,1.0026566855650492,0.3591064624895247,0.9905180670314652
508,0.6056040941181143,0.3940720547209181,0.6080278922942804
509,-1.498340297748657,0.4650291152759608,-1.4187516210941686
510,0.4712533112237662,0.30736388234315987,0.478604597918919
511,0.45025566415928986,0.34924685296699814,0.4583770666856047
512,1.2133185502988226,0.36299557447875475,1.1934536357400023
513,1.0910277466913003,0.3418900939757562,1.075648005331862
514,0.2722961275942463,0.3527347693445916,0.2869444260148561
515,-0.6588362835629474,0.382725921229734,-0.6100375011124718
516,0.48772694391296345,0.3286035494508158,0.49447403884835667
517,0.9390138143154156,0.33183681329519255,0.9292093802997181
518,-0.6127920301020627,0.3685732371621426,-0.5656819801279154
520,1.2759115859322812,0.3644084887631192,1.253750990932991
521,-0.9911826976956024,0.4049835588468865,-0.9301946811767786
522,0.11803562985918446,0.35389737437846785,0.1383416313102293
523,0.18912299714518577,0.3781529477285818,0.20682177756929981
531,-1.2627717271612735,0.4328219607573041,-1.191822832144055
532,-1.5234189914440042,0.43488335031055647,-1.44291052130121
533,-1.6686910347114108,0.47191052673509665,-1.5828545247172017
534,-1.3838457330485472,0.4200633513500603,-1.308456292460214
537,-0.7003998144728939,0.3755627069908461,-0.6500766358339095
538,-1.8334084421105925,0.4820174209178552,-1.7415307084156255
539,-0.17629130197672377,0.34951086121423514,-0.14519048008469576
540,-2.444330827003849,0.5757453745866713,-2.330046725644313
547,-2.2331467517396235,0.5450290119076038,-2.1266080991511274
550,-1.470605454920766,0.4290737512155201,-1.3920339894552722
551,-0.09624649939742191,0.33818892871367784,-0.06808142404305442
552,0.1532817918593545,0.33123908039379174,0.17229509478752764
553,-1.3065074911031849,0.4090080515402001,-1.2339545304448873
555,-2.2331467517396235,0.5450290119076038,-2.1266080991511274
557,-0.8179153182344706,0.3796568509251229,-0.7632821066867576
558,-0.5008766173945517,0.3360982144606255,-0.4578712097554443
559,-0.7744195858009499,0.3897531915723506,-0.7213816364286694
563,0.5597003084506111,0.3495960150113755,0.5638076872653249
565,0.6038214096610417,0.3582445051781596,0.6063105900925693
566,1.042526234488193,0.37641395119520327,1.0289253487437773
567,0.20365882506961472,0.33629945940409,0.22082448522700196
570,0.7309081529035485,0.32338093857246486,0.728736262854115
571,0.00336110362580036,0.33785012628455885,0.027872941464710442
572,-1.3408248275603936,0.4172969413368139,-1.267013234255883
573,-0.6288203274806682,0.3504969070894446,-0.581122418994568
574,-0.4714213155998848,0.33314135875694884,-0.4294962192048931
575,-0.2733076189641729,0.3180402854074651,-0.2386485983195112
576,-0.4587668798137707,0.33757974781880534,-0.4173059011984228
577,0.04907452301690313,0.3423366926279281,0.071909762146370515
578,-0.4329825062023837,0.34479063541844907,-0.3924672027978702
579,-1.0623430139735768,0.3871451803746272,-0.9987451009293049
580,0.13484845672781964,0.33984429045633285,0.15453782603439786
581,0.6188309921028862,0.3256193258401943,0.6207696767087576
582,2.766832170251057,0.5231824067797871,2.6899901368285253
583,1.3683917864696835,0.364654908758662,1.3428393606483877
584,1.0053507585874386,0.33923484197749243,0.993113331445515
585,0.1629333721639235,0.36165823310150313,0.1815926909163718
586,-0.20220467714021825,0.32846759745237625,-0.17015344873878624
587,-0.5599828312697201,0.34288307156179587,-0.5148096268824562
588,-1.2100618307027466,0.42626549214855647,-1.1410461392295714
589,0.40755564288632473,0.3221037883233614,0.4172431238533471
590,-0.66671844042509,0.3654868584762319,-0.617630569689408
591,-0.5734020252129053,0.37978577875125186,-0.52773665455266106
592,0.5499794365275664,0.3438522333346508,0.5544433408776246
593,-0.5704792529454368,0.34781133691351684,-0.5249210787337826
594,0.04866722545269616,0.32179772145329816,0.07151740274648388
595,-0.715294586053247,0.3587574793519211,-0.6644251224252661
596,-1.0328392220346914,0.3791248706734734,-0.9703233986732147
597,0.7075895526600553,0.37753498509398187,0.706272902397866
598,-0.01408867848784346,0.3375150358426081,0.011063152651972169
599,-0.3332701044177032,0.3437864306313323,-0.29641188215860415
600,-1.0436644041039205,0.38663935092074503,-0.9807515532059239
601,-1.5256647440540092,0.4347579728200776,-1.4450739080331465
602,-0.5272659940923624,0.35525903688867577,-0.4832927219726742
603,-0.07787475682622388,0.3809329535473215,-0.05038348886354495
604,-0.17263612340008505,0.370646576815604,-0.14166935990416923
605,0.27060841503829475,0.3261711345018798,0.28531861249710616
606,-1.9540218860646992,0.4926628982842615,-1.8577204985024773
607,-0.2265497631637688,0.35471923014610085,-0.1936056472830794
608,0.7511321792130994,0.32424621260449366,0.7482185468730655
609,-0.14895140263192538,0.33649509087511853,-0.11885330686645582
610,-1.0266921446605437,0.45058332202553786,-0.9644017733026498
611,-0.3758137302424121,0.37438401366538054,-0.33739516554770427
612,-1.0852282888247615,0.38175106852390783,-1.0207910287617847
613,-0.46965706060249585,0.36023400202964656,-0.4277966705386242
614,0.8657789357329857,0.3702786003617487,0.8586604854952025
615,0.5148220039766952,0.3677714735400571,0.52057535258245
616,-0.17455069503331894,0.3454941435578606,-0.1435137121494822
617,0.46415215814793526,0.3367013435840509,0.47176388880551917
618,0.4722834750859957,0.3427587973782321,0.4795969791907203
619,0.20810776513652465,0.34170936019608816,0.22511025466975113
621,-1.1257443881348133,0.4064558927293154,-1.0598211477903414
622,1.2441461158476603,0.34749466216349,1.2231505604988295
623,0.975571757713382,0.3690208023285856,0.9644265138974699
624,0.7250418205497724,0.3854105767613794,0.7230850858176289
625,0.4616744907873782,0.3271082775231878,0.46937709309609804
626,-0.30849056592376844,0.34217000050689494,-0.2725411652495103
627,-1.2353885290159643,0.4189073182227363,-1.165443948164747
628,-0.23884656654127925,0.4367607121751123,-0.20545144951152647
629,1.3034647940874136,0.35233683154486395,1.2802936495853903
630,-2.2880952603159423,0.5484537872839872,-2.1795413001921102
631,-0.38398971288032585,0.36643027964845687,-0.3452712834605167
632,-2.2880952603159423,0.5484537872839872,-2.1795413001921102
633,2.8894509884629107,0.5455406458264853,2.8081117514816487
634,-0.413977750753861,0.3470133373085352,-0.3741594713060473
635,0.2332507896428982,0.32125046166444804,0.249331126272221
636,-0.5012297342225692,0.3518976860416352,-0.45821137556763275
637,0.07873227177898434,0.3530837623383567,0.10047977466028213
638,-0.7217605802891659,0.3806584263257465,-0.6706539679697153
639,-0.06126829585722777,0.3593860122639836,-0.03438609130305964
640,0.843541812638502,0.3691868710033154,0.8372389376164548
641,-0.8794037633516374,0.3793177742689105,-0.8225153836475658
642,-0.03703397878277924,0.39881323349926145,-0.011040599113567185
643,0.45366168654687655,0.32749630835039384,0.4616581688021763
644,1.2406350153845258,0.3758394758372075,1.2197682341808722
645,0.01050997447224685,0.3709597098214587,0.034759618237845985
646,-0.3752412926011407,0.395306365729583,-0.3368437227964099
647,0.0788029404278935,0.33768751526116736,0.10054785144520174
648,1.146078343882246,0.3737685334272815,1.1286795507556509
649,0.5423081733593178,0.33686887532608173,0.5470534311959232
650,1.157744800135039,0.32371816193787323,1.1399181246544712
651,1.8303843512756803,0.40849382636625736,1.7878877513312688
652,1.0647048874544025,0.36290359855985294,1.0502905709617378
653,1.2257395269027154,0.35413746818318986,1.2054190569813454
655,0.11826796462992938,0.3457261976566831,0.13856544490312364
656,0.9755722477222124,0.34421960445170763,0.9644269859345935
657,1.297564102037405,0.4022921754451196,1.2746093730389174
658,-0.18711665557647672,0.39608335161992736,-0.15561879985682525
659,-1.2727642019744896,0.4030245797723815,-1.201448820035069
660,0.8736412608810629,0.35796897685113827,0.8662344497118055
661,-0.24272059063889811,0.4019692780648583,-0.2091833887708433
662,1.539183178366372,0.43484548512172794,1.507366757616409
663,-1.4497003487884128,0.4420759538775616,-1.3718956050958497
664,0.4638498682926938,0.38860800826352354,0.47147268582122126
665,-0.9343762600192982,0.3778621740574636,-0.8754716929856526
666,-1.375456930165052,0.464531079616613,-1.3003751597592514
667,0.3146250153117876,0.4644937822721686,0.3277208470942708
668,-1.445613576628743,0.43446764093134016,-1.3679587205844888
669,0.7556759712173784,0.4355457704942957,0.7525956894358496
670,-1.3162610903915488,0.46688987268198734,-1.2433504038795062
671,-0.8478828310740102,0.40341414204806314,-0.7921505222804289
672,-0.18430661242897303,0.3762617091187725,-0.15291181867181172
673,-1.562398305481041,0.44926803966499007,-1.4804602186418818
674,-1.3540356220703644,0.45778055781558585,-1.2797395058113004
675,-0.8141473354642272,0.453794158549993,-0.759652319552149
676,-1.1380268092664447,0.4204187641377171,-1.0716530952603565
677,0.2163137137324706,0.3586482917506904,0.2330152395003745
678,0.1529264083597454,0.450790696772687,0.1719527454368564
679,0.21481639168696168,0.4257925323089176,0.2315728336751475
680,-1.420042990981827,0.4449002963027977,-1.3433259691986357
681,0.5334184725350554,0.4355078362101675,0.5384897716332381
682,-0.08600985454418127,0.4251988730171099,-0.058220221363656205
683,1.3416269050116487,0.4079762461121692,1.3170561157930976
684,-0.6828424297594886,0.3698241177862189,-0.6331631908857587
685,0.08558156370965087,0.4170614611036611,0.10707785996137444
686,1.6010052657095952,0.42073158745862504,1.5669214400436289
687,0.77771028320564,0.3925357082240306,0.7738218645676903
688,0.9183980640461076,0.4135757485597023,0.9093497393032693
689,0.06546154217203433,0.3676194797990032,0.08769576620499259
690,-0.5925790655793375,0.3720784147096105,-0.5462103521904689
691,-1.0216965652764012,0.4503179073695242,-0.9595894132457843
692,2.1173992300606237,0.448785143923222,2.0643759886666917
693,-0.02375537120921749,0.35919284810800317,0.0017509983737317367
694,0.6500155193597495,0.37897181807450503,0.65081047114384
695,-0.8859554936807978,0.38509585023961623,-0.8288268208032817
696,-0.23686978835384903,0.3566362821914177,-0.20354717221775168
697,1.2041794582374057,0.37899511586665696,1.1846497316859528
698,-1.6104017378595694,0.446630337713832,-1.5267030631263807
699,-1.9070536484435792,0.4984485927945766,-1.8124748816703786
700,0.07607698061941957,0.3587560003169747,0.09792186973413895
701,-0.5284757666256054,0.41321662719874047,-0.4844581245354583
702,-1.4761285251340714,0.4510065135228104,-1.3973544939337206
703,-0.4708126003729333,0.4460931730751323,-0.4289098293952375
704,-0.7062050235018787,0.4306830810222167,-0.6556689313225011
705,-0.42043257012827,0.3574864766291549,-0.3803775518414684
706,-0.4258255314338413,0.40282778667235863,-0.3855727193244503
707,-0.06525824141742143,0.4243682686058373,-0.038229700455562274
708,-0.46549753112858727,0.402298335241227,-0.42378969718151316
709,1.4053649236124606,0.36802882827479233,1.3784564602240057
710,0.2195112382740886,0.41622873956079975,0.236095490698819
711,-0.6500796297778237,0.37399390283708306,-0.601602008916893
712,0.3116956114576513,0.3877266333584675,0.3248988829107323
713,0.0791541081313598,0.388313831708736,0.10088613961949976
714,-0.5897915203973102,0.35662703805245544,-0.5435250438289847
715,-0.1713958469754928,0.3567808157737501,-0.1404745722196564
716,-0.7732131560601466,0.3672508704352806,-0.7202194540570939
717,-0.08379881709294419,0.3811089271913732,-0.05609027656719427
718,-0.05426361171610734,0.3797717370832691,-0.0276383130015698
719,-0.2868436124986507,0.4122592710387737,-0.25168814180511456
720,-1.1051043060825023,0.38582430823867647,-1.0399380674104635
721,-0.7767848304712774,0.37161339159359,-0.7236601326952544
722,-1.5272011664582448,0.43466394928516744,-1.4465539801609333
723,-0.19785307790606085,0.34384360249699225,-0.16596145002800208
725,0.9649745595005716,0.3830499657294612,0.9542179816187324
726,0.4990080605634581,0.3772126243669691,0.5053414059725804
728,0.2239664724384154,0.35982881068729994,0.24038732339483143
729,-0.8002984588254037,0.43013728769149223,-0.7463113683542388
730,0.32148333804102175,0.35911243212662985,0.33432763197772714
731,0.31526933952005703,0.3494142495778195,0.32834153987985437
732,1.0264482452878216,0.3744806076200018,1.013437040567115
733,1.7318786117872114,0.3853797743623883,1.6929948370897165
734,0.4162379023731981,0.3256574017288014,0.42560695025766765
735,0.6344263498655126,0.33268618548475304,0.6357930545791249
736,0.08974292814121915,0.34463217441827293,0.11108660097670259
737,-0.912355896807238,0.3900203774193628,-0.854258955040627
738,-1.8108201983074328,0.4748578746757903,-1.7197709176337754
739,0.3866113160884573,0.3671073205085264,0.3970669572969838
740,-0.46165580717557697,0.3501239083489244,-0.4200888734172756
741,1.663911629597663,0.3907676943061096,1.6275206317727269
742,0.08879979700901044,0.4361967189336651,0.11017806039711844
743,0.9002821808829146,0.3328206421356052,0.8918982795574533
744,-0.04151017792878648,0.3467229230281626,-0.015352627873474082
745,1.794806360297736,0.4038668774202608,1.7536146291326178
746,1.4542027469910088,0.3994462838586515,1.4255030933407202
747,1.1621613305451666,0.33836288983472895,1.1441726731064679
748,2.169167044696105,0.4609443554950068,2.114245151825985
749,-0.5651381512923843,0.392811807226816,-0.5197758688835703
750,1.2576535046237898,0.3748952256558424,1.236162548342549
751,0.7555684532342042,0.35645905926891674,0.7524921148136017
752,-0.4498817879853043,0.3653198823355081,-0.408746681590659
753,-0.567970813787822,0.39171176955386694,-0.5225046398227122
754,1.0453439057541467,0.3406652568604337,1.0316396782761426
755,0.14491780240723617,0.3275110157041527,0.16423786545329153
756,1.277778628388728,0.4224181482671982,1.2555495571954745
757,0.5341102315725912,0.3734340104997129,0.5391561595144477
758,0.826515669858908,0.3325904542975642,0.8208372506179266
759,-0.29282943388918214,0.3755306526993072,-0.25745442546357533
760,1.226696279027763,0.3238402825963121,1.20634071898626
761,0.02631892042344458,0.3377206117304893,0.0499887506740524
762,1.8123262784765757,0.4128407195117974,1.770491981679758
763,1.0097975211144483,0.390357644941049,0.9973970032124527
764,0.0992919993533643,0.3510404584950652,0.12028544766651032
765,-0.6378687527089139,0.38293100346364695,-0.5898389815386776
766,0.2928789772112465,0.33702362876931274,0.306772373032922
767,-1.1604560422120689,0.3876238734582896,-1.0932597071132835
768,-0.02043594059310404,0.37045243252051113,0.004948684583909464
769,0.5271431267826343,0.3306880285713664,0.532444582292872
770,-0.07706617713270614,0.3994581110287711,-0.04960456487482222
771,2.546776094685521,0.4837525964289509,2.4780049021060613
772,1.1746890020905203,0.3760782983820904,1.1562408761144636
773,0.25538832338564327,0.3499671871026475,0.27065673736735607
774,0.8800125121016165,0.4048063985537102,0.8723720270633685
775,-0.3372841250538945,0.34248692532912683,-0.3002786834025917
776,-0.5011329144662249,0.3552078969587154,-0.4581181068009256
777,1.3668386618784143,0.37640266391298544,1.3413431989078526
778,1.1647959438033184,0.3883411083162507,1.1467106585199445
779,0.874521595455844,0.3303416611411386,0.8670824968788273
780,-1.0674238379127874,0.3930865594282712,-1.0036395790870611
781,-0.5329094125763436,0.4164677605663003,-0.48872916079350354
782,0.2852276327254398,0.32694543560392614,0.29940165149025266
783,-0.2735160635209642,0.3975000870542668,-0.23884939790291046
784,-0.3197673448080186,0.3517718681938851,-0.28340435370067013
785,0.06647384850889927,0.3474892271171665,0.08867094489924066
786,-0.3351894003318283,0.36681098054351063,-0.2982607854157038
787,0.06116409281674027,0.4192786052883301,0.08355593135631283
788,1.4570706714738002,0.41454754491011503,1.4282658329882778
789,0.05485062785711828,0.4219939984713035,0.07747402087991277
790,-0.15322022326172868,0.4170171359616139,-0.1229655629851352
791,0.695562412054615,0.3375259774592296,0.694686872710969
792,0.4387313632924526,0.3906885637514272,0.44727543444032164
793,0.2971361326293556,0.4495692463695032,0.3108733917766154
794,1.0469834682368455,0.37646452615783743,1.0332191076867774
795,1.70431758951797,0.3942917348270371,1.6664446509159374
796,-0.4714559488961916,0.40095384543721607,-0.42952958228031807
797,-0.1517417116903566,0.3530012853068779,-0.12154127773560641
798,-0.19362937636556432,0.3379833650157567,-0.16189265819774362
799,0.7178790691820076,0.39581388335623224,0.7161850376092255
800,-0.03235606262899805,0.40042902138108943,-0.006534251577727478
801,1.3388279539939911,0.36750763685850346,1.314359819919739
802,0.574825127317644,0.3500882926008085,0.5783777838619438
803,0.2438786067235429,0.32008633318537266,0.25956915443226114
804,0.13272491656968155,0.3428746073004308,0.1524921694547802
805,0.7180861798649268,0.34345582773995015,0.7163845522403
806,-0.32293429782431243,0.3977872734432128,-0.2864551546239744
807,1.4279235782935933,0.354487151896384,1.4001877471031028
808,0.5318180894992225,0.3179812357126189,0.536948084712643
809,0.21708888723782177,0.3777132970165968,0.23376198251603628
810,0.431243328868665,0.39305621357465514,0.4400620333521805
811,-1.660748202380938,0.481388499662436,-1.5752030060231177
812,1.1238982073085455,0.35997134370323763,1.1073128993434207
813,-0.26469661474355494,0.3859292976267886,-0.23035341380250754
814,2.2223732931626854,0.44185327755659254,2.165499992397432
815,0.05900684680913428,0.36086901144858746,0.08147780513279822
816,0.5090091544167027,0.4169850018657939,0.5149756967891956
817,0.3577026969268423,0.33565304645219307,0.3692185990877046
818,0.4706814171796702,0.3993534735558856,0.47805367882767147
819,1.0403693818186197,0.3688130521075272,1.026847601432115
820,-0.4585519420428723,0.35583696988773433,-0.41709884654793195
821,1.8305222229454987,0.406565437936322,1.788020566379492
822,1.4650067816711965,0.3976765064932501,1.4359108760921997
823,-0.07083537340558972,0.35805146785857767,-0.04360228392344258
824,1.4771926798665505,0.3844942694933051,1.4476498407293148
825,-0.01467246631627137,0.3810720348397929,0.010500775996297639
826,0.6134306627195978,0.3446718628932211,0.615567411381827
827,0.795959042647076,0.3776340848810512,0.7914013271825932
828,0.8017536094293273,0.3669906913433033,0.7969833707425981
829,-0.5582321409883074,0.36199675962663275,-0.5131231454286821
831,0.5886749963466924,0.34175791536707917,0.5917196910528854
832,1.05326856961449,0.36953201774400657,1.0392736948522092
833,0.6911931296437579,0.35158611226656666,0.690477839376834
834,0.3780175132490056,0.399050098176182,0.38878834327827116
835,0.29504825922068095,0.3824832262754651,0.30886209382234975
836,0.9316786520576948,0.3441379397660729,0.9221432445934707
837,-0.627618347531922,0.3426676546851955,-0.5799645232131776
838,0.7202965234082419,0.33421990266181295,0.7185138285788093
839,0.42464243880984304,0.348965444711035,0.4337032394633937
840,1.1936554635354393,0.3607429009083043,1.1745117180847335
841,0.4523896406247766,0.33817114611496224,0.4604327768075172
842,-0.00216876552813377,0.34657529914797197,0.022545887405563937
843,-0.1376171470196658,0.37441879564822966,-0.10793474972053557
844,-0.8135919993533401,0.4182879821300506,-0.7591173511105201
845,1.3519162664007085,0.34932089955183526,1.3269681015612638
846,0.00189807862915553,0.33806148013913306,0.02646357479977498
847,2.700898456785551,0.512340504717994,2.6264746274785167
848,0.13487300797471732,0.35299793179858774,0.1545614768325999
849,0.23919813966921957,0.3187178624969118,0.25506034955345197
850,0.05306657845155871,0.3531553203099428,0.07575540379096361
851,1.7417308988282356,0.4000118951683616,1.7024857787761805
852,-0.5419198595840651,0.3616742463538587,-0.49740913801738756
853,-2.2331467517396235,0.5450290119076038,-2.1266080991511274
855,0.7318027954134351,0.3480092034310146,0.729598093194239
856,-0.6697933183311703,0.3647497335491192,-0.6205926724761098
857,-0.3030263946130664,0.3725671947193629,-0.26727739948032586
858,-1.1343305651646798,0.4186826770156486,-1.0680924156858866
859,0.26234084269529806,0.34444991578265194,0.2773542640499616
860,0.1420890304389014,0.3589594397075827,0.16151284235114505
861,1.2942798181744617,0.35816986641100107,1.2714455445293342
862,-0.4355447308274101,0.3521767819131333,-0.3949354545248539
863,0.2083152998437542,0.4052411891973657,0.2253101777734966
864,-1.2102015871605902,0.40259867909926794,-1.1411807699387841
865,-0.6864419932132515,0.3741794359846079,-0.6366307356998853
866,0.8454326829154176,0.3892201018651589,0.8390604577833103
867,0.5324568818882909,0.3240092845695779,0.5375634485656408
868,-0.3277067017804408,0.38630118689999055,-0.2910525244999495
869,0.12037657938848166,0.3568430879122533,0.14059672349146618
870,0.979122319093772,0.392850786218688,0.9678468538525662
871,-0.8133757739487707,0.36341950305072857,-0.7589090560519864
872,0.02740790664951494,0.3618555305619888,0.051037796923513054
873,0.9428742161475973,0.3890484292909085,0.9329281969077801
874,-0.2369974433493043,0.4235165264529365,-0.203670145301342
875,0.33567343008498746,0.3900813390365439,0.3479972840650088
876,-0.5279221310877614,0.35507043496840635,-0.48392479429615937
877,1.617762282157732,0.4094459131378102,1.5830638712665674
878,0.6832142704021452,0.39013722812592266,0.6827916151051163
879,0.5886805777561561,0.39690111650756565,0.5917250677569469
880,-1.5267935639141337,0.4419238956398996,-1.4461613269666747
881,-0.27778180016355275,0.353260177094769,-0.24295868314359012
882,0.4210828420251728,0.3135693289156417,0.4302741954891412
883,-1.506859872176938,0.4329293956423837,-1.4269587291245796
884,-0.8719181749940549,0.37733079068646297,-0.8153043389129918
885,-1.169749108257247,0.46776671286852983,-1.1022119379563342
886,-0.181644046423706,0.38458800860743336,-0.15034690571433015
887,0.4842078306991622,0.4325263401458972,0.49108399365771427
888,-0.9223723557354055,0.37605016413411746,-0.8639080473981935
889,0.8266938213529859,0.3237726573725254,0.8210088681758203
890,0.01977608367914298,0.3566223294413483,0.04368588091948174
891,-1.5790633223488946,0.4486169861525935,-1.4965140244879904
892,-0.4081220754322541,0.3396440533513934,-0.3685185604413087
893,-1.6210174037608638,0.47179750479831806,-1.5369293857672703
894,-0.8640851666311521,0.39167254378687594,-0.807758616250595
895,-0.6120474884460598,0.3832645070582118,-0.5649647454989564
896,0.0307102598102655,0.3566572618226158,0.054219032016064234
897,-0.8719512186651184,0.3850374608601746,-0.8153361706647327
898,-1.2289613432679911,0.423413705720112,-1.1592524877568147
899,-0.2950636189564415,0.34247483813679597,-0.2596066689073395
900,-0.44369412254359647,0.3934793052061559,-0.4027859567723439
901,0.2213332759299486,0.3570728854207271,0.23785070276991502
902,0.5743115787531904,0.3783504753300053,0.5778830703545011
903,0.707503544557592,0.3649432491617344,0.7061900487536671
904,-0.2216545930057073,0.32925529748906407,-0.18889001381421835
905,1.9273394753002264,0.42837617839663183,1.8812869209341456
906,1.8064006016682357,0.4467112889367474,1.7647836367232412
907,0.5368566027031045,0.32741014901856047,0.5418018039359465
908,-0.727960308685192,0.3691430269478933,-0.6766263133179159
909,-0.26687784300012346,0.35977686851562446,-0.2324546426950234
910,0.5175627965216791,0.32757563999608175,0.5232156230202502
911,1.213303011231555,0.392148439630461,1.1934386665881005
912,0.07986700333139639,0.3527884029449824,0.1015728884671464
913,0.8902994812405965,0.3650874945735074,0.8822817083203169
914,-0.30952176636507,0.3522400430813449,-0.273534545082507
915,1.8850274862870324,0.4274238401496734,1.8405267787772663
916,0.7417463257023889,0.33987661811539893,0.7391769316646453
917,1.7298535771771288,0.4463862681588202,1.6910440732399286
918,0.8217526858132557,0.3986917859651572,0.816248955165042
919,1.2377780685839708,0.3582234746623612,1.2170160695948737
920,0.19459346879512615,0.35465798437441454,0.21209161260464213
921,-0.13981182056796868,0.35465825825033914,-0.11004893078134256
922,1.5885716131623897,0.37980185480984896,1.554943807765569
