"lhs","op","rhs","block","group","level","mi","epc","sepc.lv","sepc.all","sepc.nox"
"dQ17D","~~","dQ21D",1,1,1,21.3504602611202,-0.383779996648971,-0.383779996648971,-0.383779996648971,-0.383779996648971
"dQ17D","~~","dQ21D",2,2,1,20.8244992857574,-0.350393417849474,-0.350393417849474,-0.479917714190166,-0.479917714190166
"dQ7A","~~","dQ8S",2,2,1,19.1878513214498,-0.477421038981071,-0.477421038981071,-0.348106147719064,-0.348106147719064
"Str","=~","dQ5D",1,1,1,18.6381736034896,-0.337515029222551,-0.337515029222551,-0.284628202439971,-0.284628202439971
"Dep","=~","dQ2A",2,2,1,18.0259759596327,0.395771063143454,0.450779808520986,0.213496336250645,0.213496336250645
"Anx","=~","dQ5D",1,1,1,17.4100347290521,-0.323614656378483,-0.323614656378483,-0.27290594478239,-0.27290594478239
"dQ5D","~~","dQ2A",1,1,1,14.4722340532355,-0.267432455775646,-0.267432455775646,-0.267432455775646,-0.267432455775646
"dQ8S","~~","dQ14S",1,1,1,13.3278355880018,-0.267077633304083,-0.267077633304083,-0.267077633304083,-0.267077633304083
"Str","=~","dQ2A",2,2,1,13.146310262003,0.373977801399827,0.408557087251068,0.193498998021952,0.193498998021952
"dQ5D","~~","dQ8S",1,1,1,12.5159150515987,-0.268265512348005,-0.268265512348005,-0.268265512348005,-0.268265512348005
"Str","=~","dQ2A",1,1,1,12.3901855484952,-0.38069684277256,-0.38069684277256,-0.341116401579844,-0.341116401579844
"dQ17D","~~","dQ8S",2,2,1,12.3156312515156,0.438131460842858,0.438131460842858,0.437821596240819,0.437821596240819
"dQ12S","~~","dQ14S",2,2,1,12.1554175588272,0.453841353930311,0.453841353930311,0.271960003731865,0.271960003731865
"dQ21D","~~","dQ7A",2,2,1,11.6199226990505,0.406428052873073,0.406428052873073,0.406173810149661,0.406173810149661
"Dep","=~","dQ11S",2,2,1,11.5657575841543,-0.285337976833845,-0.324997480966172,-0.257410987868183,-0.257410987868183
"dQ2A","~*~","dQ2A",2,2,1,11.3357331369532,-0.354351533182815,-0.354351533182815,-1,-1
"dQ2A","~*~","dQ2A",1,1,1,11.3354395423579,0.670387714319033,0.670387714319033,1,1
"dQ5D","~~","dQ21D",2,2,1,11.2069574236007,0.391090485531319,0.391090485531319,0.398166025105343,0.398166025105343
"dQ5D","~~","dQ10D",2,2,1,10.8839366308992,0.46627351483963,0.46627351483963,0.33635179760385,0.33635179760385
"dQ21D","~~","dQ2A",2,2,1,10.1678889115863,0.538292219643863,0.538292219643863,0.350809609129113,0.350809609129113
"dQ2A","~~","dQ9A",2,2,1,10.0779601653339,0.603902922914337,0.603902922914337,0.298233141577378,0.298233141577378
"dQ13D","~~","dQ11S",2,2,1,10.0548765630294,-0.329523887925283,-0.329523887925283,-0.311928940894193,-0.311928940894193
"Str","=~","dQ13D",2,2,1,10.005825134583,-0.33058967588439,-0.361157145020489,-0.22120090478874,-0.22120090478874
"Str","=~","dQ21D",1,1,1,9.87490311532212,0.367031408271638,0.367031408271638,0.295688144744049,0.295688144744049
"dQ5D","~~","dQ21D",1,1,1,9.83273149425897,0.312250269325961,0.312250269325961,0.312250269325961,0.312250269325961
"dQ21D","~~","dQ8S",2,2,1,9.75258021699882,0.322540826380965,0.322540826380965,0.417138253836706,0.417138253836706
"dQ21D","~~","dQ8S",1,1,1,9.56333335230951,0.337675933494061,0.337675933494061,0.337675933494061,0.337675933494061
"dQ5D","~~","dQ19A",2,2,1,9.10994905393384,-0.357618993450614,-0.357618993450614,-0.231682832146096,-0.231682832146096
"dQ4A","~~","dQ14S",2,2,1,8.73687079629621,0.392656870684449,0.392656870684449,0.23475873560667,0.23475873560667
"Anx","=~","dQ21D",1,1,1,8.59463893241675,0.335547639950644,0.335547639950644,0.270324165437143,0.270324165437143
"Dep","=~","dQ7A",2,2,1,8.27136451327027,0.242841473504104,0.27659433223256,0.181081514045341,0.181081514045341
"dQ16D","~~","dQ2A",2,2,1,8.26440066572621,0.653587813193964,0.653587813193964,0.242457430004987,0.242457430004987
"Anx","=~","dQ13D",2,2,1,8.16960085747298,-0.284295641032179,-0.306039838509616,-0.187442752034952,-0.187442752034952
"dQ5D","~~","dQ17D",1,1,1,8.15458497160054,0.276519637844676,0.276519637844676,0.276519637844676,0.276519637844676
"dQ2A","~~","dQ7A",2,2,1,8.09388966301674,-0.562009151102511,-0.562009151102511,-0.206495970017007,-0.206495970017007
"dQ1S","~~","dQ12S",1,1,1,7.86501235126208,-0.196796289379652,-0.196796289379652,-0.196796289379652,-0.196796289379652
"dQ10D","~~","dQ21D",1,1,1,7.47317246654243,-0.262215368374884,-0.262215368374884,-0.262215368374884,-0.262215368374884
"Anx","=~","dQ17D",1,1,1,7.44145328860898,0.295377029543786,0.295377029543786,0.229633734625127,0.229633734625127
"dQ10D","~~","dQ18S",1,1,1,7.41523510417461,0.27774706626271,0.27774706626271,0.27774706626271,0.27774706626271
"Dep","=~","dQ9A",2,2,1,7.15589426850394,-0.205456843381465,-0.234013562748151,-0.176417367705285,-0.176417367705285
"Str","=~","dQ17D",1,1,1,7.09767171568086,0.293516083931863,0.293516083931863,0.228186987423897,0.228186987423897
"dQ21D","~~","dQ1S",1,1,1,6.85641545354012,0.23684344096213,0.23684344096213,0.23684344096213,0.23684344096213
"dQ5D","~~","dQ6S",1,1,1,6.83861725909146,-0.202340628863191,-0.202340628863191,-0.202340628863191,-0.202340628863191
"dQ4A","~~","dQ12S",1,1,1,6.73269107512955,-0.211996327252113,-0.211996327252113,-0.211996327252113,-0.211996327252113
"dQ17D","~~","dQ2A",1,1,1,6.55594889430818,0.238419794483683,0.238419794483683,0.238419794483683,0.238419794483683
"dQ3D","~~","dQ21D",1,1,1,6.49420848148176,-0.222382733892682,-0.222382733892682,-0.222382733892682,-0.222382733892682
"Anx","=~","dQ16D",2,2,1,6.41050027444977,0.241801405888196,0.260295454903038,0.159955066467716,0.159955066467716
"Str","=~","dQ16D",2,2,1,6.22233766578344,0.248949169583779,0.271967874077052,0.167127925423375,0.167127925423375
"dQ7A","~~","dQ11S",2,2,1,6.1925827200009,0.308972846185271,0.308972846185271,0.25599557781169,0.25599557781169
"dQ19A","~~","dQ1S",1,1,1,6.14944750539349,0.189550051524154,0.189550051524154,0.189550051524154,0.189550051524154
"dQ12S","~~","dQ18S",2,2,1,5.92045893735855,0.347607105218542,0.347607105218542,0.220513057001682,0.220513057001682
"dQ17D","~~","dQ7A",2,2,1,5.87243249598972,0.331093220628067,0.331093220628067,0.255667747113635,0.255667747113635
"dQ10D","~~","dQ8S",2,2,1,5.77203930468654,0.304725991155535,0.304725991155535,0.279235659993629,0.279235659993629
"dQ21D","~~","dQ20A",1,1,1,5.55363813905386,-0.222233903286517,-0.222233903286517,-0.222233903286517,-0.222233903286517
"dQ8S","~~","dQ11S",1,1,1,5.53199282945514,0.236671502789045,0.236671502789045,0.236671502789045,0.236671502789045
"dQ14S","~~","dQ18S",1,1,1,5.51669833465786,-0.168319955126573,-0.168319955126573,-0.168319955126573,-0.168319955126573
"dQ19A","~~","dQ1S",2,2,1,5.46042209713116,-0.230162726096053,-0.230162726096053,-0.167404571365341,-0.167404571365341
"Dep","=~","dQ8S",2,2,1,5.37277656428374,0.200655288497816,0.228544633378067,0.169209098223201,0.169209098223201
"dQ7A","~~","dQ1S",1,1,1,5.29107377836637,0.193305334240497,0.193305334240497,0.193305334240497,0.193305334240497
"dQ17D","~~","dQ14S",1,1,1,5.16650916176918,0.20910210983207,0.20910210983207,0.20910210983207,0.20910210983207
"dQ21D","~~","dQ18S",1,1,1,5.07424848959072,0.226436060413999,0.226436060413999,0.226436060413999,0.226436060413999
"dQ13D","~~","dQ6S",1,1,1,5.06843122761316,-0.194785036994624,-0.194785036994624,-0.194785036994624,-0.194785036994624
"dQ6S","~~","dQ18S",2,2,1,5.04933319519579,-0.245713371880071,-0.245713371880071,-0.177322436525255,-0.177322436525255
"dQ12S","~~","dQ14S",1,1,1,4.88696674172109,0.182460313609859,0.182460313609859,0.182460313609859,0.182460313609859
"dQ7A","~~","dQ12S",1,1,1,4.72973498569707,0.204111188791085,0.204111188791085,0.204111188791085,0.204111188791085
"dQ5D","~~","dQ7A",1,1,1,4.68403421492384,-0.173766147578456,-0.173766147578456,-0.173766147578456,-0.173766147578456
"dQ4A","~~","dQ19A",1,1,1,4.67267754567684,-0.181205614177842,-0.181205614177842,-0.181205614177842,-0.181205614177842
"Anx","=~","dQ17D",2,2,1,4.52560974183471,0.195937027862371,0.210923164869302,0.157472361221434,0.157472361221434
"dQ10D","~~","dQ11S",1,1,1,4.47668743876637,-0.197625221346396,-0.197625221346396,-0.197625221346396,-0.197625221346396
"dQ2A","~~","dQ19A",2,2,1,4.39847987553863,-0.38283439266634,-0.38283439266634,-0.158763495623691,-0.158763495623691
"dQ10D","~~","dQ11S",2,2,1,4.35837259626854,-0.207842612867373,-0.207842612867373,-0.216420294937384,-0.216420294937384
"dQ5D","~*~","dQ5D",1,1,1,4.34621996308834,0.248309667634871,0.248309667634871,1,1
"dQ5D","~*~","dQ5D",2,2,1,4.3461819129758,-0.1968646150634,-0.1968646150634,-1,-1
"Dep","=~","dQ2A",1,1,1,4.33990621907929,-0.197429841829893,-0.197429841829893,-0.176903377288384,-0.176903377288384
"dQ16D","~~","dQ17D",1,1,1,4.32886549030891,-0.182654389773418,-0.182654389773418,-0.182654389773418,-0.182654389773418
"dQ5D","~~","dQ14S",1,1,1,4.31531240622072,-0.147247866456545,-0.147247866456545,-0.147247866456545,-0.147247866456545
"dQ4A","~~","dQ9A",2,2,1,4.2033289235099,0.265578059601331,0.265578059601331,0.208866976114961,0.208866976114961
"dQ17D","~~","dQ14S",2,2,1,4.14969937914769,0.256327601437922,0.256327601437922,0.202242573673349,0.202242573673349
"dQ21D","~~","dQ20A",2,2,1,4.12499724230479,-0.176878141036097,-0.176878141036097,-0.225706041907367,-0.225706041907367
"dQ7A","~~","dQ20A",1,1,1,4.12362861303802,0.214378119810246,0.214378119810246,0.214378119810246,0.214378119810246
"dQ13D","~~","dQ21D",1,1,1,4.1218421610421,0.228708453549926,0.228708453549926,0.228708453549926,0.228708453549926
"dQ21D","~~","dQ4A",1,1,1,4.0792514468327,0.214088110424942,0.214088110424942,0.214088110424942,0.214088110424942
"dQ3D","~~","dQ1S",1,1,1,4.0122452152385,0.153439679377552,0.153439679377552,0.153439679377552,0.153439679377552
"dQ2A","~~","dQ1S",2,2,1,3.99768143145295,-0.327262088790325,-0.327262088790325,-0.137524996759426,-0.137524996759426
"dQ2A","~~","dQ4A",1,1,1,3.98157293957066,-0.165119115762303,-0.165119115762303,-0.165119115762303,-0.165119115762303
"dQ2A","~~","dQ14S",2,2,1,3.81685909229362,-0.362379739731658,-0.362379739731658,-0.13604533531106,-0.13604533531106
"dQ17D","~~","dQ2A",2,2,1,3.78948005208857,0.380405388594763,0.380405388594763,0.191556747421072,0.191556747421072
"dQ7A","~~","dQ6S",1,1,1,3.78887228236394,-0.15654756070706,-0.15654756070706,-0.15654756070706,-0.15654756070706
"dQ1S","~~","dQ8S",2,2,1,3.71026909177571,-0.198705945802057,-0.198705945802057,-0.165706198562201,-0.165706198562201
"dQ20A","~~","dQ18S",1,1,1,3.6696831164301,-0.160335048935431,-0.160335048935431,-0.160335048935431,-0.160335048935431
"dQ20A","~~","dQ14S",1,1,1,3.66652572434548,0.177571683100697,0.177571683100697,0.177571683100697,0.177571683100697
"dQ13D","~~","dQ18S",2,2,1,3.61616612259629,-0.252219022223623,-0.252219022223623,-0.175619912816194,-0.175619912816194
"dQ4A","~~","dQ1S",1,1,1,3.61194705016592,0.154472618378497,0.154472618378497,0.154472618378497,0.154472618378497
"dQ21D","~~","dQ15A",2,2,1,3.61106164528973,-0.188581408628286,-0.188581408628286,-0.240256586546616,-0.240256586546616
"dQ17D","~~","dQ12S",2,2,1,3.54502975954835,-0.229023901640645,-0.229023901640645,-0.184082637683429,-0.184082637683429
"dQ17D","~~","dQ6S",2,2,1,3.52440626621975,0.219883249981212,0.219883249981212,0.201054316020579,0.201054316020579
"Str","=~","dQ17D",2,2,1,3.40213191616001,0.184458873108662,0.201514580899732,0.150448040614656,0.150448040614656
"dQ5D","~~","dQ18S",1,1,1,3.40196020256265,-0.144677905595008,-0.144677905595008,-0.144677905595008,-0.144677905595008
"dQ13D","~*~","dQ13D",1,1,1,3.35384626674773,-0.169737048000576,-0.169737048000576,-1,-1
"dQ13D","~*~","dQ13D",2,2,1,3.35359669060456,0.147263993493431,0.147263993493431,1,1
"dQ17D","~~","dQ19A",2,2,1,3.32769894376082,0.219799420974216,0.219799420974216,0.191568329886593,0.191568329886593
"dQ21D","~~","dQ6S",1,1,1,3.32379781105194,0.18410072638177,0.18410072638177,0.18410072638177,0.18410072638177
"dQ3D","~~","dQ2A",2,2,1,3.31770413808034,-0.321648908432996,-0.321648908432996,-0.156317454879094,-0.156317454879094
"dQ5D","~~","dQ15A",2,2,1,3.30444537623527,0.253846330933517,0.253846330933517,0.18574658654751,0.18574658654751
"dQ10D","~~","dQ17D",2,2,1,3.24198526138706,-0.192078449569299,-0.192078449569299,-0.186404133745683,-0.186404133745683
"dQ13D","~~","dQ18S",1,1,1,3.23873790652267,-0.160627077654332,-0.160627077654332,-0.160627077654332,-0.160627077654332
"Str","=~","dQ9A",2,2,1,3.20978055565822,-0.177340796475172,-0.193738342188977,-0.146054818153206,-0.146054818153206
"dQ5D","~~","dQ15A",1,1,1,3.20249526780566,0.179642804962073,0.179642804962073,0.179642804962073,0.179642804962073
"dQ3D","~~","dQ8S",1,1,1,3.1548054601911,0.163110059127058,0.163110059127058,0.163110059127058,0.163110059127058
"dQ13D","~~","dQ17D",1,1,1,3.08554754136944,0.195991734667218,0.195991734667218,0.195991734667218,0.195991734667218
"dQ4A","~~","dQ14S",1,1,1,3.07828478375928,0.155015075704698,0.155015075704698,0.155015075704698,0.155015075704698
"dQ10D","~~","dQ16D",2,2,1,3.04294159576583,-0.234486239184441,-0.234486239184441,-0.167638982665881,-0.167638982665881
"dQ2A","~~","dQ11S",2,2,1,2.94310285587488,0.315409273074333,0.315409273074333,0.170416540564249,0.170416540564249
"dQ2A","~~","dQ8S",2,2,1,2.92793503902946,-0.304814991216251,-0.304814991216251,-0.144934440987667,-0.144934440987667
"dQ11S","~~","dQ18S",1,1,1,2.92778643146256,0.159683789999795,0.159683789999795,0.159683789999795,0.159683789999795
"dQ16D","~*~","dQ16D",1,1,1,2.90804177850531,0.188611047104342,0.188611047104342,1,1
"dQ16D","~*~","dQ16D",2,2,1,2.90792635322257,-0.151078992747902,-0.151078992747902,-1,-1
"dQ10D","~~","dQ12S",2,2,1,2.88763596415977,-0.21770061702906,-0.21770061702906,-0.160457610407512,-0.160457610407512
"dQ16D","~~","dQ15A",1,1,1,2.88744749499127,-0.170457196245909,-0.170457196245909,-0.170457196245909,-0.170457196245909
"Str","=~","dQ7A",2,2,1,2.77874878964564,0.174773679223814,0.190933860364331,0.125001088193754,0.125001088193754
"dQ21D","~~","dQ2A",1,1,1,2.77825008605275,0.166736280851819,0.166736280851819,0.166736280851819,0.166736280851819
"dQ10D","~~","dQ13D",1,1,1,2.77444517551775,0.191106017349515,0.191106017349515,0.191106017349515,0.191106017349515
"dQ13D","~~","dQ14S",1,1,1,2.71113786712714,-0.141419294217465,-0.141419294217465,-0.141419294217465,-0.141419294217465
"dQ4A","~~","dQ11S",2,2,1,2.70612185468284,-0.17756021536741,-0.17756021536741,-0.152781850024704,-0.152781850024704
"dQ19A","~~","dQ14S",1,1,1,2.6120971284597,0.130134545876628,0.130134545876628,0.130134545876628,0.130134545876628
"dQ2A","~~","dQ14S",1,1,1,2.59838162418612,-0.120200701828589,-0.120200701828589,-0.120200701828589,-0.120200701828589
"dQ7A","~~","dQ20A",2,2,1,2.58026278048595,0.203343188011388,0.203343188011388,0.146289603516547,0.146289603516547
"dQ5D","~~","dQ4A",1,1,1,2.50969990941098,-0.132491881723309,-0.132491881723309,-0.132491881723309,-0.132491881723309
"dQ5D","~~","dQ9A",2,2,1,2.48830927575217,-0.183826604719892,-0.183826604719892,-0.141817788454611,-0.141817788454611
"dQ3D","~~","dQ4A",2,2,1,2.44983164805785,-0.181094694783966,-0.181094694783966,-0.140158659508359,-0.140158659508359
"Dep","=~","dQ20A",2,2,1,2.44940861451621,-0.117176933677342,-0.133463511219371,-0.102138234690757,-0.102138234690757
"dQ1S","~~","dQ12S",2,2,1,2.44408769347508,-0.170345635198851,-0.170345635198851,-0.114261042204834,-0.114261042204834
"dQ16D","~~","dQ2A",1,1,1,2.39536091645765,0.146004224856459,0.146004224856459,0.146004224856459,0.146004224856459
"dQ7A","~~","dQ14S",2,2,1,2.38464354425783,-0.199923333790111,-0.199923333790111,-0.115095433782342,-0.115095433782342
"dQ17D","~~","dQ4A",1,1,1,2.38190745015806,0.161857571267204,0.161857571267204,0.161857571267204,0.161857571267204
"dQ3D","~~","dQ21D",2,2,1,2.38108033984589,0.142855444801598,0.142855444801598,0.188834889447539,0.188834889447539
"dQ4A","~~","dQ6S",2,2,1,2.37750294711713,0.190828558221494,0.190828558221494,0.132219640849632,0.132219640849632
"Anx","=~","dQ16D",1,1,1,2.34330140861865,-0.153340227166436,-0.153340227166436,-0.117636459314946,-0.117636459314946
"dQ2A","~~","dQ8S",1,1,1,2.30638160224436,-0.124689104935336,-0.124689104935336,-0.124689104935336,-0.124689104935336
"dQ6S","~~","dQ11S",1,1,1,2.29309127381433,0.143064381339721,0.143064381339721,0.143064381339721,0.143064381339721
"Anx","=~","dQ8S",2,2,1,2.23528419500356,-0.158380983982596,-0.170494667399918,-0.1262302618801,-0.1262302618801
"dQ8S","~~","dQ12S",1,1,1,2.22635880404949,0.14259858655691,0.14259858655691,0.14259858655691,0.14259858655691
"dQ10D","~~","dQ18S",2,2,1,2.20611084596535,0.208986394503335,0.208986394503335,0.160069488245603,0.160069488245603
"dQ21D","~~","dQ11S",2,2,1,2.14642767920848,-0.115171295294867,-0.115171295294867,-0.169255030651511,-0.169255030651511
"dQ17D","~~","dQ1S",2,2,1,2.13718085781689,0.159632888023842,0.159632888023842,0.140982685590384,0.140982685590384
"dQ21D","~~","dQ9A",1,1,1,2.13515767821361,0.155529643446978,0.155529643446978,0.155529643446978,0.155529643446978
"dQ16D","~~","dQ8S",2,2,1,2.12808385452999,0.201723553368953,0.201723553368953,0.148501249476604,0.148501249476604
"Anx","=~","dQ3D",2,2,1,2.12665050407209,-0.108467595098749,-0.11676368011492,-0.0950689512236638,-0.0950689512236638
"dQ3D","~~","dQ19A",1,1,1,2.11651480680741,-0.118181318669184,-0.118181318669184,-0.118181318669184,-0.118181318669184
"dQ17D","~~","dQ8S",1,1,1,2.11458483550687,0.157379914830133,0.157379914830133,0.157379914830133,0.157379914830133
"dQ5D","~~","dQ20A",1,1,1,2.10522101887721,0.140799400049267,0.140799400049267,0.140799400049267,0.140799400049267
"dQ15A","~~","dQ1S",2,2,1,2.10011593499045,0.170453151446047,0.170453151446047,0.140027723900213,0.140027723900213
"dQ13D","~~","dQ4A",2,2,1,2.09786684737328,0.223437517178267,0.223437517178267,0.149372180923103,0.149372180923103
"dQ8S","~~","dQ18S",1,1,1,2.08990638623572,-0.125674372167298,-0.125674372167298,-0.125674372167298,-0.125674372167298
"dQ5D","~~","dQ4A",2,2,1,2.08952563913417,-0.188400205303953,-0.188400205303953,-0.112304481647801,-0.112304481647801
"dQ5D","~~","dQ1S",2,2,1,2.06181240859899,-0.157165495871565,-0.157165495871565,-0.10317553356414,-0.10317553356414
"Dep","=~","dQ7A",1,1,1,2.03684619173867,-0.142466278504954,-0.142466278504954,-0.117036193617578,-0.117036193617578
"dQ8S","~~","dQ12S",2,2,1,2.0129684559666,0.176077008515465,0.176077008515465,0.133634672644714,0.133634672644714
"dQ6S","~~","dQ8S",2,2,1,2.00138880838256,-0.143502367583555,-0.143502367583555,-0.123898144628395,-0.123898144628395
"dQ10D","~~","dQ8S",1,1,1,1.99249006593779,0.151327695148255,0.151327695148255,0.151327695148255,0.151327695148255
"Dep","=~","dQ14S",2,2,1,1.98780467309789,0.0928243932989404,0.105726178930384,0.0752181266495391,0.0752181266495391
"dQ7A","~~","dQ8S",1,1,1,1.98742302158131,-0.123844759645732,-0.123844759645732,-0.123844759645732,-0.123844759645732
"Str","=~","dQ3D",2,2,1,1.98631652374621,-0.109479569210026,-0.119602430257965,-0.0973802606875284,-0.0973802606875284
"dQ2A","~~","dQ15A",1,1,1,1.95962551755149,0.141997990984975,0.141997990984975,0.141997990984975,0.141997990984975
"dQ4A","~~","dQ19A",2,2,1,1.95913130001455,-0.176248741347304,-0.176248741347304,-0.116400419167612,-0.116400419167612
"Str","=~","dQ19A",1,1,1,1.95222413029976,0.131426131278724,0.131426131278724,0.11172543220887,0.11172543220887
"Str","=~","dQ7A",1,1,1,1.94424012225421,-0.156564695491324,-0.156564695491324,-0.128618057602751,-0.128618057602751
"Str","=~","dQ16D",1,1,1,1.9310813678802,-0.141372995547004,-0.141372995547004,-0.108455680196992,-0.108455680196992
"dQ16D","~~","dQ18S",1,1,1,1.88821720346545,0.127903602488346,0.127903602488346,0.127903602488346,0.127903602488346
"dQ21D","~~","dQ14S",1,1,1,1.87899807990275,0.13362346631987,0.13362346631987,0.13362346631987,0.13362346631987
"dQ21D","~~","dQ1S",2,2,1,1.86091907867191,0.128399348358684,0.128399348358684,0.146760374783979,0.146760374783979
"dQ15A","~~","dQ18S",1,1,1,1.84257428775306,0.137456135633983,0.137456135633983,0.137456135633983,0.137456135633983
"dQ3D","~~","dQ9A",2,2,1,1.80788275204497,-0.134713168753019,-0.134713168753019,-0.134936948940796,-0.134936948940796
"dQ3D","~~","dQ12S",2,2,1,1.78932573840759,-0.147319192504314,-0.147319192504314,-0.114278873005602,-0.114278873005602
"dQ10D","~~","dQ7A",1,1,1,1.78768619476627,0.14538611370398,0.14538611370398,0.14538611370398,0.14538611370398
"dQ10D","~~","dQ6S",2,2,1,1.78723638298912,0.163419697868714,0.163419697868714,0.137023260359418,0.137023260359418
"Dep","=~","dQ1S",1,1,1,1.78391892981851,0.0752699547945485,0.0752699547945485,0.0714427622554633,0.0714427622554633
"dQ6S","~~","dQ12S",1,1,1,1.77033781259809,0.113333048521506,0.113333048521506,0.113333048521506,0.113333048521506
"dQ16D","~~","dQ19A",2,2,1,1.76594246676589,0.18576899598311,0.18576899598311,0.11927547661086,0.11927547661086
"dQ9A","~~","dQ19A",2,2,1,1.74086095523577,0.151159790047006,0.151159790047006,0.129202651646953,0.129202651646953
"dQ5D","~~","dQ17D",2,2,1,1.73124775040891,0.173236954534123,0.173236954534123,0.136277734526822,0.136277734526822
"dQ10D","~~","dQ20A",2,2,1,1.71971786663893,-0.148738694620161,-0.148738694620161,-0.134480415366603,-0.134480415366603
"dQ10D","~~","dQ19A",2,2,1,1.71457555466657,0.169541684045836,0.169541684045836,0.135500938231898,0.135500938231898
"dQ20A","~~","dQ6S",1,1,1,1.71393324567559,0.125488551857639,0.125488551857639,0.125488551857639,0.125488551857639
"dQ21D","~~","dQ19A",2,2,1,1.7014370239762,0.136224652965394,0.136224652965394,0.153658101608363,0.153658101608363
"dQ17D","~*~","dQ17D",1,1,1,1.69035065498703,-0.166757930307804,-0.166757930307804,-1,-1
"dQ17D","~*~","dQ17D",2,2,1,1.69002672573787,0.160127517055647,0.160127517055647,1,1
"dQ5D","~~","dQ10D",1,1,1,1.66896928248067,0.125142375267502,0.125142375267502,0.125142375267502,0.125142375267502
"dQ13D","~~","dQ8S",2,2,1,1.64953701548158,-0.154289323606507,-0.154289323606507,-0.128529445133641,-0.128529445133641
"Anx","=~","dQ1S",1,1,1,1.64639874452091,0.0736157924919897,0.0736157924919897,0.0698727078501401,0.0698727078501401
"dQ14S","~*~","dQ14S",1,1,1,1.62652555050694,0.171818044133339,0.171818044133339,1,1
"dQ14S","~*~","dQ14S",2,2,1,1.62652243790202,-0.135623484920661,-0.135623484920661,-1,-1
"dQ7A","~*~","dQ7A",1,1,1,1.60937936247585,0.17157555268931,0.17157555268931,1,1
"dQ7A","~*~","dQ7A",2,2,1,1.60902377769387,-0.136719403556268,-0.136719403556268,-1,-1
"Anx","=~","dQ1S",2,2,1,1.60457502634155,-0.0757658229800079,-0.0815607307419999,-0.0668595339637956,-0.0668595339637956
"dQ19A","~~","dQ6S",2,2,1,1.59688058941581,0.144205731074233,0.144205731074233,0.108590713261692,0.108590713261692
"dQ17D","~~","dQ11S",1,1,1,1.58510206539405,-0.115642569970322,-0.115642569970322,-0.115642569970322,-0.115642569970322
"dQ5D","~~","dQ13D",2,2,1,1.58208778848047,0.183665078629227,0.183665078629227,0.120443944802341,0.120443944802341
"dQ5D","~~","dQ18S",2,2,1,1.57745972590278,-0.169305367266807,-0.169305367266807,-0.105115978280255,-0.105115978280255
"dQ9A","~*~","dQ9A",1,1,1,1.57333272779626,-0.129254633648299,-0.129254633648299,-1,-1
"dQ9A","~*~","dQ9A",2,2,1,1.5732931768966,0.125943108658963,0.125943108658963,1,1
"dQ20A","~~","dQ8S",1,1,1,1.57166606333925,0.124539681697109,0.124539681697109,0.124539681697109,0.124539681697109
"dQ13D","~~","dQ2A",2,2,1,1.55442300860395,0.285525490004496,0.285525490004496,0.119858736888458,0.119858736888458
"dQ19A","~~","dQ20A",2,2,1,1.55412393018323,-0.12940823078784,-0.12940823078784,-0.105079318458803,-0.105079318458803
"dQ2A","~~","dQ18S",1,1,1,1.54069467714831,-0.0978763780656901,-0.0978763780656901,-0.0978763780656901,-0.0978763780656901
"dQ9A","~~","dQ11S",2,2,1,1.53863968436277,0.125253817848398,0.125253817848398,0.139483777576042,0.139483777576042
"dQ10D","~~","dQ13D",2,2,1,1.53152419191644,0.176925372342166,0.176925372342166,0.143133414962709,0.143133414962709
"Str","=~","dQ3D",1,1,1,1.50934439542779,0.101541657912933,0.101541657912933,0.0864133179836169,0.0864133179836169
"dQ3D","~~","dQ5D",2,2,1,1.45170552581418,-0.128961951976898,-0.128961951976898,-0.0979085372924183,-0.0979085372924183
"dQ3D","~~","dQ12S",1,1,1,1.44369934106779,-0.0977787133038834,-0.0977787133038834,-0.0977787133038834,-0.0977787133038834
"dQ9A","~~","dQ15A",2,2,1,1.39773922315313,-0.129569595747158,-0.129569595747158,-0.125087791420177,-0.125087791420177
"Dep","=~","dQ19A",1,1,1,1.38938393180434,0.1012452336536,0.1012452336536,0.086068633223686,0.086068633223686
"dQ5D","~~","dQ7A",2,2,1,1.37994457378967,-0.164807305987157,-0.164807305987157,-0.0945971874987346,-0.0945971874987346
"dQ13D","~~","dQ16D",1,1,1,1.36430693512296,0.122319548191703,0.122319548191703,0.122319548191703,0.122319548191703
"dQ17D","~~","dQ4A",2,2,1,1.35556652879395,0.154986120552504,0.154986120552504,0.124288920378895,0.124288920378895
"dQ2A","~~","dQ18S",2,2,1,1.3538254002951,0.232286901085812,0.232286901085812,0.0923185892946316,0.0923185892946316
"dQ8S","~~","dQ11S",2,2,1,1.32721264120259,0.118183737613345,0.118183737613345,0.126717604548774,0.126717604548774
"dQ17D","~~","dQ7A",1,1,1,1.3149634270126,0.115585246765355,0.115585246765355,0.115585246765355,0.115585246765355
"dQ17D","~~","dQ6S",1,1,1,1.30361007688149,0.111665137994147,0.111665137994147,0.111665137994147,0.111665137994147
"Str","=~","dQ9A",1,1,1,1.28306001828032,0.121307439916429,0.121307439916429,0.0938542622153309,0.0938542622153309
"dQ15A","~*~","dQ15A",2,2,1,1.27823478476566,0.104456685465433,0.104456685465433,1,1
"dQ15A","~*~","dQ15A",1,1,1,1.27791137120953,-0.110830310688509,-0.110830310688509,-1,-1
"dQ19A","~*~","dQ19A",2,2,1,1.27423829772132,0.128207685289578,0.128207685289578,1,1
"dQ19A","~*~","dQ19A",1,1,1,1.27404880061888,-0.147745260722461,-0.147745260722461,-1,-1
"dQ9A","~~","dQ6S",2,2,1,1.2460767324867,-0.111170414112918,-0.111170414112918,-0.0996892788437249,-0.0996892788437249
"dQ1S","~*~","dQ1S",2,2,1,1.24068355983452,0.158013773174737,0.158013773174737,1,1
"dQ1S","~*~","dQ1S",1,1,1,1.24067018445385,-0.182956122840917,-0.182956122840917,-1,-1
"dQ16D","~~","dQ6S",2,2,1,1.23510569108236,0.149255313642816,0.149255313642816,0.100538363599435,0.100538363599435
"Dep","=~","dQ6S",2,2,1,1.23464511185303,0.0843802765686733,0.0961084032078093,0.0728701998266428,0.0728701998266428
"Anx","=~","dQ14S",2,2,1,1.23191944387176,0.0824813452258988,0.0887898860543304,0.0631689233641022,0.0631689233641022
"Dep","=~","dQ9A",1,1,1,1.2242665065421,0.107043103578763,0.107043103578763,0.0828180985316754,0.0828180985316754
"Anx","=~","dQ3D",1,1,1,1.19893916145931,0.0896059479295498,0.0896059479295498,0.0762558680920788,0.0762558680920788
"dQ10D","~~","dQ14S",2,2,1,1.1894478702134,0.143979606822824,0.143979606822824,0.104171000086527,0.104171000086527
"Dep","=~","dQ12S",1,1,1,1.18086671563473,-0.0946802012319186,-0.0946802012319186,-0.0789735633872689,-0.0789735633872689
"dQ11S","~~","dQ12S",1,1,1,1.17636781091163,-0.0939632883927692,-0.0939632883927692,-0.0939632883927692,-0.0939632883927692
"dQ11S","~*~","dQ11S",1,1,1,1.17090649056277,-0.113743117035726,-0.113743117035726,-1,-1
"dQ11S","~*~","dQ11S",2,2,1,1.17048939469228,0.115628623332542,0.115628623332542,1,1
"dQ6S","~~","dQ18S",1,1,1,1.16849106266654,-0.0896572328003091,-0.0896572328003091,-0.0896572328003091,-0.0896572328003091
"dQ16D","~~","dQ9A",1,1,1,1.14599336137699,-0.10297513576518,-0.10297513576518,-0.10297513576518,-0.10297513576518
"Str","=~","dQ15A",1,1,1,1.13536252647754,0.148457349938986,0.148457349938986,0.104051186959735,0.104051186959735
"dQ3D","~~","dQ20A",1,1,1,1.11407051783902,0.100772691123007,0.100772691123007,0.100772691123007,0.100772691123007
"dQ3D","~~","dQ14S",2,2,1,1.11370809907817,-0.11539206540071,-0.11539206540071,-0.0878673959951817,-0.0878673959951817
"dQ10D","~~","dQ1S",2,2,1,1.10402913416303,0.12280951789142,0.12280951789142,0.0994589970677279,0.0994589970677279
"Anx","=~","dQ12S",2,2,1,1.09810206033015,0.102072561104739,0.109879525424104,0.0747626641438491,0.0747626641438491
"dQ9A","~~","dQ20A",2,2,1,1.08218216662337,0.108793849542139,0.108793849542139,0.105198308629631,0.105198308629631
"dQ10D","~~","dQ17D",1,1,1,1.06755501568479,-0.101905066717627,-0.101905066717627,-0.101905066717627,-0.101905066717627
"Anx","=~","dQ14S",1,1,1,1.06204376524842,-0.0738334650355753,-0.0738334650355753,-0.0665467243078672,-0.0665467243078672
"dQ2A","~~","dQ1S",1,1,1,1.06105617159186,-0.0723043954705325,-0.0723043954705325,-0.0723043954705325,-0.0723043954705325
"Anx","=~","dQ11S",1,1,1,1.05791658826045,0.110668647420397,0.110668647420397,0.0862092950893043,0.0862092950893043
"dQ13D","~~","dQ6S",2,2,1,1.0520840284279,-0.128017968926311,-0.128017968926311,-0.0975812108554501,-0.0975812108554501
"Dep","=~","dQ8S",1,1,1,1.02625040295945,0.0974942648237461,0.0974942648237461,0.07611718371535,0.07611718371535
"dQ7A","~~","dQ14S",1,1,1,1.01460341080868,-0.0815370385757299,-0.0815370385757299,-0.0815370385757299,-0.0815370385757299
"dQ16D","~~","dQ4A",2,2,1,1.00758738107306,0.154711964038625,0.154711964038625,0.0913995936951154,0.0913995936951154
"dQ17D","~~","dQ9A",2,2,1,1.00235525544304,-0.110206215661977,-0.110206215661977,-0.114380587869716,-0.114380587869716
"dQ15A","~~","dQ11S",2,2,1,1.00225237563132,0.110343724268962,0.110343724268962,0.116548845112479,0.116548845112479
"dQ2A","~~","dQ15A",2,2,1,0.979126301585853,0.213850171610128,0.213850171610128,0.100167303582678,0.100167303582678
"dQ8S","~~","dQ18S",2,2,1,0.969895183229422,-0.117231341982292,-0.117231341982292,-0.0924591980571731,-0.0924591980571731
"dQ16D","~~","dQ7A",1,1,1,0.957497935723463,-0.0912453494432849,-0.0912453494432849,-0.0912453494432849,-0.0912453494432849
"dQ19A","~~","dQ11S",1,1,1,0.93999884518219,0.0893846940154718,0.0893846940154718,0.0893846940154718,0.0893846940154718
"dQ2A","~~","dQ12S",2,2,1,0.93997620274263,0.201290951029962,0.201290951029962,0.0769837049606827,0.0769837049606827
"dQ7A","~~","dQ12S",2,2,1,0.931350875922799,0.142572290902717,0.142572290902717,0.0836150679228434,0.0836150679228434
"dQ19A","~~","dQ20A",1,1,1,0.926999681422607,-0.0844010663532429,-0.0844010663532429,-0.0844010663532429,-0.0844010663532429
"dQ10D","~~","dQ2A",2,2,1,0.9009610652,0.197925298559052,0.197925298559052,0.0913946435464435,0.0913946435464435
"dQ4A","~~","dQ11S",1,1,1,0.891343433940716,0.0910305881345014,0.0910305881345014,0.0910305881345014,0.0910305881345014
"dQ19A","~~","dQ8S",2,2,1,0.878668009745835,-0.100457355703109,-0.100457355703109,-0.0826729423717227,-0.0826729423717227
"dQ5D","~~","dQ16D",1,1,1,0.869183300331257,0.0846318980474725,0.0846318980474725,0.0846318980474725,0.0846318980474725
"dQ5D","~~","dQ8S",2,2,1,0.858269801671064,-0.110802298585499,-0.110802298585499,-0.0823033700049291,-0.0823033700049291
"dQ13D","~~","dQ19A",2,2,1,0.851663331056906,-0.120920180428964,-0.120920180428964,-0.0878557059298287,-0.0878557059298287
"dQ10D","~~","dQ9A",2,2,1,0.850378254615606,-0.104360479988981,-0.104360479988981,-0.0993232549147396,-0.0993232549147396
"dQ2A","~~","dQ20A",2,2,1,0.843276288136941,0.166798365495326,0.166798365495326,0.0782529579942299,0.0782529579942299
"dQ20A","~~","dQ11S",1,1,1,0.821204153079871,0.0922557884761948,0.0922557884761948,0.0922557884761948,0.0922557884761948
"dQ13D","~~","dQ12S",1,1,1,0.799870271116159,-0.0859880184912489,-0.0859880184912489,-0.0859880184912489,-0.0859880184912489
"dQ16D","~~","dQ21D",1,1,1,0.795404735720794,-0.0888666748344025,-0.0888666748344025,-0.0888666748344025,-0.0888666748344025
"dQ10D","~~","dQ4A",2,2,1,0.793708915168077,-0.122583598575725,-0.122583598575725,-0.0901447866179442,-0.0901447866179442
"Dep","=~","dQ12S",2,2,1,0.792271680557251,-0.0723556231354375,-0.0824124272334351,-0.056073891789681,-0.056073891789681
"dQ2A","~~","dQ4A",2,2,1,0.787773717293028,-0.183185525795339,-0.183185525795339,-0.0698993762560234,-0.0698993762560234
"dQ3D","~~","dQ14S",1,1,1,0.775867559983282,0.0718568234267543,0.0718568234267543,0.0718568234267543,0.0718568234267543
"dQ3D","~~","dQ5D",1,1,1,0.771888132656294,0.0728642526259672,0.0728642526259672,0.0728642526259672,0.0728642526259672
"dQ16D","~~","dQ1S",1,1,1,0.765635720888599,-0.0737760003595043,-0.0737760003595043,-0.0737760003595043,-0.0737760003595043
"dQ11S","~~","dQ18S",2,2,1,0.76400498788053,0.100560199695929,0.100560199695929,0.0901227681846332,0.0901227681846332
"dQ15A","~~","dQ12S",2,2,1,0.75954081701319,0.119684550119043,0.119684550119043,0.089482003071312,0.089482003071312
"dQ12S","~~","dQ18S",1,1,1,0.759233051244708,0.0756071900147547,0.0756071900147547,0.0756071900147547,0.0756071900147547
"Anx","=~","dQ12S",1,1,1,0.751148927380488,-0.0814436587307649,-0.0814436587307649,-0.0679328503908675,-0.0679328503908675
"dQ3D","~~","dQ4A",1,1,1,0.747263272210968,-0.0766696294301616,-0.0766696294301616,-0.0766696294301616,-0.0766696294301616
"dQ3D","~~","dQ18S",2,2,1,0.746036044675532,0.0980980408388531,0.0980980408388531,0.0790782110315438,0.0790782110315438
"dQ4A","~~","dQ9A",1,1,1,0.740357055019839,0.0826435314144523,0.0826435314144523,0.0826435314144523,0.0826435314144523
"dQ13D","~~","dQ7A",2,2,1,0.704014799939794,0.126975615060734,0.126975615060734,0.0817372455773968,0.0817372455773968
"Str","=~","dQ15A",2,2,1,0.702163499025798,-0.10717708460187,-0.117087049929434,-0.077335151475307,-0.077335151475307
"dQ20A","~~","dQ6S",2,2,1,0.700155126726225,0.0889929585321755,0.0889929585321755,0.0758114977150367,0.0758114977150367
"dQ17D","~~","dQ20A",1,1,1,0.699432109399597,-0.0812941269984964,-0.0812941269984964,-0.0812941269984964,-0.0812941269984964
"dQ3D","~~","dQ10D",1,1,1,0.686506712746766,-0.0784527180316915,-0.0784527180316915,-0.0784527180316915,-0.0784527180316915
"dQ15A","~~","dQ19A",2,2,1,0.684707820692377,-0.098852041082768,-0.098852041082768,-0.0801398261617688,-0.0801398261617688
"dQ8S","~~","dQ14S",2,2,1,0.680357559292189,-0.0918533651630609,-0.0918533651630609,-0.0684316111206521,-0.0684316111206521
"dQ17D","~~","dQ20A",2,2,1,0.679623375734064,-0.0856999393234239,-0.0856999393234239,-0.0844981012254409,-0.0844981012254409
"dQ3D","~~","dQ7A",1,1,1,0.672957384445684,-0.0738744520757066,-0.0738744520757066,-0.0738744520757066,-0.0738744520757066
"dQ6S","~~","dQ14S",2,2,1,0.66660104572283,-0.0886657465046548,-0.0886657465046548,-0.0604430095853849,-0.0604430095853849
"dQ3D","~~","dQ1S",2,2,1,0.666116212838552,-0.0785565342426649,-0.0785565342426649,-0.0669576684994966,-0.0669576684994966
"dQ3D","~~","dQ13D",2,2,1,0.663065054100188,0.0984800778827744,0.0984800778827744,0.0838504228413833,0.0838504228413833
"dQ21D","~~","dQ6S",2,2,1,0.658449440108408,0.0791099689121958,0.0791099689121958,0.0936170713930021,0.0936170713930021
"dQ15A","~~","dQ8S",2,2,1,0.647306487194272,-0.091476268190513,-0.091476268190513,-0.0850289400906161,-0.0850289400906161
"Dep","=~","dQ14S",1,1,1,0.644907819675659,-0.0549835516228614,-0.0549835516228614,-0.0495571384811878,-0.0495571384811878
"dQ3D","~~","dQ11S",1,1,1,0.643500555927939,0.0731182370755598,0.0731182370755598,0.0731182370755598,0.0731182370755598
"dQ9A","~~","dQ8S",2,2,1,0.641158854907061,-0.078803551530433,-0.078803551530433,-0.0772283060475411,-0.0772283060475411
"dQ13D","~~","dQ9A",2,2,1,0.636191256099725,-0.099877682316183,-0.099877682316183,-0.0864149151436607,-0.0864149151436607
"dQ20A","~~","dQ12S",1,1,1,0.635370109628363,-0.0692578087255036,-0.0692578087255036,-0.0692578087255036,-0.0692578087255036
"dQ1S","~~","dQ14S",1,1,1,0.632942432157909,-0.0555551943789293,-0.0555551943789293,-0.0555551943789293,-0.0555551943789293
"dQ10D","~~","dQ20A",1,1,1,0.627870826275047,-0.0860025733050913,-0.0860025733050913,-0.0860025733050913,-0.0860025733050913
"dQ20A","~~","dQ1S",2,2,1,0.626610608633809,-0.0814496011839444,-0.0814496011839444,-0.0670178589403025,-0.0670178589403025
"Str","=~","dQ19A",2,2,1,0.618888704399571,-0.0690766151045444,-0.0754636787494864,-0.0556642673630979,-0.0556642673630979
"dQ10D","~~","dQ19A",1,1,1,0.595195116674762,0.0783019052274567,0.0783019052274567,0.0783019052274567,0.0783019052274567
"dQ12S","~*~","dQ12S",2,2,1,0.592883014759548,-0.0751227218804671,-0.0751227218804671,-1,-1
"dQ12S","~*~","dQ12S",1,1,1,0.592755082244307,0.092082907177708,0.092082907177708,1,1
"dQ7A","~~","dQ9A",2,2,1,0.583142779656066,-0.0938530740491366,-0.0938530740491366,-0.0710742255240085,-0.0710742255240085
"dQ10D","~~","dQ4A",1,1,1,0.577177285063993,0.0816234791156892,0.0816234791156892,0.0816234791156892,0.0816234791156892
"dQ3D","~~","dQ7A",2,2,1,0.568106769501729,0.0959262532854699,0.0959262532854699,0.0714887556506326,0.0714887556506326
"dQ13D","~~","dQ17D",2,2,1,0.555078168206993,0.10093790390318,0.10093790390318,0.089050539716416,0.089050539716416
"dQ21D","~*~","dQ21D",1,1,1,0.545811335558892,-0.116200108948608,-0.116200108948608,-1,-1
"dQ21D","~*~","dQ21D",2,2,1,0.545740680016233,0.128199086796144,0.128199086796144,1,1
"dQ7A","~~","dQ18S",1,1,1,0.544543964471367,-0.0622846072357185,-0.0622846072357185,-0.0622846072357185,-0.0622846072357185
"dQ4A","~~","dQ20A",1,1,1,0.530128558107442,-0.0708344038999027,-0.0708344038999027,-0.0708344038999027,-0.0708344038999027
"dQ3D","~~","dQ9A",1,1,1,0.528790422103664,0.0668893080571413,0.0668893080571413,0.0668893080571413,0.0668893080571413
"dQ9A","~~","dQ12S",1,1,1,0.519473899393475,-0.0619099033749138,-0.0619099033749138,-0.0619099033749138,-0.0619099033749138
"dQ13D","~~","dQ15A",1,1,1,0.51654462755762,-0.0770858079911806,-0.0770858079911806,-0.0770858079911806,-0.0770858079911806
"dQ15A","~~","dQ14S",2,2,1,0.511956360541587,-0.0876732872592371,-0.0876732872592371,-0.0643443008293563,-0.0643443008293563
"dQ15A","~~","dQ14S",1,1,1,0.509984158303843,0.0704937088244993,0.0704937088244993,0.0704937088244993,0.0704937088244993
"dQ15A","~~","dQ11S",1,1,1,0.497597179273263,-0.0726398538759181,-0.0726398538759181,-0.0726398538759181,-0.0726398538759181
"dQ16D","~~","dQ15A",2,2,1,0.493575022926808,0.105594227007894,0.105594227007894,0.0765763701212945,0.0765763701212945
"dQ3D","~*~","dQ3D",2,2,1,0.492070553491015,0.0876345525180244,0.0876345525180244,1,1
"dQ3D","~*~","dQ3D",1,1,1,0.491977437707572,-0.0915882541526949,-0.0915882541526949,-1,-1
"dQ13D","~~","dQ1S",2,2,1,0.487805918080748,0.0876887821007943,0.0876887821007943,0.064559694081972,0.064559694081972
"dQ13D","~~","dQ9A",1,1,1,0.487605178135321,0.0703924018715257,0.0703924018715257,0.0703924018715257,0.0703924018715257
"dQ10D","~~","dQ12S",1,1,1,0.484543684653975,-0.0676632084044089,-0.0676632084044089,-0.0676632084044089,-0.0676632084044089
"dQ20A","~~","dQ14S",2,2,1,0.481671500515983,0.0784728697683246,0.0784728697683246,0.0576839409121626,0.0576839409121626
"Dep","=~","dQ20A",1,1,1,0.47241990565969,-0.0659084775731116,-0.0659084775731116,-0.0532139610079058,-0.0532139610079058
"dQ3D","~~","dQ19A",2,2,1,0.466171557582674,0.07279087691109,0.07279087691109,0.061227809157758,0.061227809157758
"Anx","=~","dQ5D",2,2,1,0.463710154781173,-0.0523869234823894,-0.0563937088319669,-0.0377043454524894,-0.0377043454524894
"dQ4A","~~","dQ15A",1,1,1,0.457955939765736,0.0740683959758899,0.0740683959758899,0.0740683959758899,0.0740683959758899
"dQ5D","~~","dQ11S",2,2,1,0.456510777698192,-0.0742395113264516,-0.0742395113264516,-0.0626622468236353,-0.0626622468236353
"dQ3D","~~","dQ16D",1,1,1,0.452214113346722,0.0632099676288699,0.0632099676288699,0.0632099676288699,0.0632099676288699
"dQ13D","~~","dQ19A",1,1,1,0.428906311444152,0.0644142571639957,0.0644142571639957,0.0644142571639957,0.0644142571639957
"dQ15A","~~","dQ19A",1,1,1,0.419360469670225,-0.0613537554953834,-0.0613537554953834,-0.0613537554953834,-0.0613537554953834
"dQ21D","~~","dQ18S",2,2,1,0.399009217063654,0.0709994365659622,0.0709994365659622,0.0767501775322098,0.0767501775322098
"dQ16D","~~","dQ8S",1,1,1,0.395904946759464,0.0626615261556509,0.0626615261556509,0.0626615261556509,0.0626615261556509
"dQ20A","~~","dQ8S",2,2,1,0.38948978168308,0.0665257294771053,0.0665257294771053,0.0619356306881469,0.0619356306881469
"dQ7A","~~","dQ19A",2,2,1,0.38581880847276,0.0828063871598855,0.0828063871598855,0.0526597029611798,0.0526597029611798
"dQ17D","~~","dQ15A",1,1,1,0.384009260408078,0.0673564871058696,0.0673564871058696,0.0673564871058696,0.0673564871058696
"Dep","=~","dQ15A",1,1,1,0.372414851120657,0.073851660177123,0.073851660177123,0.0517613503375539,0.0517613503375539
"dQ16D","~~","dQ4A",1,1,1,0.372076494078642,0.0598796454779583,0.0598796454779583,0.0598796454779583,0.0598796454779583
"dQ4A","~~","dQ7A",1,1,1,0.360773533723643,-0.0552296223729038,-0.0552296223729038,-0.0552296223729038,-0.0552296223729038
"dQ3D","~~","dQ15A",2,2,1,0.355417441452107,0.0705401069210549,0.0705401069210549,0.0670169341495273,0.0670169341495273
"dQ21D","~~","dQ14S",2,2,1,0.350889242033531,0.0641230704761861,0.0641230704761861,0.0654778037240318,0.0654778037240318
"dQ7A","~~","dQ15A",2,2,1,0.349278589531331,-0.0814965160888664,-0.0814965160888664,-0.0585369763293473,-0.0585369763293473
"dQ13D","~~","dQ15A",2,2,1,0.346622573192284,-0.0812434137301381,-0.0812434137301381,-0.0666708548544086,-0.0666708548544086
"dQ5D","~~","dQ12S",1,1,1,0.338355412726362,0.0486694125102402,0.0486694125102402,0.0486694125102402,0.0486694125102402
"dQ2A","~~","dQ11S",1,1,1,0.337900538676907,-0.0491343846960285,-0.0491343846960285,-0.0491343846960285,-0.0491343846960285
"dQ3D","~~","dQ6S",1,1,1,0.334708306498091,0.0494020154236575,0.0494020154236575,0.0494020154236575,0.0494020154236575
"Dep","=~","dQ6S",1,1,1,0.334333413776969,-0.0476761972663467,-0.0476761972663467,-0.0403384170558202,-0.0403384170558202
"dQ17D","~~","dQ19A",1,1,1,0.327654881308169,0.0520035785856266,0.0520035785856266,0.0520035785856266,0.0520035785856266
"dQ15A","~~","dQ6S",2,2,1,0.316682097016575,-0.0653197755654384,-0.0653197755654384,-0.0555560708344589,-0.0555560708344589
"dQ17D","~~","dQ18S",1,1,1,0.315566083500943,0.0523080779392459,0.0523080779392459,0.0523080779392459,0.0523080779392459
"dQ10D","~~","dQ7A",2,2,1,0.314844937695467,0.081699468490581,0.081699468490581,0.0578513540073715,0.0578513540073715
"dQ20A","~~","dQ11S",2,2,1,0.303700136494586,0.0540750781294727,0.0540750781294727,0.0572071200126898,0.0572071200126898
"dQ21D","~~","dQ12S",2,2,1,0.296463287900935,-0.0566639814909063,-0.0566639814909063,-0.0589442831829925,-0.0589442831829925
"dQ20A","~~","dQ12S",2,2,1,0.293260809667638,-0.0625969728062827,-0.0625969728062827,-0.0468752427003843,-0.0468752427003843
"dQ10D","~*~","dQ10D",2,2,1,0.292345314982715,-0.0545563730994762,-0.0545563730994762,-1,-1
"dQ10D","~*~","dQ10D",1,1,1,0.292279241119695,0.0598457149186924,0.0598457149186924,1,1
"dQ5D","~~","dQ1S",1,1,1,0.288022821667632,-0.040098738762288,-0.040098738762288,-0.040098738762288,-0.040098738762288
"dQ7A","~~","dQ15A",1,1,1,0.285961312737737,0.0558548201127821,0.0558548201127821,0.0558548201127821,0.0558548201127821
"dQ5D","~~","dQ11S",1,1,1,0.28229527615932,-0.0465703118069886,-0.0465703118069886,-0.0465703118069886,-0.0465703118069886
"dQ4A","~~","dQ7A",2,2,1,0.278593922613083,-0.0765080272279276,-0.0765080272279276,-0.0447676204681375,-0.0447676204681375
"dQ15A","~~","dQ8S",1,1,1,0.278534535775335,-0.0512101157181947,-0.0512101157181947,-0.0512101157181947,-0.0512101157181947
"dQ13D","~~","dQ20A",1,1,1,0.264607608744141,-0.0549251705995909,-0.0549251705995909,-0.0549251705995909,-0.0549251705995909
"dQ14S","~~","dQ18S",2,2,1,0.262350025662681,-0.0630734181231074,-0.0630734181231074,-0.0392769017431333,-0.0392769017431333
"dQ16D","~~","dQ6S",1,1,1,0.259728021779849,0.0488451180628908,0.0488451180628908,0.0488451180628908,0.0488451180628908
"dQ5D","~~","dQ16D",2,2,1,0.257610553407848,-0.073458183549946,-0.073458183549946,-0.0425701624728732,-0.0425701624728732
"dQ16D","~~","dQ1S",2,2,1,0.251469638329703,0.0613228165988813,0.0613228165988813,0.0398975529884959,0.0398975529884959
"dQ3D","~~","dQ15A",1,1,1,0.246840903726624,0.0499516465950332,0.0499516465950332,0.0499516465950332,0.0499516465950332
"dQ16D","~~","dQ14S",1,1,1,0.243239515294445,0.0423791781981584,0.0423791781981584,0.0423791781981584,0.0423791781981584
"dQ9A","~~","dQ19A",1,1,1,0.238996626436328,0.04392320167254,0.04392320167254,0.04392320167254,0.04392320167254
"dQ10D","~~","dQ15A",1,1,1,0.234301760868346,-0.0545881682805557,-0.0545881682805557,-0.0545881682805557,-0.0545881682805557
"dQ2A","~~","dQ7A",1,1,1,0.232501091513267,-0.0415588414929936,-0.0415588414929936,-0.0415588414929936,-0.0415588414929936
"dQ9A","~~","dQ1S",2,2,1,0.23125509265193,0.0492046163470743,0.0492046163470743,0.04261742800072,0.04261742800072
"dQ4A","~~","dQ6S",1,1,1,0.230251347721957,-0.0421667574501223,-0.0421667574501223,-0.0421667574501223,-0.0421667574501223
"Dep","=~","dQ4A",1,1,1,0.227725660382366,0.046222686102445,0.046222686102445,0.0392887085226871,0.0392887085226871
"dQ3D","~~","dQ10D",2,2,1,0.223796897637348,0.0535792050081197,0.0535792050081197,0.0501819764791126,0.0501819764791126
"dQ10D","~~","dQ2A",1,1,1,0.219721541686032,0.0454011156711743,0.0454011156711743,0.0454011156711743,0.0454011156711743
"Dep","=~","dQ18S",1,1,1,0.218063287061332,0.0414088568742527,0.0414088568742527,0.0351660409419344,0.0351660409419344
"dQ3D","~~","dQ6S",2,2,1,0.215375908928171,-0.0456901787348028,-0.0456901787348028,-0.0403198315989872,-0.0403198315989872
"Str","=~","dQ10D",2,2,1,0.211554715750226,0.0483805311002027,0.0528539629677808,0.035400334130015,0.035400334130015
"dQ17D","~~","dQ11S",2,2,1,0.2062786241174,0.0463637042267451,0.0463637042267451,0.0526469088847651,0.0526469088847651
"dQ1S","~~","dQ6S",2,2,1,0.205642657044571,-0.0456885000831193,-0.0456885000831193,-0.0348628835491757,-0.0348628835491757
"dQ10D","~~","dQ14S",1,1,1,0.20236979856218,0.0418909991949311,0.0418909991949311,0.0418909991949311,0.0418909991949311
"dQ21D","~~","dQ4A",2,2,1,0.200632309940129,-0.0498061197474795,-0.0498061197474795,-0.0516921862559478,-0.0516921862559478
"dQ5D","~~","dQ19A",1,1,1,0.198990230518406,-0.0350796343177795,-0.0350796343177795,-0.0350796343177795,-0.0350796343177795
"dQ13D","~~","dQ8S",1,1,1,0.197534746671593,-0.0422148563976074,-0.0422148563976074,-0.0422148563976074,-0.0422148563976074
"Dep","=~","dQ15A",2,2,1,0.191356435212186,-0.041446105106202,-0.0472067542667777,-0.0311797205077683,-0.0311797205077683
"dQ1S","~~","dQ11S",1,1,1,0.189852475921917,-0.0355722023691181,-0.0355722023691181,-0.0355722023691181,-0.0355722023691181
"dQ20A","~~","dQ1S",1,1,1,0.188042626824314,-0.0371131994175241,-0.0371131994175241,-0.0371131994175241,-0.0371131994175241
"dQ4A","~~","dQ12S",2,2,1,0.185245768476946,-0.0593313600621385,-0.0593313600621385,-0.0361366321154569,-0.0361366321154569
"dQ9A","~~","dQ20A",1,1,1,0.17831924592174,0.0419481472847471,0.0419481472847471,0.0419481472847471,0.0419481472847471
"dQ4A","~~","dQ18S",1,1,1,0.173344288092551,0.0385236739349173,0.0385236739349173,0.0385236739349173,0.0385236739349173
"dQ1S","~~","dQ18S",1,1,1,0.173288434423325,0.0315102192927745,0.0315102192927745,0.0315102192927745,0.0315102192927745
"dQ5D","~~","dQ13D",1,1,1,0.172730360697446,0.0395927351811988,0.0395927351811988,0.0395927351811988,0.0395927351811988
"dQ9A","~~","dQ18S",2,2,1,0.172672980493722,0.0493940857943102,0.0493940857943102,0.0404608341346333,0.0404608341346333
"dQ2A","~~","dQ20A",1,1,1,0.168767287020943,0.0376679501375829,0.0376679501375829,0.0376679501375829,0.0376679501375829
"Str","=~","dQ20A",2,2,1,0.16794654584486,-0.0399924012449765,-0.0436902375051803,-0.0334356835904326,-0.0334356835904326
"dQ16D","~~","dQ20A",2,2,1,0.16646770213863,-0.0523756312242398,-0.0523756312242398,-0.0380431494420806,-0.0380431494420806
"dQ10D","~~","dQ16D",1,1,1,0.165625200819303,-0.0413710907944137,-0.0413710907944137,-0.0413710907944137,-0.0413710907944137
"dQ16D","~~","dQ12S",2,2,1,0.164383100139093,-0.0587190733823581,-0.0587190733823581,-0.0347689816569612,-0.0347689816569612
"dQ9A","~~","dQ12S",2,2,1,0.163294062493455,0.0482203741609508,0.0482203741609508,0.0380102366334646,0.0380102366334646
"Anx","=~","dQ18S",2,2,1,0.162653343405124,0.0401360530781234,0.0432058372680148,0.030718398833941,0.030718398833941
"dQ15A","~~","dQ20A",2,2,1,0.160358789886232,0.0465440800334202,0.0465440800334202,0.0426870823783704,0.0426870823783704
"dQ4A","~~","dQ1S",2,2,1,0.158728847877313,-0.0453279779140514,-0.0453279779140514,-0.0303347978359389,-0.0303347978359389
"Str","=~","dQ21D",2,2,1,0.158385316559104,0.0378934154798451,0.0413971722291836,0.0367966148005277,0.0367966148005277
"dQ16D","~~","dQ14S",2,2,1,0.156971945498472,-0.0548530783743808,-0.0548530783743808,-0.031882984844674,-0.031882984844674
"dQ19A","~~","dQ12S",2,2,1,0.154758946213813,-0.0482457119264926,-0.0482457119264926,-0.0319359361264632,-0.0319359361264632
"dQ6S","~~","dQ12S",2,2,1,0.149000836504621,0.0466042842186079,0.0466042842186079,0.0323646457578378,0.0323646457578378
"dQ7A","~~","dQ11S",1,1,1,0.147963525110291,0.0381683676481504,0.0381683676481504,0.0381683676481504,0.0381683676481504
"dQ5D","~~","dQ14S",2,2,1,0.145946328704783,-0.0462186397789127,-0.0462186397789127,-0.0271063147931893,-0.0271063147931893
"dQ3D","~~","dQ17D",2,2,1,0.143802327021222,-0.0381276713134577,-0.0381276713134577,-0.0389424380395971,-0.0389424380395971
"dQ5D","~~","dQ2A",2,2,1,0.143341655390956,-0.0764985518957369,-0.0764985518957369,-0.0286338744273913,-0.0286338744273913
"dQ6S","~~","dQ8S",1,1,1,0.141711575083759,0.0346071654791584,0.0346071654791584,0.0346071654791584,0.0346071654791584
"dQ2A","~~","dQ6S",2,2,1,0.140854413262893,0.0689445685538946,0.0689445685538946,0.0299960347646845,0.0299960347646845
"dQ7A","~~","dQ19A",1,1,1,0.133326159968403,-0.0315829137032205,-0.0315829137032205,-0.0315829137032205,-0.0315829137032205
"dQ8S","~*~","dQ8S",2,2,1,0.132769736492639,0.0355340562438839,0.0355340562438839,1,1
"dQ8S","~*~","dQ8S",1,1,1,0.132737099522051,-0.0374664340290272,-0.0374664340290272,-1,-1
"dQ9A","~~","dQ1S",1,1,1,0.131809256165977,-0.0296531293268697,-0.0296531293268697,-0.0296531293268697,-0.0296531293268697
"dQ17D","~~","dQ15A",2,2,1,0.131580984038843,0.0450619118900544,0.0450619118900544,0.0443591746519443,0.0443591746519443
"dQ9A","~~","dQ6S",1,1,1,0.129042804728192,0.0305973915807381,0.0305973915807381,0.0305973915807381,0.0305973915807381
"dQ10D","~~","dQ9A",1,1,1,0.128303983557084,-0.0359960311558551,-0.0359960311558551,-0.0359960311558551,-0.0359960311558551
"Anx","=~","dQ21D",2,2,1,0.127465100821838,0.0304373567042811,0.0327653413770893,0.0291240580101895,0.0291240580101895
"dQ10D","~~","dQ1S",1,1,1,0.125582556202497,-0.0313743219703661,-0.0313743219703661,-0.0313743219703661,-0.0313743219703661
"dQ2A","~~","dQ19A",1,1,1,0.125441448887941,0.0291489067628212,0.0291489067628212,0.0291489067628212,0.0291489067628212
"dQ13D","~~","dQ20A",2,2,1,0.121773403103673,0.0472332182000469,0.0472332182000469,0.0388229014564609,0.0388229014564609
"dQ15A","~~","dQ12S",1,1,1,0.121007096857708,0.0338266351941101,0.0338266351941101,0.0338266351941101,0.0338266351941101
"dQ3D","~~","dQ20A",2,2,1,0.117670723771622,-0.0347053307685247,-0.0347053307685247,-0.0330245739062762,-0.0330245739062762
"dQ21D","~~","dQ11S",1,1,1,0.116467259062475,-0.0344143816100207,-0.0344143816100207,-0.0344143816100207,-0.0344143816100207
"dQ9A","~~","dQ8S",1,1,1,0.111491443023692,-0.0298652893211292,-0.0298652893211292,-0.0298652893211292,-0.0298652893211292
"Anx","=~","dQ6S",1,1,1,0.107961204647609,-0.0289782958418007,-0.0289782958418007,-0.0245182848099888,-0.0245182848099888
"dQ5D","~~","dQ6S",2,2,1,0.101593386640883,0.038526359425392,0.038526359425392,0.0261851660968948,0.0261851660968948
"dQ5D","~~","dQ12S",2,2,1,0.101419494620273,0.0429737113643535,0.0429737113643535,0.0256750317964651,0.0256750317964651
"dQ2A","~~","dQ6S",1,1,1,0.0983906376236778,-0.0255618680614014,-0.0255618680614014,-0.0255618680614014,-0.0255618680614014
"dQ16D","~~","dQ11S",1,1,1,0.0968672530638729,-0.0298638357136502,-0.0298638357136502,-0.0298638357136502,-0.0298638357136502
"dQ3D","~~","dQ11S",2,2,1,0.094570320578483,-0.0284882582547223,-0.0284882582547223,-0.0312201688558184,-0.0312201688558184
"dQ16D","~~","dQ11S",2,2,1,0.0855916596861545,0.035416691989521,0.035416691989521,0.0296267152014273,0.0296267152014273
"dQ4A","~*~","dQ4A",1,1,1,0.0810150388584908,0.0428018094557413,0.0428018094557413,1,1
"dQ4A","~*~","dQ4A",2,2,1,0.0809101734570965,-0.0348030651802471,-0.0348030651802471,-1,-1
"dQ5D","~~","dQ20A",2,2,1,0.0806716443415787,0.0339190448182993,0.0339190448182993,0.0248591432644446,0.0248591432644446
"Anx","=~","dQ10D",2,2,1,0.0781161186979251,0.0273229856306702,0.0294127693258034,0.0196999771324094,0.0196999771324094
"dQ19A","~~","dQ14S",2,2,1,0.0763351304354772,-0.0317770925555501,-0.0317770925555501,-0.0206481088320186,-0.0206481088320186
"Str","=~","dQ13D",1,1,1,0.0727310190507803,-0.0297543866467197,-0.0297543866467197,-0.0210041737311793,-0.0210041737311793
"Str","=~","dQ4A",2,2,1,0.0722179336437986,0.0270291193244816,0.0295283255338611,0.020421517708956,0.020421517708956
"dQ16D","~~","dQ20A",1,1,1,0.071855137327839,-0.0257355692611331,-0.0257355692611331,-0.0257355692611331,-0.0257355692611331
"dQ19A","~~","dQ18S",2,2,1,0.071704308879224,0.0342300453180198,0.0342300453180198,0.0235460622845687,0.0235460622845687
"dQ3D","~~","dQ16D",2,2,1,0.0714969365309706,0.0323884936058757,0.0323884936058757,0.0243699345923081,0.0243699345923081
"dQ1S","~~","dQ11S",2,2,1,0.0699911502338757,0.0253523790330663,0.0253523790330663,0.0240241826507613,0.0240241826507613
"dQ3D","~~","dQ18S",1,1,1,0.0697984712449246,0.0222984013640742,0.0222984013640742,0.0222984013640742,0.0222984013640742
"Anx","=~","dQ18S",1,1,1,0.0658905280870933,-0.0247556872557254,-0.0247556872557254,-0.0210235098791597,-0.0210235098791597
"dQ9A","~~","dQ18S",1,1,1,0.0658891630940873,0.0219858219495527,0.0219858219495527,0.0219858219495527,0.0219858219495527
"dQ15A","~~","dQ20A",1,1,1,0.0658779443328246,-0.0266544557634628,-0.0266544557634628,-0.0266544557634628,-0.0266544557634628
"dQ6S","~*~","dQ6S",1,1,1,0.0637415406251302,0.0301417079683114,0.0301417079683114,1,1
"dQ6S","~*~","dQ6S",2,2,1,0.0637044031183213,-0.0270030400280997,-0.0270030400280997,-1,-1
"dQ9A","~~","dQ11S",1,1,1,0.0621618642563155,-0.0232329573171933,-0.0232329573171933,-0.0232329573171933,-0.0232329573171933
"Anx","=~","dQ8S",1,1,1,0.0613314648735322,0.0258149372786513,0.0258149372786513,0.0201546247565605,0.0201546247565605
"dQ19A","~~","dQ18S",1,1,1,0.0606205873910962,0.0198894899226738,0.0198894899226738,0.0198894899226738,0.0198894899226738
"dQ11S","~~","dQ14S",2,2,1,0.0600936566385088,0.0254564386296541,0.0254564386296541,0.0215506983804014,0.0215506983804014
"dQ10D","~~","dQ21D",2,2,1,0.0578855355175176,-0.0234811084037649,-0.0234811084037649,-0.0294915823733089,-0.0294915823733089
"dQ18S","~*~","dQ18S",1,1,1,0.0574353916076935,0.0318527514596147,0.0318527514596147,1,1
"dQ18S","~*~","dQ18S",2,2,1,0.0574120429605298,-0.0266614996370613,-0.0266614996370613,-1,-1
"dQ19A","~~","dQ8S",1,1,1,0.0562309897100564,0.0207584926394,0.0207584926394,0.0207584926394,0.0207584926394
"Anx","=~","dQ6S",2,2,1,0.0546426980670236,0.0212147187650466,0.0228373149912168,0.0173154443458565,0.0173154443458565
"dQ3D","~~","dQ13D",1,1,1,0.0538224905334761,0.0219489968394084,0.0219489968394084,0.0219489968394084,0.0219489968394084
"dQ13D","~~","dQ1S",1,1,1,0.0518820922874093,0.0209697112198551,0.0209697112198551,0.0209697112198551,0.0209697112198551
"dQ13D","~~","dQ7A",1,1,1,0.0502181459208236,-0.0236372030888937,-0.0236372030888937,-0.0236372030888937,-0.0236372030888937
"dQ17D","~~","dQ12S",1,1,1,0.0495859286438601,0.0208132596149028,0.0208132596149028,0.0208132596149028,0.0208132596149028
"dQ3D","~~","dQ17D",1,1,1,0.0477992648126108,-0.0198920485459057,-0.0198920485459057,-0.0198920485459057,-0.0198920485459057
"dQ7A","~~","dQ9A",1,1,1,0.0474208791804787,0.0204356007875032,0.0204356007875032,0.0204356007875032,0.0204356007875032
"dQ19A","~~","dQ12S",1,1,1,0.0465232049343031,0.017935408789685,0.017935408789685,0.017935408789685,0.017935408789685
"dQ17D","~~","dQ18S",2,2,1,0.0464259251008217,-0.0278624400553317,-0.0278624400553317,-0.0232723933884971,-0.0232723933884971
"dQ3D","~~","dQ8S",2,2,1,0.0461818177614981,0.0215819175909595,0.0215819175909595,0.0208140872041677,0.0208140872041677
"dQ13D","~~","dQ11S",1,1,1,0.0447600355625077,0.0212496880536471,0.0212496880536471,0.0212496880536471,0.0212496880536471
"dQ16D","~~","dQ21D",2,2,1,0.0436875267530539,0.0234824551350402,0.0234824551350402,0.023693820830564,0.023693820830564
"dQ13D","~~","dQ21D",2,2,1,0.0423448265719811,0.0231984176593284,0.0231984176593284,0.0264876373266464,0.0264876373266464
"Dep","=~","dQ19A",2,2,1,0.0359901244869512,0.0136397759723759,0.015535586538999,0.0114595134650161,0.0114595134650161
"dQ15A","~~","dQ1S",1,1,1,0.0343443745376655,-0.0171662299183505,-0.0171662299183505,-0.0171662299183505,-0.0171662299183505
"dQ21D","~~","dQ19A",1,1,1,0.0340322027078153,0.018221092951674,0.018221092951674,0.018221092951674,0.018221092951674
"dQ6S","~~","dQ14S",1,1,1,0.0336628226955853,-0.014741014239366,-0.014741014239366,-0.014741014239366,-0.014741014239366
"dQ9A","~~","dQ14S",1,1,1,0.0336443720984372,-0.014239627577744,-0.014239627577744,-0.014239627577744,-0.014239627577744
"Dep","=~","dQ1S",2,2,1,0.0327513127603345,-0.00968079540372025,-0.011026342006308,-0.00903886075026972,-0.00903886075026972
"dQ7A","~~","dQ6S",2,2,1,0.029890149365483,0.0217575462063476,0.0217575462063476,0.0145160537225354,0.0145160537225354
"Str","=~","dQ5D",2,2,1,0.0282832279111383,-0.0131883304952895,-0.0144077693186374,-0.00963290981992923,-0.00963290981992923
"dQ11S","~~","dQ14S",1,1,1,0.0281791943340702,-0.0141046716577535,-0.0141046716577535,-0.0141046716577535,-0.0141046716577535
"dQ4A","~~","dQ8S",1,1,1,0.0266998595168572,0.0153336080406439,0.0153336080406439,0.0153336080406439,0.0153336080406439
"dQ10D","~~","dQ15A",2,2,1,0.0257831499016735,0.0211517410793605,0.0211517410793605,0.0190936345195313,0.0190936345195313
"dQ21D","~~","dQ9A",2,2,1,0.0249547906829733,-0.0150041308777906,-0.0150041308777906,-0.0201539261402538,-0.0201539261402538
"dQ10D","~~","dQ6S",1,1,1,0.0244854321891931,0.0153665665814059,0.0153665665814059,0.0153665665814059,0.0153665665814059
"dQ7A","~~","dQ18S",2,2,1,0.0234010227783885,0.0210246436999244,0.0210246436999244,0.0128135051032864,0.0128135051032864
"Dep","=~","dQ11S",1,1,1,0.0232997173708503,-0.0149209042796322,-0.0149209042796322,-0.0116231712415869,-0.0116231712415869
"dQ1S","~~","dQ6S",1,1,1,0.0223108060826579,-0.0114073930424922,-0.0114073930424922,-0.0114073930424922,-0.0114073930424922
"dQ11S","~~","dQ12S",2,2,1,0.0219849676508824,-0.0160854803422003,-0.0160854803422003,-0.013872430168973,-0.013872430168973
"dQ7A","~~","dQ1S",2,2,1,0.0193028038839818,-0.0172221899321316,-0.0172221899321316,-0.0110981140129761,-0.0110981140129761
"dQ4A","~~","dQ20A",2,2,1,0.0191869878857313,-0.0169654749644627,-0.0169654749644627,-0.0126754623360056,-0.0126754623360056
"Anx","=~","dQ13D",1,1,1,0.0178672479451839,-0.0145844945091931,-0.0145844945091931,-0.0102954653406137,-0.0102954653406137
"dQ13D","~~","dQ12S",2,2,1,0.0166524756249276,0.0195584124026422,0.0195584124026422,0.0131050787810136,0.0131050787810136
"dQ15A","~~","dQ18S",2,2,1,0.0159879824753722,0.0167216212524814,0.0167216212524814,0.0129916966285304,0.0129916966285304
"dQ17D","~~","dQ9A",1,1,1,0.0154814403444768,-0.0119919030089762,-0.0119919030089762,-0.0119919030089762,-0.0119919030089762
"dQ3D","~~","dQ2A",1,1,1,0.0147588869176566,-0.010120341436538,-0.010120341436538,-0.010120341436538,-0.010120341436538
"dQ13D","~~","dQ4A",1,1,1,0.0140389325025596,0.0119488126061367,0.0119488126061367,0.0119488126061367,0.0119488126061367
"dQ19A","~~","dQ6S",1,1,1,0.0133567312473557,0.00969190772767134,0.00969190772767134,0.00969190772767134,0.00969190772767134
"dQ21D","~~","dQ15A",1,1,1,0.0114701768205151,0.0120875121286076,0.0120875121286076,0.0120875121286076,0.0120875121286076
"dQ17D","~~","dQ1S",1,1,1,0.0107840777342295,-0.00905602901134507,-0.00905602901134507,-0.00905602901134507,-0.00905602901134507
"dQ21D","~~","dQ7A",1,1,1,0.0107536009668893,-0.0105838283799429,-0.0105838283799429,-0.0105838283799429,-0.0105838283799429
"dQ16D","~~","dQ19A",1,1,1,0.0103190543561295,0.00932407973018462,0.00932407973018462,0.00932407973018462,0.00932407973018462
"Anx","=~","dQ10D",1,1,1,0.010148223865814,0.0114510544839089,0.0114510544839089,0.00841418271373654,0.00841418271373654
"dQ4A","~~","dQ18S",2,2,1,0.0100281673006891,0.0136479599715135,0.0136479599715135,0.00863815501595673,0.00863815501595673
"Str","=~","dQ4A",1,1,1,0.00962190809284394,-0.0105900905297247,-0.0105900905297247,-0.0090014452887716,-0.0090014452887716
"dQ5D","~~","dQ9A",1,1,1,0.00899352187526315,-0.00802670162397762,-0.00802670162397762,-0.00802670162397762,-0.00802670162397762
"dQ13D","~~","dQ14S",2,2,1,0.00857487519389901,-0.0125870921181695,-0.0125870921181695,-0.00827897626249659,-0.00827897626249659
"dQ4A","~~","dQ8S",2,2,1,0.0073419861590393,0.010689789871687,0.010689789871687,0.00809456024664072,0.00809456024664072
"Dep","=~","dQ4A",2,2,1,0.00724807835893312,0.00688316145389137,0.00783986120046256,0.0054219757282684,0.0054219757282684
"dQ19A","~~","dQ11S",2,2,1,0.00700958430489183,0.00881384234908432,0.00881384234908432,0.00824230992309031,0.00824230992309031
"dQ21D","~~","dQ12S",1,1,1,0.00643901037334439,0.00779758437698739,0.00779758437698739,0.00779758437698739,0.00779758437698739
"dQ20A","~~","dQ18S",2,2,1,0.00639201889043442,0.00909709787281684,0.00909709787281684,0.00707917988426049,0.00707917988426049
"Str","=~","dQ10D",1,1,1,0.0046353637402332,0.00784926538595191,0.00784926538595191,0.00576760447859317,0.00576760447859317
"dQ2A","~~","dQ9A",1,1,1,0.00333605429913437,-0.0050690598406181,-0.0050690598406181,-0.0050690598406181,-0.0050690598406181
"dQ20A","~*~","dQ20A",1,1,1,0.00299208238705518,0.00649709293350287,0.00649709293350287,1,1
"dQ20A","~*~","dQ20A",2,2,1,0.0029882161918732,-0.00615431620752515,-0.00615431620752515,-1,-1
"dQ16D","~~","dQ17D",2,2,1,0.00281845900841589,-0.00695623255946968,-0.00695623255946968,-0.00542329348902329,-0.00542329348902329
"dQ4A","~~","dQ15A",2,2,1,0.00278314492625189,-0.00728800852627481,-0.00728800852627481,-0.00543643332553617,-0.00543643332553617
"dQ9A","~~","dQ14S",2,2,1,0.00275928268995197,-0.00580362403136631,-0.00580362403136631,-0.00449070428797161,-0.00449070428797161
"Str","=~","dQ20A",1,1,1,0.00240753961831248,-0.00519447365581404,-0.00519447365581404,-0.00419397517216892,-0.00419397517216892
"dQ16D","~~","dQ9A",2,2,1,0.00163643175277355,-0.00526354977863072,-0.00526354977863072,-0.00402444250275836,-0.00402444250275836
"dQ1S","~~","dQ18S",2,2,1,0.00158932804807183,-0.00443517663986681,-0.00443517663986681,-0.00309149091751852,-0.00309149091751852
"dQ16D","~~","dQ7A",2,2,1,0.00154260980956429,0.00603109627416433,0.00603109627416433,0.00343085746029875,0.00343085746029875
"dQ9A","~~","dQ15A",1,1,1,0.00123905861480787,0.00360131088962136,0.00360131088962136,0.00360131088962136,0.00360131088962136
"dQ15A","~~","dQ6S",1,1,1,0.00111418721606902,0.00322247407772369,0.00322247407772369,0.00322247407772369,0.00322247407772369
"dQ2A","~~","dQ12S",1,1,1,0.000739153741201804,0.00219680072924613,0.00219680072924613,0.00219680072924613,0.00219680072924613
"dQ6S","~~","dQ11S",2,2,1,0.000661486426893703,-0.00244464987036748,-0.00244464987036748,-0.00239841545252264,-0.00239841545252264
"dQ1S","~~","dQ14S",2,2,1,0.000581623639872219,-0.00256637910258576,-0.00256637910258576,-0.00168979169511872,-0.00168979169511872
"dQ1S","~~","dQ8S",1,1,1,0.000379318742936813,-0.00163713246414923,-0.00163713246414923,-0.00163713246414923,-0.00163713246414923
"Anx","=~","dQ11S",2,2,1,0.000242290256567941,-0.00170132536473301,-0.00183145030991266,-0.00145058180791001,-0.00145058180791001
"dQ16D","~~","dQ12S",1,1,1,0.000161930128066921,0.00115836798466831,0.00115836798466831,0.00115836798466831,0.00115836798466831
"dQ13D","~~","dQ16D",2,2,1,0.000133580397120463,0.00178474570167146,0.00178474570167146,0.001159950286582,0.001159950286582
"dQ16D","~~","dQ18S",2,2,1,0.000121011686819224,0.0016388207685025,0.0016388207685025,0.0010084029769587,0.0010084029769587
"Dep","=~","dQ18S",2,2,1,4.48507797419673e-05,0.000557921418645127,0.000635467657157762,0.000451803510195908,0.000451803510195908
"dQ13D","~~","dQ2A",1,1,1,1.02170003228301e-06,-0.000100264901619713,-0.000100264901619713,-0.000100264901619713,-0.000100264901619713
