PC1,PC2,PC3,PC4,id
-1.2680354001559713,-0.03462758276435285,-0.15993572929418037,0.05087907084086922,6
0.7751232210633707,-0.28839901421707137,0.12716004664455755,-0.10745103578208681,10
-0.8695902632440182,-0.6612715936990925,-0.3772976008368558,0.06093964240329933,11
-1.1081402447486104,-1.3947083268521476,-0.5508782416114376,0.09231444916798283,12
-0.16291515495878545,-0.28656004664133766,-0.7729351045675793,-0.15359156472105173,13
-1.002691867197518,1.2172556021533927,0.33638556638956385,0.07458060380297493,14
-1.1801009270330676,0.618176855919429,-0.04307941747862115,0.04932697426865494,15
-3.003475436414846,-0.5106517114066706,-0.1747842802871493,0.09261949948750861,16
-0.923044189007606,-0.3141906900335681,-0.3659788678207283,-0.024214797570364273,17
1.2082607758869768,0.09702999484479691,-0.07108513132770554,0.1007652878670605,19
0.6506273415086075,-0.0911748911383102,0.07383390275678783,0.07056611521862569,20
-4.119377656268893,-0.09984849106642746,-0.15502767571161197,0.009579214604155485,21
-1.4171680636110313,-1.0960628073897691,0.09291616865883921,0.14978991146952053,22
-0.07266439099713357,-0.6449858491357459,0.21436965587918527,0.10157392712394224,28
-0.9615177144008177,-0.9517100397347495,-0.7311244654861203,-0.10286163780113676,32
-0.974201165220177,-0.7523526077459977,-0.30515081346479395,0.057666052316770515,34
0.7218498467266459,0.369671413653093,-0.6912550505594384,0.21466908706030063,41
-0.9437853350620785,-0.032100927765072285,-0.5169492264320665,0.240511096293643,42
1.0233760176432027,-0.722133004903825,0.2210339419803028,0.36587463165771067,47
1.389375436820816,0.10715805585587673,-0.4601282027017531,0.2532192925356969,49
-1.2709656432908338,-0.8153880038216409,-0.38826050387886785,0.3588060373497688,50
-1.1115843919576458,-0.02801796273784818,0.46277780987950967,0.25437726414681805,54
0.29050591620025695,0.39459235755496086,-0.47237813631991127,0.1430263577193675,55
0.436725491277828,-0.14866045284305487,-0.3634549713763628,0.21588067468469044,56
-2.395806476094531,-0.7926688078943847,-0.5787581652699956,0.08689312999938341,57
-1.9795026476207795,-0.7301992061999989,-0.6469272956034064,0.30697495235826844,58
-0.8916252421763412,-0.8484797769698484,-0.3791816430059556,0.3070075047737352,60
0.49778355336020796,0.41028867683966136,0.10789950322286618,0.4182121708488045,62
-1.4391857617290045,-0.3245888833568623,-0.31559810269101746,0.31181704026155,63
-1.261759499461081,0.9339936150263191,-0.536986153298905,-0.26455127202613077,69
-0.7000521843439171,0.4001005160810512,0.15661683109548102,-0.08497541186551538,70
0.12346536042745493,1.0632657463628445,0.11273335502829462,-0.049613028818263724,71
-4.438312227678855,1.0913167864063738,-0.3018949699759734,0.09815450010590758,72
0.19076072679670875,2.228570256525215,-0.02001797307449399,-0.013638499813699682,73
-0.6443636289788722,0.5083256589959845,0.33768400221971984,-0.06275225696340567,75
2.2452374836662705,1.0883068196762626,-0.2767991554495375,-0.004615365135489843,77
0.3706946552797021,1.309541843746567,-0.8370308541383937,0.03557313894342019,80
-2.375478370020866,0.2611670184651208,0.2195115241624239,0.01896092407681789,81
0.8549663283217444,-0.49460477884108894,0.2039852762738506,-0.07759590331792915,82
0.5263879058479555,-0.28553287119205006,0.09406386217961019,0.08274366195316843,83
1.0565094452562322,-0.060353462196007235,-0.9290267172098768,-0.07330245497317725,84
-0.8775517340219855,0.48243099415047525,-0.17633607926013606,-0.2150284006321111,85
2.938115396307192,0.3446068760346397,-0.677812893693155,0.05788953202357651,86
-0.7909353730932673,-0.6158774956927172,-0.8906000923235767,-0.03425963922151021,87
-2.2283857731605097,-0.23937760375828765,-0.18351307842976844,-0.0894573413021589,88
0.9841486608566656,-0.24157714939461172,-0.32256613286777724,-0.01249232303908927,89
3.0925795098600743,0.15183128028269,-0.35399609943392696,-0.040243950404035805,91
-0.8749446058502174,0.6181739254874462,-0.49354241296780405,0.25182840046847244,92
-0.4968524023314095,0.9915495061751912,-0.45305800987301087,0.17082338108003295,93
-0.33803620182535815,1.2149278978045672,-1.2059408551957909,0.16343948159085805,94
-1.1852061402080036,0.4900979798411584,-0.4410497767939088,0.019991527253621442,95
-0.1635223198747684,-0.8872010554819847,0.2362506952776156,0.358815646782595,96
-1.1233215697655352,-0.26639684880767656,0.01638185448979211,0.3340699485120963,99
0.5445215597252187,1.3650496956014488,-0.7427976257265723,0.2560352317776331,100
0.7947859254515403,1.1606110654635675,-0.8029004340278035,0.2289636224577639,102
0.2895540791436864,1.0482403244482876,-0.6591369659047435,0.21555163527868898,103
-1.2392835199225156,0.7556810430930115,-0.8838362568399724,0.04969006207146279,104
-2.391038396335548,-0.10378636735998004,-0.6369856400115091,-0.018750140487934466,105
-0.5004775759552424,1.4677065378391831,-0.6543141258459921,0.01456006880275993,106
0.23668348030308445,-0.29668968338378204,0.3126768786262685,0.17013288131024693,107
-1.9134227813391467,-0.5845920438945269,-0.14604888279649356,0.04579684619960318,108
-2.183523592009329,-0.05587347094503281,-0.029911919487066757,0.005214919855987564,109
-2.065642654820625,-0.06304380664196951,0.11009183892596955,0.04568309123886627,110
-0.9473484686696015,-0.5319468954344417,-0.06063313858391306,0.10152906632436265,111
0.62133419709907,0.09623255900043781,-0.6982209663146068,-0.10957934623944274,114
-0.5403827130757024,0.6694248839394452,-0.6278074706979253,-0.03895991171828354,115
-0.6544920290086202,-0.06377777386558317,-0.7898718786466187,-0.004745025764891317,116
1.6263132968240885,-0.195530396699228,-0.30717903587583495,0.11543174514593568,119
0.3008498995561291,-0.6574090679648568,0.16869907340601692,-0.11497499458436794,120
-1.2692579286017722,1.3501647644408834,0.41981708573758286,0.11220314673716238,121
-1.5364732607709541,-0.763572438799097,-0.8502395279165278,0.0931692819952788,125
-1.5309884766947786,-0.3508176253868585,-1.0447787469833978,0.005075440576169918,126
-2.148605932664288,0.6940219047211038,-0.22134587969107541,0.051856072673062366,131
-0.4776299019043089,0.39279317828312316,-0.7402628767428338,0.06586970027770189,132
-1.839443990949177,-0.5340366135626426,-0.74980366367106,-0.11450355029970893,133
-1.545375241830325,0.03466555122287884,-0.03882194426829966,-0.01700146759381963,134
1.8371296429733681,-0.10532237478245776,-0.15711569048988203,0.06203676537751766,135
-2.2508504718063005,0.47512554314878264,-0.1739386328612597,-0.08044216995077091,137
-1.4800345063185634,2.1509671282289644,0.4061755617946743,0.09953130792745454,141
-0.28564718986750604,0.7124777970778924,0.37733141601684195,0.1330899333921915,142
-0.004350091555390068,0.7146194177777809,0.2836685135028351,0.25924482286719724,143
-0.08056452768217336,0.18418396234506784,0.5380561439532456,0.20163750783653958,145
0.06634670501836881,-0.6164269070690621,0.32123265580346283,0.01588360843143681,146
-0.7960197285516811,0.09411951893567799,-0.13888894458618323,0.15152876171342297,155
-1.0049259521047322,-0.4419193408131752,-0.7016605687107084,0.019120348672329472,156
-0.297773832265504,-0.5016154253272708,0.35415836264413164,0.15261162283858762,158
-1.4483666418473249,-0.7785992906232079,0.49669826805204437,0.056891286797004885,159
-1.906495109649121,-1.2960058059028357,-0.36118064978282305,0.009719958895194452,160
-1.9972278222642215,-0.3465746668084898,-0.52652211594568,-0.067582806733958,161
-0.6333712838281993,0.13105812491412294,-0.2972385331537121,0.10853276973325438,162
-0.7286442416274903,-1.1973542003544537,-0.12764567018246986,0.22014398005801247,163
-2.9384492894568974,0.013251970428964421,-0.7672630201757955,0.12547914545374478,165
-0.6947892084444799,0.539926304567099,-0.5776662130267838,0.24056325886432586,166
-0.6717323651983591,0.34063647936913977,-1.1664136410981634,0.4051351849415527,167
-1.641408076243034,0.2998394653547656,-0.9411846730378431,0.20268537401589404,170
-1.0723561485877375,-0.10484877239013568,-0.5423164846520816,0.31223176428529387,173
-1.8154062431636055,0.30828269812137343,-0.9186743628043361,0.2686614520798907,174
-1.4166162916033158,0.6044568317156882,-0.34778062138096005,0.27095609164408985,175
-0.9744336447852362,0.2019415536160481,0.22569477032991514,0.396899668664109,176
1.9521672126844107,-0.9923557168871827,0.009777835848924055,0.13288330242789376,177
1.062183521905566,0.3934925861349456,-0.11433279721738632,0.1316034033229649,178
0.5302954159067462,-0.5488031163755237,-0.2937230680266814,0.03813386650068673,179
3.968775772673658,-0.34187934213620474,0.40251341566951765,0.15517729826343132,180
2.4721626452404353,0.40796444362477235,-0.6611769649384406,-0.029693081994697154,181
0.12249456284193327,-1.3617761066836163,0.38058874439231505,0.15055693455874186,182
0.2817906288153307,-0.17615851532150034,-0.8668926791717102,-0.18303556634010262,184
-0.6102077261912695,-0.5544128978555438,-0.7059396066578123,-0.13190848949952622,185
-2.8448162866741544,1.7153925863655686,0.43813231484877707,0.16291370954458104,186
0.9620375958266146,0.4591236544625848,-0.35885512111074575,0.025404203558853797,187
1.5939852545166238,0.2049694492640397,-0.6271204690155352,0.009497924229513776,188
1.7173921012302427,0.47521336897523986,-0.389309725381929,0.022965569247923995,189
2.167638760263915,0.3400783199470667,-0.5514252851020421,0.2531256966250444,190
0.9751758827273757,1.4127859874828843,-0.2337873345806727,-0.10128361164297045,191
0.3059223035987612,-0.9313201198034141,0.08987831044756009,0.025345518815128937,194
0.767101890152696,0.26233075068966005,-0.07291349036535968,0.07612840258095403,195
-0.00900222424592878,0.6477594677460747,-0.22386280404583475,0.26213985242977034,196
3.2732044242871075,-1.4279988919008473,0.5532861785640169,0.1348484003878856,197
-0.39401307157162246,0.5985333767576868,-0.010970312233472834,-0.02788866103304098,198
-0.604581627277963,-0.6844195435124659,0.6730837972285497,0.276931698851074,200
0.5145609163293787,-1.1933522660017828,-0.46610062655648826,-0.07062895784431462,201
3.052302928798655,-0.23639001885535382,0.026753409126512917,0.15556842390729161,202
-1.7298182083835836,1.7737227808961569,0.4782637798916558,0.06313862297278425,205
-0.37579232280973485,0.30049498321562645,-0.5074151362800273,0.010526198638442666,206
0.7523037253455487,-0.9090466956561172,-0.7639455813980622,0.02926209895015404,207
0.18512033697216446,-1.0065848251524976,-1.1502997791036704,-0.03523399423551123,208
4.770803940401863,-0.16057608503749687,-0.22298176524502533,0.1232467431024182,210
-2.876008148542339,-0.2976185920010769,-0.1482117238494002,0.01870467941709452,213
-3.1722124994423533,-0.9952621046766064,0.4342944460768988,0.21012621309173396,214
-0.13976600322725427,0.13666703142037936,-0.4335313502935355,0.24710377783769877,216
-0.34193404556131907,-0.11791790416630023,-1.0277601987538274,-0.03931808742482991,217
-2.4442478452964433,0.930525431780697,-0.23307980147585117,0.01174122323211614,218
1.6956944748727831,0.5331604862962249,-1.0137572087132958,-0.045810020162912496,220
1.098204911932417,0.3440071056360501,-0.5646202237760002,0.12180656767713219,221
1.214635091305347,0.7468223702190147,-0.21666245364550307,-0.057960932658147654,222
-1.0170478661944733,0.36343381237478906,0.03402020985635816,0.05490923506211108,223
-1.6974134113576727,0.361394232849642,-0.15292689644503454,0.04507167641770603,226
0.5224204922376219,0.6441951847552021,-0.35105777407567185,0.050607739358429354,229
0.31847413085830634,0.5670397596585638,-0.4435012595377583,0.18969855756669904,230
-0.37866006838189,0.6745091277374494,-0.1975104010595545,0.13302060177158337,231
-2.2075530149966225,-1.0088495218710287,-0.25946594994372874,0.1423159894310097,232
-1.551814549038154,-0.6110212080456663,0.21674700954886567,0.09529166517276641,233
0.12388516553402996,-0.6151521971817931,0.16941176186451956,0.08199174945448971,234
-2.5366481926332742,-0.5055658231588693,-0.2766159945846064,0.044920164908174305,236
1.7384042560208437,0.619757722432187,-0.3770240490036012,-0.048994390389460046,239
-3.937345337564235,0.7351244571595581,-0.06727930523308034,-0.03915522857867793,240
1.2785727142853172,0.06687239558648417,0.03239869705632542,0.15938865973225855,241
-1.135716944212834,-0.3155184485433323,0.22267594599128032,0.06908792980344287,242
-2.4426119147335723,0.5184318656318754,0.15823754582406852,-0.07689421047913411,243
-2.771043538452918,0.5771141172548011,-0.28603918397989253,-0.0506266556240257,244
0.42935456633719005,-0.8446034140918869,0.060588572243193334,0.076789663077631,245
-3.884570213969209,-1.0080940859404772,-0.22799789933133768,-0.011757472994321505,246
1.9094435059429633,1.7212763373590216,-0.16505134573887065,-0.07876354140018813,247
4.010747021304994,-0.26919040090301327,-0.026008820763985807,0.00866018537385737,248
0.14963440940990705,-0.31559322358234576,-0.008884794720085569,-0.03442293833439342,249
-2.95362667323378,-1.288786966102158,0.0898097404434661,0.0736292023381388,251
-0.6570996765302075,0.4295526645153752,0.19734403938291722,-0.03678670789504451,253
-0.58112051606327,-0.6604266449788466,-0.4674715583152782,0.13444270985011877,255
1.4964761396971555,-1.5218152522203974,0.21465262676762326,0.01421771903204893,256
0.5377850165229594,-0.5278553442433372,0.13325449528026773,0.08147582458930348,257
0.8382508294983784,0.09451319998642096,0.3353117271304133,0.11733971387758824,259
0.5841504432869469,1.09705636830518,0.5584145613011477,-0.10061260863869165,260
-2.043831404438298,-0.7227006039696401,0.3457521481185733,0.021902895791494164,261
0.7348352959421303,0.0508480792064831,-0.8069999146173511,-0.03072746753297781,262
-0.26104098447367446,-0.8531289768065247,0.5195185016246574,-0.0544313060454231,263
-1.1736712083077052,-1.5226341876625535,-0.1400361094664208,0.03390835723228583,264
1.042300552427014,-0.5586756917004732,-0.11187475445222686,0.021189218243645017,265
0.973051434282555,-0.1401949443726881,-0.02175555869550025,0.0664499455862017,266
-0.6585501949187567,0.9043631670304787,0.37758691437830383,0.15644485159726024,267
-0.7540043873134882,1.725650350010456,-0.35555358466427106,0.10754116715877504,268
1.6108354991999692,0.8642845271236851,0.008622717494911426,0.1541989776471659,269
-1.8623566747504623,-0.007903491101708515,0.0477640203414635,0.18967975785251226,272
-0.09415022623415192,-0.6874849004852448,-0.453466761514945,0.14514791231399973,273
-1.9050568677309405,0.5476494865412083,0.0903955206785679,0.16829043404800662,274
-1.3059762431311652,-0.6554787190438872,-0.22887587023677794,0.12467603023401308,275
0.21635629396272316,0.651184952396035,-0.01823810314598759,0.10556651848353626,279
0.8953201729255286,0.5020194036388363,-0.08473922726811856,0.012882899103720794,280
-0.280693720580039,0.7124881196188821,-0.22148165500678452,-0.05868214105201567,282
-0.39660612881756985,1.6306095230872766,-0.34947553227568984,-0.035037227796196266,284
-0.024473679565547135,1.231653146195368,-0.4860260225603841,-0.11108686252542038,287
2.798203518143646,0.31998883089864216,-0.1200633022688668,0.13781249671948342,288
0.9079042027193303,0.9306195935779565,-0.6091007671103745,0.16874140002946408,289
0.18753128177953005,-0.9372635258460915,-0.27179593408633074,-0.020220490613228923,293
-1.0132044747049271,-0.3036881009276528,-0.07089280956883603,-0.034751085562045245,294
-3.064016231456898,0.635460431225312,0.05022961588050734,-0.08776463239520721,295
0.4199885723243694,0.07968657784769112,-0.09034138091418098,0.18051905403056295,298
0.3505817215117645,-0.9629020962849815,-0.008901101392362859,0.20149382568906654,299
0.454598046538845,-0.8966738075957272,-0.10052459704935582,0.1461585133670354,301
-0.5496530996478755,-0.17726328337034727,0.21806060516503856,0.0011523246745298258,305
0.21110749603579837,-0.5282872026270906,-0.2591624541384519,0.16434524131573336,306
-2.4640186893851337,0.4724774094001277,0.24781293496667367,-0.05405741401300526,308
-2.6546288862889647,1.1373625471678823,0.12712173727902462,0.029598222539967065,310
0.2056266291654169,-0.32767010477878344,0.0837564691251993,-0.06416133120029355,317
0.101223271697259,0.2824651619378287,0.24388762956606388,-0.09433336279897447,318
-3.5608990696753513,-0.367160658024166,0.2949313327388041,-0.12014689193206454,323
-2.2740913938585767,0.04669105975088561,0.2827794178463033,5.763153404363397e-4,324
-0.14627042552901381,-1.8024694074259362,0.002613501662684342,-0.13310051141346071,325
-0.0025683109212681077,0.20549288619337214,0.26853122296694476,0.10367817574444693,326
2.3358426516962445,-0.48063427801506364,0.23720789943357026,-0.09740577521251181,327
0.6225648184825895,1.4117414176952634,0.8923317095174439,-0.10537873714874191,328
4.926984684069419,-0.4953875439569906,-0.11526332140591311,-0.10579923421683393,330
0.7104461724511468,-0.06410325370688458,0.15050863773324114,0.020503360743993476,331
-1.703415814208448,-0.006637108365986855,0.15166718426808515,-0.24631535896528156,332
-1.9712627491784998,-0.04964655210905533,-0.08121205489589742,-0.1844156247401453,334
0.7001561614615754,0.5240913258442285,0.322598748347853,0.09166104182306048,335
-0.2986124838949575,-0.6872590207833453,-0.034258786425881926,0.07277370634350253,337
-0.8765974899789515,-0.05549300491794898,-0.6134278377745094,-0.16025377542124172,338
-0.9981855593125786,-0.022062780619350797,0.02090416741281364,-0.20893808861744698,340
1.3553812080959824,0.32198758039265973,0.14359310227387637,0.02065981355884903,341
-0.8867617741241954,-0.4386499085793423,0.1394010485272169,-0.1130450314500542,342
-3.025444493030739,-1.0290715527312042,-0.32706825750352203,0.052493721831968126,343
-0.9343578798489235,-0.472459334246876,0.19689706939590246,-0.08117517035457002,346
-1.4812243271670356,-0.18274735900626504,0.1945835293686904,-0.028818891583292282,347
-0.25217738998179157,-0.21699119447103996,0.47217248463010153,-0.06713276571881145,353
-1.6187073492766866,-0.6069399453405695,0.5965715607965093,-0.004783640332752849,355
-0.6978575595810279,-1.0685624325787095,0.5894133291960864,-0.11093345985075832,358
-0.7187656705420359,0.0698672603622974,-0.18604435837448205,-0.09370592288839137,360
0.2794594897979608,-0.9214330695305812,0.3147624363155712,0.01514991289440953,362
3.211500729682428,0.5470864546690313,0.6445984979329334,0.09586910077961279,363
1.9531743776964228,-0.7365149582361432,-0.10635251336980253,-0.019272559702430768,364
3.6553836661768155,0.28345026178557586,0.5109737183120433,0.06966353508305195,368
2.486027912093548,0.03759199397138924,0.1392736625751962,-0.09475840270055072,371
2.2231173910482083,-0.07747464576361618,-0.12029039405750969,-0.1525571091712413,373
3.9741846841944364,0.09374854114836673,0.2956843126491665,0.2266261732591775,374
0.23203959334297772,-0.35441022489008117,0.02445456875118039,0.022164839776536834,375
-1.4353033530458925,1.1468900535622724,0.7359524809261546,0.13431986434574267,377
-0.8068264691318365,1.1849116819586631,1.0896526993360893,0.07828551282721044,379
-3.249869849870156,0.351761614487317,-0.22170128384612658,0.05686121475907601,380
1.4107709807427342,0.5292331118282717,0.2513153092565299,-0.015173748566981407,383
2.4754953752614073,-1.1580762506311952,0.3920368677398381,0.0826589625442584,384
1.3443699362769093,0.18580378124177194,0.08016586550325958,0.11351707921988344,385
2.482698078852506,0.25736512385018806,-0.1688677355999225,0.03434021109255625,386
-1.8390897640128188,-0.022929246423453842,0.11729197685501784,-0.14858724046637875,387
-2.2766559014687973,0.040218546627256324,0.4744456757764751,-0.14652357233428315,388
2.769454916414465,-0.47191323125671714,-0.1497855915089944,-0.12065883543330813,390
-1.3377250650619983,-0.5526223356054475,0.14086048029808684,-0.12582448118458975,391
2.267444154119896,0.7523558062585417,-0.46662111744212836,-0.07389013679198184,393
3.137320709160308,-1.1850379016078425,-0.2716897915388664,-0.1733530494579639,395
2.3445684435391843,0.7779172420632445,0.1814632587896778,0.007128971281660673,397
0.8686787429038563,-0.6073794958837606,0.5920010123767402,-0.07306004461661811,399
-0.44654578221779545,-0.49772433224965534,-0.40934877721376206,-0.09171649548500509,400
0.18833573300345224,0.6940226830460703,0.8881665454238886,-0.036075533714910415,401
-0.7914013448913347,-0.5785832848954325,0.2964544258676344,0.06223890269045282,403
-0.29115177952578086,-0.25189344812649417,0.06948847678766272,0.05109342570727642,404
0.41359625380357096,1.304664436388288,0.9045478083289883,-0.08833892355580018,405
-0.9897669794197657,0.29483491234674025,0.12106338148830006,-0.08300411169175817,408
-0.18704072668175875,-0.19084072927704984,0.4370824358239548,0.31287680386909233,413
-3.274184764700745,0.08519600158618279,0.646735720266507,0.22145834352602298,414
-0.1695939992006265,-1.0063517754787568,-0.44669247816445,-0.0508640298286106,416
0.8146597675304557,-0.9400747465922323,-0.14437517388386012,0.02279837703542974,419
-2.345003566137039,-0.4049554809070379,-0.14914862052015077,0.022725891691396567,420
-1.5296518620531911,-0.24609592024509863,0.29805911071974217,0.09062917035513118,422
-0.44643134150105457,-0.5008816029015732,-0.48524727622125957,-0.003641145477532498,423
1.8672857329024746,2.3971135579203828e-4,-0.13867789146054454,0.027242260269048177,424
-0.22530838228205224,-0.061778125313548406,0.06811452085993239,0.0074920850320144994,426
2.6968945103177724,-0.7341585946486826,-0.19276159319710853,0.09131510334656644,428
2.521180001228149,-0.335235297991483,-0.37746286325887435,0.1168720219185878,430
-1.6026711183766142,-0.13097886344171172,-0.0576659587709705,0.10260905137428199,431
-0.35609842255410423,0.35013127898138774,0.11198454375274845,0.2330224004732657,434
2.0995035616342763,0.8938079616682318,-0.06387113266015604,0.30477888050841573,435
0.21200408472694288,-0.9045736295403346,-0.8131051535516945,0.1508126849909646,436
2.2246076920708484,-0.25782949323659443,-0.4106057296442875,0.18178322359737623,438
-0.7394051881453941,-0.31986505679127014,-0.6396485673493898,0.08748577723912702,439
-0.2832943235968541,-0.35284619508983095,-0.39687012964127377,0.10968588309245017,441
-1.0579082452575217,0.27164532727118995,-0.5285146220905658,0.02799128627923829,442
-2.102458776256698,-1.3455770523282353,0.3476111113774849,0.18186085388010967,445
4.443407770705638,-0.043614458438451464,0.08076519858607739,0.2280138899567055,448
-2.3641250587598543,0.7388557479639669,0.06147302853574693,0.14471774659562064,449
0.9457779765325809,-0.07494323088075833,0.07468869169561229,0.2311489739804003,450
-0.09137012486974752,0.8134075629469184,-0.2972340697122111,0.13386141416041156,452
1.7764739464948676,0.7907623232507255,-0.9129082680231099,0.046594947551028346,453
-3.9353897249433123,0.6656153171708843,-0.30128001037507623,-0.0652376146204593,454
-1.8527328593193648,-0.5411864619839022,0.1395059755658072,0.0632603688429185,461
-3.866076758507589,-0.24034913484947995,0.1428440063083498,0.01627306201272489,462
-0.8460264523481795,-0.21953017587618265,0.2867007972550323,0.07971107354747017,464
0.03378193946648193,0.18646124163333766,0.637068829425023,0.1310635183076366,465
-1.5080099400344968,-0.1739889499654682,-0.3486819732785439,-0.12242963997735065,466
2.581016210227089,0.7100075915493078,-0.13300677083306067,0.030327699646473173,469
-2.0815991329376606,-0.2834336685456986,-0.03087674017446758,0.029688960056309457,471
1.4365258000471504,-0.8385205329109873,-0.12080168444529323,-0.01961893194789293,472
-0.14314225174189524,-0.3049798536689814,-0.4472026407122698,-0.08634236589050952,473
0.9176946464229604,-0.09744892830528973,0.06965575406005939,0.1529632166976519,474
0.4503874343210412,0.3740132465914711,0.5751526163338466,0.19848870535640742,477
-3.1208926589044315,-0.6146067691804068,-0.10147634694028843,0.05610317694815641,478
-1.5606138231356654,1.09557592207023,0.07443848476244891,-0.0429084206757707,479
-0.11841708731277012,0.8176346609636702,-0.22132683505959622,-0.1991634949902487,480
-0.47507278394950364,-0.08917754551021001,-0.1649125170555434,-0.08140387985843028,483
0.8478566418184705,0.27568812878477156,-5.728827516490106e-4,0.0130133589789,484
-1.0038850594648834,0.3840308914764143,0.2840226872998426,-0.11770655443747946,485
-2.2332355368902803,-0.7861139419226013,0.06388285304879873,0.0019256254196815112,487
-2.0714598503309745,-0.12159240135009275,0.2848377885772254,0.10385915226381878,489
-1.4210681251641184,-0.1772603528021136,-0.10665115423946948,-0.1633459960141194,490
1.652987452669458,1.0858214596860953,0.6275881435245917,-0.11757283258694519,491
-2.0263027064360313,1.9096636206282445,0.4229703359355268,0.03401924594364679,493
1.4705142362508572,-0.10347161001491256,0.28603984194798454,0.19886040545261421,496
-0.4249429766400475,-0.35817742807118697,0.13157448400054028,0.0660910971230987,498
0.10738619027543715,0.009113844660973333,0.19935903675358083,-0.09202767246390484,500
-0.8154510514263914,-0.10388928283706098,-0.23922327288281728,0.03283691179684946,502
1.381179654898384,-0.5816432072994753,0.16268168179744852,0.006777058172553103,503
-2.5996452128472436,0.14306588101166917,0.14263267757897646,-0.09264624594377792,504
-2.3420480274858284,-0.25390005672426974,0.22551234259957234,-0.11084811791673892,505
-2.434213029254922,-1.0098915448119365,0.01886261811011832,-0.19603432202683793,506
0.6922359937152314,0.34921100983496667,0.7605666065153288,0.08959579834517327,507
-1.8726458720644596,-0.8708104524717984,-0.14973653997710526,0.01513739624096891,509
0.994611707463303,-0.4867489089303189,-0.09113195783003901,0.04066697163667446,510
1.2428860316957793,-0.4787353275361497,0.7832996446395585,0.1275092595001407,511
2.743225616803453,-0.32885398659035436,0.008473959728160868,-0.21739416704182388,512
2.631785173355162,-0.9092399105698442,0.3482207314291523,-0.03252950490085067,513
0.6928105992541651,0.6341237114464797,-0.19279320116050253,0.04904572949176457,514
-1.0550462792804172,0.1387708988248716,0.04091207825134632,-0.10047272926404033,515
1.2197051300654032,-0.6809372445052795,-0.42771947848561376,0.06475027739418392,516
1.599587840804439,-0.035261547202160015,0.245773980792947,-0.17991628283464334,517
-0.959382545084429,-0.9560086818322115,-0.3563964927174797,-0.12658109719552965,518
1.3978158846619064,0.331686360641666,0.606680330559479,-0.022858732432403196,520
-1.322789468444708,-0.6488486094995548,-0.016702338754113158,0.04578517909360317,521
-0.5240907190890275,-0.356290623094185,0.8091386073561554,-0.038508199990737,523
-2.606002817842088,0.06968130334673028,-0.4967374967621071,-0.11657069504925352,531
-2.553654388973515,-0.27745424061807133,0.01446410190027439,-0.12120856933729673,532
-2.6296526959185784,-0.5478670836857923,0.00212287148003569,-0.03092614853103385,533
-2.452687046698324,-0.3775276825695447,0.1144788717963599,-0.06872434815490938,534
-1.0490427210637783,-0.7977574226115676,-0.03463650551825233,-0.17857371169411976,537
-3.431512772681385,-0.18113155559086414,-0.012954597280312508,-0.11033510607647153,538
-0.9483204195133528,-1.0241140143020049,0.3485946026581265,-0.19300631175010224,539
-4.476720361077345,-0.6768468525218376,-0.09800596265608302,0.14159318955752734,540
-3.590832674843127,-1.1471900457511648,-0.23392974684542947,0.04565753428116892,547
-2.7058948770776223,-1.4805253366705264,0.1709081380709851,-0.03495340396587247,550
-0.5788436982622907,-0.4743953225614191,-0.3637374898629154,-0.1402831873230388,551
-0.9679252089668633,0.5758789516895644,0.47514208428818105,0.1434314273543617,552
-2.0120754125461624,-1.3368576601939484,-0.11903461359932985,-0.06363815100700149,553
-3.009160582168218,-0.7249242736165,-0.28436296218082757,-0.11264462448460656,555
-1.4891526833150266,-1.3426929631747666,0.19733981638079903,-0.039578856590473124,557
-1.5551591926813597,-0.6406427132973093,-0.17438497608910028,-0.14361450683004992,558
-2.2212968240691278,0.3174176370558234,-0.025985082926701875,-0.30029132373354783,559
0.24512318394543733,0.051153168729420294,0.34099830085984284,-0.11151585720653091,563
1.8489399944676885,0.07411885538720675,0.18021671222468166,0.09856231974489935,565
-0.5419622164861053,0.28372681252861864,-0.24054768738322174,-0.1367798922617901,567
1.3045424520332003,-0.6117577501690428,0.4305181497493977,-0.020320346012786917,570
0.19536744850034607,-0.09260318367597653,-0.6686706397944401,-0.005837986422418773,571
-2.781344600608752,-0.3570071543655877,-0.2608655576489673,-0.07638627618191979,572
-2.6787772856936742,1.445656847399143,-0.030381197903740942,-0.05269055046334247,573
-1.5877148643913663,0.06420574431854664,0.006861654586190091,-0.07486337786654518,574
-1.1209092993105083,-0.12129230785493927,-0.07712700541783205,-0.10100679829790808,575
-1.0431538743758713,-0.6509225689058423,-0.27102204142052844,0.07665527223860351,576
0.14397299260282176,0.24462139970145974,-0.04857457221431354,0.015601551027942868,577
-0.9644485692765155,-0.5958265441936303,0.31334345020709936,-0.06552709347701181,578
-1.671420614703663,-0.9662108527840254,0.11668004787927047,0.04668668679198352,579
0.23090266802817688,-1.3080708184744148,0.2740805337714347,-0.024212649430156954,580
0.7150270466866047,-0.18859788881179046,0.012379721743799282,-0.10628921368004474,581
1.4652333437341476,-1.827675603359724e-4,0.1694392207741854,-0.019685754185762492,583
1.3161019253541275,0.888801348311201,0.47961854185693903,-0.03818744170954001,584
0.4607092793699791,-0.4276089873016423,0.20188506881408103,-0.0146495683625212,585
-0.8332575465434547,-0.4142587577016195,0.27438253469105106,-0.10636556983703231,586
-1.9549943571847723,0.9721087697566395,0.6671628868525332,-0.014831471484141025,587
-1.567799015358748,-0.9695001834182921,0.2631071818781131,-0.1609166859673604,588
0.9691059998462423,-0.11335576202308845,-0.46070421668482325,-0.1739368214282111,589
-1.7260510890794312,-0.6471603786268686,0.3539185311303209,-0.0820911233364344,590
-2.0683186326556315,-0.5168379988822175,1.1388952141367377,0.10566239133231878,591
-0.844231869853797,0.6416297563256128,0.5163687076953778,-0.013085518684899409,592
-1.1004331548293915,-0.24641098487585233,0.42403173761733565,0.10331630056082375,593
0.6214045922998634,-0.46643378691572746,0.02159856176547756,0.04982180939174474,594
-1.4628621275575073,-0.5187595386377529,-0.04203128908725697,-0.043651942408770794,595
-1.547188091223646,-0.73977754072225,-0.025753338724613342,-0.10809667979880669,596
0.4391203042179733,-0.34152551677519427,-0.16068062980567166,-0.019801004139259032,598
-0.1517509128317178,-0.37994485721359617,-0.08802117006351606,-0.028745772697202195,599
-1.5350641377822594,0.004710908121076107,-0.03174350307563445,-0.05500983703662289,600
-2.3406393111462815,-0.019170758933494514,-0.07839014610933565,-0.16069081181184808,601
-0.18067317965703056,-0.448094051961056,0.15830561661660114,-0.0596817134578491,602
-0.7109009835272455,0.8961301506834123,0.2391080490354873,-0.11338318049533283,603
0.06643268381375711,-0.711883884408118,0.42980556474838116,-0.044221396207513405,604
0.1806697244504602,0.20042090150538955,0.2732087480335843,-0.037368987841973664,605
-3.5746680677590703,-1.1141410828680516,0.14978054204245633,-0.05954440886308323,606
-0.8706943588997885,-0.669377477493861,0.12246098355316135,0.0016338348836032433,607
0.45640272844284335,-0.46048725401236296,0.7188907410459732,0.05856910068863529,608
-0.8150443938918914,0.32761505211943687,0.20975416731123658,-0.01372524422578135,609
-1.1270142790376618,-0.5341354391841158,0.1955477752875327,-0.08308801209392527,611
-2.461506473820155,-0.47886120375217966,0.53324528099579,-0.1379675178230691,612
-1.4105633869192598,-0.22369701217743748,0.1927588405520776,-0.18315710563295706,613
1.6803528213598726,-0.34699624880213764,0.09942718335283163,-0.22480801177754878,614
0.15279092421331086,-0.5455457190096377,0.30565860703573283,-0.20872641979075016,615
-0.8170744064733361,0.16724638635642436,-0.05003311003073173,-0.07383766732844199,616
0.927874527409831,0.024201845620525075,0.21647352754809399,0.03035320161111872,617
0.952511942775873,0.23051461079683466,-0.20400852585781032,0.07632917381889226,618
-0.05459552148931843,-0.567642999815128,0.23226391287163303,-0.266683624956333,619
-2.4416708146981967,-0.2596074276088566,0.24099218615002377,-0.2452005846067027,621
2.5062363193142394,-0.36578603913760466,0.3562257391892555,-0.14377005404817284,622
0.6487864840209412,-0.9295892850100826,0.2768625547203425,-0.11718847859828793,625
-1.4326402218479017,-0.18474536385808105,0.15899292242060398,0.061278138368052695,626
-2.492485801763634,-0.8021619653946737,0.4613020782116715,-0.12513213114598445,627
0.6334612286480727,-0.49675315420858235,-0.6490043965620653,-0.30017658169661326,628
-4.210413738132516,-0.42504338026212385,0.25324226146445195,0.06393784637341852,630
-0.424145871568122,-0.49218397277645204,-0.13953489762794988,0.18628909296605467,631
-4.760772123682725,-0.6033254597670952,0.11775839083229939,-0.12485888567181404,632
-0.7562887495821142,0.2701665038128132,-0.25492615992091644,-0.15609990726062964,634
0.40035717622950384,-0.3561111101551924,0.16257852695145114,0.10271211005846408,635
-0.675685295944262,0.12269960250905504,-0.2824395062212852,-0.053763427094444115,636
-1.0400371430467668,0.7704423840291837,-0.032382009421351415,-0.1708909674991152,638
0.017491271488030036,0.9486841950626749,-0.2758008727081487,-0.23940109432691395,639
2.313520045483988,0.3221446182307467,0.06117119240743317,-0.30983094590092514,644
0.9521865875416593,-0.4931986466801752,0.12337411443096688,-0.2606590486837056,645
0.9490223217617397,-0.5924142839949473,-0.20139454030042472,-0.09783821325652044,647
2.7655607238848505,-0.6026217069080049,-0.17402868115429024,-0.12209487144506914,648
1.0347998817211619,0.010617352061072172,0.09369502793027483,-0.19373939860742545,649
2.757285765971283,0.7274928731727478,0.5664369234667797,-0.04912932674383682,651
2.6813258609006483,-0.020433214037494762,-0.39108859650239713,-0.19217764809821572,652
2.4141778073935445,0.30027397679802803,-0.00949430935620732,-0.2683445545619914,653
2.052926758915203,-0.201161852468564,-0.2854945995956545,-0.16027070765881635,656
1.525129968608128,-0.09754410902837152,0.019782033241263944,0.054278159741932994,657
1.4638741034564795,0.17665468516193045,-0.430273834552346,-0.09394894834118378,664
-2.668300325079959,-0.09583461859644182,0.00523921756879378,0.027240571921155258,665
-2.7654840796280222,-0.24057733977783202,-0.29258135421365866,-0.1724674719870418,668
-1.4844374218885172,-0.4852710518156744,-0.35628731449703216,-0.12881298760062745,670
-2.109235028460341,0.7379284885687825,-0.2507261806159863,-0.06642894640117879,671
-1.1282902558857597,0.9733794845086943,0.14630393596680352,0.06877484388798871,672
-2.9035630055690613,-0.0944088635569259,-0.4622486026831304,-0.09965488196610442,673
-1.9676223580848904,0.7884086621626638,-0.43531309373520266,-0.038990633355277124,676
-0.14715471431565275,1.6135772962028727,-0.6763534380972528,-0.03985003752377229,678
0.4634425334613842,1.1849143544269227,-0.8939453531950847,-0.05981168256707267,679
-2.7925743410842223,2.0920517151691556,-0.31906872527721863,-0.08728728515407974,680
0.8382751176422973,0.22975603852957438,-0.9315627465934497,0.09033975580956617,681
0.6658132153462584,-0.06173807282668098,-1.078630672714895,0.049625835125558085,682
-1.7457303402867743,-0.4049416554350615,1.1452255044916704,0.10694420276383057,684
0.18140037485521163,-0.28835509313851493,0.8858754853768327,0.07837439947375309,685
2.3100448938346947,0.5732978521331608,0.10737544907649382,-0.21162969420532654,686
1.800616521083874,0.701498001906022,0.5724390729018968,-0.03835609982154487,687
1.0636037570722539,-0.5007372314691519,0.10853425566277253,-0.14724729687303992,688
-0.8590684729492435,-1.052828812776231,0.0013918165592158999,-0.08250044849439499,690
-1.117947213120847,-0.483172566277864,-0.08291903723795656,-0.2710225017622795,691
2.8136001448947257,0.4715809845219493,0.46389776689390216,-0.02374512875794109,692
1.3272987054624354,0.16329412164309265,0.21349157771752617,-0.07019942813869438,693
0.5521053282632754,0.19373655802095827,0.6089252027286807,-0.11669968599736652,694
-0.46555867928577654,-0.6973129603873652,0.6645588726499088,0.006121705387195114,696
2.6906837217803985,0.7639781804393828,0.3812045978187382,0.06392738251968837,697
-2.340968287044828,-0.3424439666269583,0.8955776375655774,0.07421054144768645,698
-1.9665937101495345,-1.2687489174272777,0.31844475450701704,-0.0029412527818335173,699
-0.5266672738624476,0.9272928844822775,0.5926626485995913,0.1367363209115655,700
-1.6895276576254998,0.16180923572988737,0.8581802262394421,0.07608378129074811,701
-3.223186731322117,0.6008105692117183,0.6442840607047857,-0.06313820724777658,702
-0.5676528139624573,0.8138569965904886,0.12522911869306713,-0.10899089539484161,703
-0.7165330037438878,-0.8466978153335776,0.8590223179644585,0.08010334611415862,705
-0.27136845280327543,-1.1443288795300521,0.6366577444139889,0.1698483745564952,706
0.02838036049965259,-0.24004770152046517,-0.14271111508945938,-0.0426843003521915,708
2.8765640675317634,-0.4487710780369243,0.4314767181814668,0.09248876607989587,709
0.5863789109815808,0.094534194390094,0.5424293939640376,-0.08211843036336101,710
-0.5083566656220802,0.40154687408162615,0.6919500938020589,-0.09361328372345734,712
0.13497927057461132,-0.39575485267278226,0.7474270524275198,-0.1973550567193109,713
-1.3743443560150077,0.10066940351448345,-0.09455571761063208,-0.1330001891778569,716
0.08015044986825269,-0.0790432349993864,-0.3645297381264551,-0.06689796070142591,717
0.45123845552788605,0.37532040999802063,-0.5264718183814846,-0.1762685409492832,718
-2.361115966877002,0.5817117724730994,-0.09898327703137907,-0.09775350416187753,720
-1.4902501186929706,0.05962959891395081,-0.3942427169999676,-0.15428808789273335,721
-2.942673664442763,0.31797298907518434,-0.24880762892330818,-0.032695565273320404,722
-0.6797089620760532,-1.1839611844282727,-0.014144052482814168,-0.051653937825213506,736
-3.076219662052875,-0.8607638125510017,0.14587566685316466,0.10203410450474738,738
3.0189338529779524,-0.14244520517888448,-0.1023032537460182,0.14049362181981684,741
0.8537955361123292,0.22725382195352511,0.530144819415163,-0.1455781079534302,742
2.4640933106462137,-0.6432067917598052,0.4841229567503201,-0.006469235388070697,743
0.649276829902295,-0.708574860757778,-0.15943163725011505,-0.2865633799168597,744
4.341963176839103,-0.01630980089606404,0.44688809681212316,-0.04894538732845148,745
4.038924029891833,0.6022499112175193,-0.17317750432633836,-0.17331300168107305,746
2.394993771978868,1.6472153632080704,0.11728935430991808,-0.03907284310108102,747
4.6061039391245,0.6567111548267563,0.03353643316476962,-0.03964170658097402,748
-0.9087149908567129,1.2126838922474938,-0.07590026371311015,-0.07164073835014592,749
1.8950843184829376,0.11436856192096101,-0.07923277093504728,-0.07655628957383592,751
0.5924562836031231,0.12470489952277727,-0.6017197671721246,-0.22058763288837252,752
2.112547271916558,1.3231491143921128,0.30902428541409394,-0.06474097614660801,754
0.7669832208748735,0.6920083668831533,-0.09883796366977018,-0.04524622873795207,755
2.8831811962466087,0.7861807806926222,-0.06806938889202466,-0.1542819363133544,756
1.6197349709504791,0.15956292379162784,-0.046802180173546634,-0.011740570040859908,757
1.6856706720364427,-0.6633537026243007,0.5486237681845593,0.06701026593184344,758
2.344420658472222,0.10027160674500446,0.143507647421377,-0.08041056099807914,760
-0.03264404045923602,0.5681811434360048,-0.07283117801306155,-0.19311209196866638,761
3.686389406780104,0.9245808704836564,-0.12253410060018646,0.02312534331097569,762
1.822101443515403,0.12540406268698923,0.6179214757929141,-0.01191324507541679,763
0.9743029195273676,0.6333439639582905,0.32845327949029574,0.014676146831135186,764
-0.7388519261429061,-0.07153449231035569,0.4983147082554347,9.437294052266482e-4,765
0.3648530759985114,0.09036684656678373,0.620684539845307,0.052178033789820444,766
-2.3168976588455994,0.3674339263668973,-0.025204473251837833,-0.06437923769680086,767
0.23932613747570092,1.0810056112278523,0.12278856734835102,-0.27312139500343474,768
1.8449101735588327,-0.21651192958628407,0.18287240506471666,0.016087922581910864,769
0.9959662059460568,0.7613525544618135,-0.6676052129002331,-0.08006439091558877,770
5.913746389475987,-0.6872564647323167,0.11506123459896622,0.041004920693066216,771
1.9576017382740802,0.6631782510073496,0.19385335010220311,-0.0541528059775056,772
1.5616506958829945,-0.8002836489156778,0.2636402158349225,-0.08544187873378584,773
2.0184095431287155,0.24294609723855431,0.12391060321333752,0.04302198002470297,774
0.831577855120413,0.0251115621860864,-0.3143098104602925,-0.04821115929283447,775
-0.41936364362297224,0.8031399110124424,0.02627058376393418,-0.1861504176999734,776
2.1987543200304906,0.4597528609533876,0.16175511340075166,-0.121945772205856,777
2.344007444173321,0.8353635299401687,-0.2280769714625251,-0.11188685543264827,778
2.9352104662919216,1.0411631431956951,-0.21617315681848198,-0.04680888310464585,779
-1.6871756732419145,0.15197248205232272,0.10957197372385666,-0.10098932873163105,780
-1.4291653295655795,1.4884822652297156,0.5986183706441618,0.10019496890255294,781
1.121965664843196,-0.9897541281818226,-0.35708810853195994,-0.3194878292440674,784
0.6685967249997155,1.8310422700523379,0.09679917627246992,0.014736839640447613,785
1.9813424203983145,-0.9609725444962156,-0.5222201272557616,-0.17127184916858304,786
2.337904500047575,-0.23115841161057715,-0.7313552942397376,-0.13454400521829746,787
2.1350266703781258,-0.20522684590206763,-0.012348471844806197,-0.05543914398802312,788
1.4797087435451926,-1.2600515365591836,-0.5097675927146731,-0.2963671769873425,789
0.5257195028558498,-0.5652575954675754,-0.026884511751029072,0.15043160931120178,790
1.7834594030105293,-1.1667362398765084,-0.08328583182649946,0.1668430451322407,791
0.6015924511503083,-0.9869537658673474,0.3513487575683579,0.2216152783959953,792
2.724923526028833,-0.4852461365368601,0.19773813857685169,0.08821813658694204,794
3.408311820337156,-0.5413477801706903,-0.5178744998656997,4.2086394761357837e-4,795
0.9205985927209155,0.1458041473379167,-0.0495730413906693,0.030290730886994695,798
1.9412096075664753,-0.17283970170530227,0.11038639130788166,0.166124989606168,799
-0.9212674028287717,1.105858475906775,0.39479046273775853,0.25075532543488943,800
3.0220960420417575,-0.4628723677991662,-0.03873935318763197,0.1263258456912313,801
2.3399775198718182,-0.029694876151227678,-0.2390152968427956,0.13144225145301502,802
0.9487391120579691,0.6678785415954637,-0.06597906032506179,0.14011354481292423,803
-0.07483176954032522,1.2657749338928117,-0.025468160343086438,0.016651757698391605,804
1.9146512321202738,0.38297950494001715,0.003662681256166561,-0.07974954712708532,805
0.41688283231493595,0.8900310322253262,0.24219913330726747,-0.1254457998431211,806
0.9505527060332633,-0.09916395366618402,-0.052592378928710964,0.14440378232157428,808
0.45894109320976884,1.148968912256408,0.47221100024701734,0.15244922957640233,809
1.139371053953281,0.19096679024593083,-0.5225752976184721,0.028647628648232403,810
-2.7736218339593854,1.6699930184697678,-0.225792193786174,0.023440378330603848,811
3.0992038762636653,-0.39990716386732617,-0.21451218925415663,0.06691540974572965,812
0.07860022370426167,0.9143607093636734,-0.365139852172906,0.00937237897825205,813
4.604605590449404,-1.0206982962103677,0.20735208618733147,0.21543709632458763,814
-0.5929163620304871,0.5453939471336651,0.5761341371518317,0.06794165536182392,815
-0.024274973695500968,0.9737449877898902,0.55124942755358,0.05885686180786566,816
0.25246795955687007,0.02215528572617076,-0.3003443719557123,-0.028399379558959395,817
1.919564730429977,-0.5466988397608521,-0.08267673431316815,0.12818407342821664,819
-1.2818640411459241,0.3080141628417261,0.11157604665439547,-0.05105933279591335,820
3.503470473456866,-1.1868219808184974,0.10832504593469106,0.09831340545753886,821
-0.2559435841008575,-0.13353093841377378,0.4543662409421101,0.17408216387632164,823
3.9533692710046227,-1.4774845618695274,0.2197833836562304,0.022373681188415304,824
1.3571495156743585,-0.9012230701183125,0.11441778078716924,0.09828177479644805,825
1.688864670449542,-0.28159400740418916,0.045887728849572956,0.010475202355681501,826
2.4284566076794816,-0.016044052013898247,0.33079192892088083,0.19479600982661333,827
1.473924105426954,1.7480882176628278,0.5267049721078909,0.3142940652297117,828
0.07237924774661574,-0.09272643402454045,0.01831356112076752,-0.1691660302028673,829
1.3009207322762388,0.08827157715057049,-0.015788919368065382,0.09199944316278055,831
2.646386975744752,-1.7158615865183784,-0.0060615202366535725,0.12042144802587643,832
0.5534989573234411,0.5120404182719942,-0.21998791498139725,0.04131781204111005,833
0.5671327539384173,0.2950819387612727,0.09045664145767071,-0.096672732900964,835
-1.4967583149328751,0.9851094360825279,-0.20543114070535493,-0.12500910405001733,837
1.0248475035166806,0.8324725845746275,0.550539370816852,-0.015398321131415083,838
0.527486788686161,1.2068698417084942,0.006385522679567018,-0.0723872447883741,841
0.04805235063932839,0.715531735402998,-0.040823716925545234,0.050053798137382255,842
0.9741318236957404,0.7949980048961078,-0.6648543260431491,-0.24143720412155972,843
0.10848882936961413,1.554776455935417,0.13063578864430053,-0.07171372918179375,844
3.043066326101376,0.9905312396241299,-0.2749069579487359,-0.13470799960518198,845
0.39701013504208543,1.2308755376527163,-0.2781278013697165,-0.03795188718976138,846
5.673725752168866,-0.25882581683120875,-0.3052772245837683,-0.03417351032139032,847
0.1579145103157753,0.8599271166126017,-0.006637937139995206,0.1730463606722158,848
0.7682084742636738,-0.27450362700668196,-0.0401699588088104,0.002027826889743822,849
1.4169283785432416,0.42545056904884815,-0.07659816570248165,-0.0773593944315932,850
4.264124863668975,-0.49421631831895363,0.24426000791310515,0.07054060513122297,851
-0.25611269131864617,0.8797816080586076,-0.14563134996952465,-0.30907444195131495,852
-3.077621140362487,-0.7474207868435325,-0.17384587405695007,0.010472231144051712,853
-0.4915712499916691,0.89823712241154,-0.3038750098391925,-0.2751582877163214,856
-0.589814934166871,1.514187754239362,0.8361710316795703,0.28304032941722074,857
1.4488717076062878,-0.2621851888526766,-0.10553756938474726,0.08981936175276281,859
0.8709207213757659,0.5870821133092293,0.3337259175325675,0.07084987274298983,860
-0.8322290717498421,-0.16891243026107058,0.177296579434367,-0.12732044389398964,862
0.9109136651433416,-0.1277355140560248,-0.2008921161334794,-0.13713202140797096,863
-1.3023688162181695,0.541735721936003,0.656441885729194,0.07246360174789455,865
0.9032566056233683,0.2705012852932529,-0.020562948802140227,0.013872073435936104,867
2.719553196880044,-1.1468038578802604,0.2576275701580924,-0.05322626106835348,870
-0.09027732336729516,-0.976502070073647,0.07366950603121344,-0.21465109341134167,871
0.806026701276799,0.23228915334238887,0.22876527365274238,0.030814242933587945,872
-0.8000465890086067,1.589372828004162,0.8762524163462526,0.01790751916685942,875
-0.9150133335251702,0.5950769616705921,0.3524013615884917,-0.14866468009420403,876
3.091583369399916,-0.16925117916080956,0.46349218401572545,-0.13291867624518736,878
-1.7156059714108993,0.3090126786971378,0.074843523568907,-0.054641082257319465,880
0.5960681632278535,-0.9896767242502736,0.2522036010593629,-0.03600994395590984,881
1.659070562177765,-0.4764138971949905,0.03108219196015849,-0.007877700100545098,882
-2.2182562570540907,0.14453432589849768,0.5663330152226803,-0.012800733383203016,883
-1.9500637667529537,0.39494556755919064,0.2808859746343745,-0.03838125628506631,884
-0.46930095232015745,-0.718929082910967,0.5023956381027617,-0.00492586053958644,885
-0.13608105654695782,-0.8149754274206424,0.9623555366474537,0.01929327908064352,886
0.04127568287609662,1.7420329740422893,0.47037912440558427,-0.3132251285026513,887
-1.5226436069265867,-0.03177719561545578,0.37940954615818606,-0.20323185318630504,888
2.8798994074624873,-0.7462909947791235,0.4385512989897794,-0.17321907711970908,889
-0.08099855440705278,-0.5611717498811707,0.6059090713291809,0.040345769563444184,890
-1.541470288240759,-0.09881764924407277,0.08346752677862435,-0.17310058731906441,891
1.379843807733278,-1.2843447147710607,-0.08133929856848104,-0.16903674774447405,892
-2.708374869127987,1.0163049246599223,0.3519983890858471,-0.2152795741945681,893
-2.3496071801921694,1.0489618221406771,0.8109888494208537,-0.13202859580713694,894
-0.7841702701106366,-0.3420016758932285,0.6029276453510676,-0.13937448401811736,895
-0.7236961226199882,0.5276139837238958,0.7348493087728237,-0.09166081512115282,896
0.47409818654378294,-0.6707744606412778,-0.14885663519759912,-0.10116618150676435,897
-1.1386834893418896,0.364966068510527,0.28446272170522646,-0.22755565908082198,898
-0.6347394718192566,0.1782797253282538,0.7511027081035165,0.02701283409012223,899
-0.20083643034613657,-0.6427557018727387,0.6557750022191301,-0.10769416719466753,900
1.3003540555556348,-0.3238627614858147,0.3524991107765024,-0.06954943164179872,901
2.194616119106393,0.42355547920909864,-0.39686721444418926,-0.16072778786733213,902
0.5299041955213335,0.9332155906610344,0.07690719381567422,-0.07443104671168473,904
3.569501491564931,0.6570780807461016,-0.09897975071957027,-0.23924421232953016,905
3.892881604040031,-0.2295337395213386,0.0711973053670647,-0.03579165888422126,906
2.1182292598800014,-0.9930109606341675,0.09922858162996134,-0.02282444327413291,907
-1.031476456614043,-0.6085162786720334,-0.007945915028671369,-0.1879971633547402,908
0.557459068754724,-0.04464485974139043,0.19360148388738682,-0.19485607802695856,909
1.9296044781724762,-0.6558560614511892,-0.024135231045619793,-0.08919564159805954,910
3.2982288260897548,-1.1791334169329386,0.1444993675927158,-0.18837990978642474,911
2.689449365254627,-1.2599525323785903,-0.024233898633275075,-0.1800822880147853,913
-0.13086708436616862,0.2549401240352227,0.2980435158891156,-0.08738116093264767,914
3.9505782781586163,-1.337717979891927,0.28982419479231275,0.016397312109593443,915
2.520870657158268,-0.2653159624223219,-0.26861676134405055,-0.24036313614995752,916
2.3257777110543456,0.6967190289536382,0.7179350797323528,-0.04970868254257735,919
0.38111839215909155,1.3223554969357911,0.28818473819925694,4.999122682648981e-4,920
0.8626944570433319,-0.49140486167087616,0.2575502947802233,-0.35500003464374486,921
3.0310059824224598,1.625784481728114,0.3926046649524355,-0.18379107110392365,922
