"id","gender","academic_year","residence","Dep","Anx","Str","BRS"
6,"Male","1st Yr","Urban",-1.2093178385112,-0.936545183530062,-0.951021206840516,0.442899652003946
10,"Female","2nd Yr","Rural",0.308353447415166,0.0312182760362367,0.462631204393571,-0.466173031742472
11,"Male","1st Yr","Rural",-1.24094077261993,-0.768477977409247,-0.884651226838104,-0.223441913570415
12,"Female","1st Yr","Rural",-1.64072466050368,-1.09559503333424,-1.32761038129518,-0.734127214630569
13,"Female","4th Yr","Urban",-1.20768172266421,-0.013684963310084,0.0362798171034558,-0.24753717129515
14,"Male","1st Yr","Urban",-0.394073139864149,-0.556348281204389,-0.40843214921092,1.39575023873093
15,"Male","1st Yr","Suburb/Semi-Urban",-0.963044922919775,-0.68387818400497,-0.661630647053226,0.938249659409644
16,"Male","1st Yr","Rural",-2.37259754615301,-2.28222224629416,-2.3673331080888,0.70308354190625
17,"Female","1st Yr","Rural",-1.24933921418623,-0.731622579289284,-0.705559388974368,0.0677132780812217
19,"Female","1st Yr","Urban",0.488770267802973,0.788722995737126,0.737812791573677,-0.345573590664296
20,"Female","1st Yr","Urban",0.248867786624867,0.203064823356537,0.284201327730821,-0.269783314813224
21,"Male","1st Yr","Suburb/Semi-Urban",-3.04249767957639,-2.9494714321944,-2.89935012499356,1.43363827653237
22,"Male","1st Yr","Urban",-1.14079648523854,-1.58836366028274,-1.60737869123618,-0.296899878128857
28,"Male","1st Yr","Urban",-0.124430853136167,-0.600346322692805,-0.483835789674763,-0.419133871945354
32,"Female","1st Yr","Rural",-1.73502241263307,-0.831282458559967,-0.82702424494288,-0.469826277517268
34,"Male","1st Yr","Rural",-1.24632647665753,-0.931599246581668,-1.00210842562667,-0.246635221190164
41,"Female","1st Yr","Suburb/Semi-Urban",-0.381283672761041,1.0933201315992,0.512011240849092,-0.0376994568839468
42,"Female","1st Yr","Urban",-1.30621171591631,-0.318091163011031,-0.848201214712625,0.280987329982355
47,"Female","1st Yr","Urban",0.649104426085885,0.314485071280035,-0.0245543970269464,-0.873560008492218
49,"Female","1st Yr","Suburb/Semi-Urban",0.258498664524514,1.30647637186443,0.788356022557915,-0.454449500586337
50,"Male","1st Yr","Urban",-1.43925937463442,-0.872314708017763,-1.51638064887615,-0.192651396498411
54,"Male","4th Yr","Suburb/Semi-Urban",-0.424221686710672,-1.10764291008876,-1.16416229505116,0.481458089168859
55,"Male","4th Yr","Rural",-0.454374358834838,0.600436629514352,0.254229284124545,0.168236325305047
56,"Male","1st Yr","Rural",-0.291511950703054,0.450444897722802,0.0532342923686487,-0.294093743718301
57,"Female","2nd Yr","Urban",-2.42420883192974,-1.70672908865992,-1.9734028745067,0.204050660459219
58,"Female","1st Yr","Urban",-2.15659615608234,-1.17925797578234,-1.87020655137569,0.0960927178187212
60,"Male","1st Yr","Urban",-1.20682255747386,-0.672852648189254,-1.21761764252169,-0.357048509027871
62,"Female","1st Yr","Rural",0.342218912371277,0.552598994071314,0.0158895618900496,0.19098876413915
63,"Male","1st Yr","Urban",-1.43208530286173,-0.867067438884633,-1.41137318997644,0.262325649014364
69,"Male","3rd Yr","Rural",-1.56671140218061,-0.500331289829193,-0.187778278600497,1.14039724172315
70,"Male","3rd Yr","Suburb/Semi-Urban",-0.519372966351818,-0.690511886294341,-0.318190523897868,0.616787095047526
71,"Female","3rd Yr","Urban",0.0464165933072829,0.210669357123983,0.475653431883295,0.829962961127509
72,"Female","3rd Yr","Urban",-3.23440450711879,-2.4937899071698,-2.72393643396458,2.46477838639691
73,"Female","3rd Yr","Urban",0.0969825100105558,0.869431842464487,0.957177999344353,1.70053254465815
75,"Male","3rd Yr","Urban",-0.283335569544948,-0.716691565389579,-0.295461255577188,0.706752137173889
77,"Female","3rd Yr","Suburb/Semi-Urban",1.02424131794731,1.98018624585607,1.97625741879138,0.0211966999477301
80,"Female","3rd Yr","Suburb/Semi-Urban",-0.698119393173645,1.21510867527325,0.837090051959923,0.80282779051625
81,"Male","3rd Yr","Urban",-1.51048650204748,-1.8596909386293,-1.64146806281708,1.13116952875771
82,"Male","3rd Yr","Suburb/Semi-Urban",0.421991266019316,-0.032263468480576,0.394087052192408,-0.64559854341809
83,"Male","3rd Yr","Urban",0.171669929600057,0.0311493188974455,0.108205599712461,-0.373559138682306
84,"Male","3rd Yr","Rural",-0.538124493782001,1.08687806920713,0.912183801988349,-0.535893283479629
85,"Male","3rd Yr","Rural",-0.99552263412002,-0.643232507585337,-0.214733320607235,0.697272323033586
86,"Female","3rd Yr","Urban",0.997898026906531,2.46917724187814,2.18334548073318,-0.868746799103082
87,"Male","3rd Yr","Rural",-1.72900647969905,-0.408410804184145,-0.619202498666515,-0.289729904794711
88,"Male","3rd Yr","Urban",-1.90910234881799,-1.7708142909402,-1.54563325893929,0.627227421872982
89,"Female","3rd Yr","Suburb/Semi-Urban",0.0224143170267302,0.5820891677902,0.615687850032067,-0.566133741312364
91,"Female","3rd Yr","Urban",1.37189448425772,2.19117407166224,2.25215783991899,-1.0334498634631
92,"Female","1st Yr","Urban",-1.16259715732245,-0.00415789090697905,-0.567885188181434,0.768668649827485
93,"Female","1st Yr","Urban",-0.862255814452345,0.321700990897344,-0.0912704023164844,0.926838083090608
94,"Female","1st Yr","Rural",-1.4946357068797,1.04702958681344,0.255471555975351,0.939366884958355
95,"Female","1st Yr","Rural",-1.38906982000857,-0.484807214356232,-0.608354518712458,0.784063225822167
96,"Male","1st Yr","Suburb/Semi-Urban",-0.113273161504038,-0.583134877423492,-0.901000790462111,-0.567147248487791
99,"Male","1st Yr","Urban",-0.88402459982909,-0.842232968669638,-1.25758779241689,0.238914858348537
100,"Female","1st Yr","Rural",-0.422648988023366,1.46017817541038,0.739066624462286,0.800524826758781
102,"Female","1st Yr","Rural",-0.354144652508314,1.56645115827138,0.871893845579519,0.54003110751558
103,"Female","1st Yr","Urban",-0.54843099119593,1.06232408723259,0.466782531009734,0.656269238662932
104,"Female","1st Yr","Rural",-1.83018580805495,-0.0763616445525112,-0.488773957142199,0.951179271514421
105,"Female","1st Yr","Urban",-2.43295020877576,-1.45262921412938,-1.58959180872461,0.731594216223253
106,"Female","1st Yr","Urban",-1.05855553524465,0.541779345392396,0.283563321544141,1.2699399938306
107,"Male","1st Yr","Urban",0.230545098399842,-0.258121823790241,-0.225112821351221,-0.244294602593295
108,"Male","1st Yr","Urban",-1.67018640744896,-1.62385823499312,-1.60346126270549,0.249787096748549
109,"Male","1st Yr","Rural",-1.67821094036144,-1.69786887083852,-1.56888259713922,0.77785470673982
110,"Male","1st Yr","Rural",-1.45143700490023,-1.68746714194008,-1.55785697698855,0.749405613053266
111,"Male","1st Yr","Urban",-0.946092539566312,-0.958060635525779,-0.990190613940516,-0.0490151957443417
114,"Female","1st Yr","Urban",-0.576696072480312,0.665688740947398,0.664402069830718,-0.223019778637774
115,"Female","1st Yr","Urban",-1.16233391700719,0.117814741728696,-0.000734299987941751,0.661763366933663
116,"Female","1st Yr","Rural",-1.47031751070698,-0.129988050396083,-0.362953421275447,0.107439498878293
119,"Female","3rd Yr","Urban",0.489618660978838,1.12794188984324,0.944457507824127,-0.759890139894193
120,"Male","3rd Yr","Urban",0.00401138605376402,-0.483903298610575,-0.00560160965715533,-0.576301884611457
121,"Female","1st Yr","Urban",-0.454505603899139,-0.712258645429675,-0.594896808084626,1.60962759019042
125,"Male","1st Yr","Urban",-2.14378742630101,-0.911452633396975,-1.32459731973281,-0.124658649779138
126,"Male","1st Yr","Rural",-2.31494907906508,-0.664425538956039,-1.03733157558279,0.167833295125164
131,"Female","1st Yr","Urban",-1.75076778292434,-1.18734589729859,-1.26797786599581,1.32697060100452
132,"Female","1st Yr","Urban",-1.23605941779083,0.203066317759925,-0.146774074128668,0.408807882095856
133,"Female","1st Yr","Urban",-2.27035494328768,-1.25122438978825,-1.25666947762716,0.175340085236136
134,"Male","1st Yr","Rural",-1.27635378197345,-1.23390668761605,-1.07076606987202,0.613854666833508
135,"Female","1st Yr","Suburb/Semi-Urban",0.769598528119297,1.16409995908056,1.14885248226373,-0.746632829386291
137,"Male","1st Yr","Urban",-1.8310956472355,-1.48427350165113,-1.29867291316242,1.19662183450983
141,"Female","1st Yr","Urban",-0.516540394790749,-0.518405811453985,-0.418438043969119,2.31176211213471
142,"Female","1st Yr","Urban",0.064777289484088,-0.262958580156652,-0.174141880587653,0.745231053969597
143,"Female","1st Yr","Urban",0.186761610812955,0.0926468983353215,-0.0880033552143146,0.633826418824725
145,"Male","1st Yr","Suburb/Semi-Urban",0.317679540901379,-0.405999493821784,-0.334502250344068,0.280187525213186
146,"Male","1st Yr","Urban",0.0500923369407027,-0.633768514573226,-0.311826716449133,-0.434594139888808
155,"Male","1st Yr","Urban",-0.843567539048016,-0.497006895518698,-0.6815648790467,0.376305909034601
156,"Male","1st Yr","Rural",-1.64071891297752,-0.572955814518776,-0.789795415650602,-0.0479683788316752
158,"Male","1st Yr","Suburb/Semi-Urban",-0.0967356169097061,-0.752735432296944,-0.662005271748443,-0.204123578500315
159,"Male","1st Yr","Urban",-0.746153065003512,-1.82997194613894,-1.49186278562645,0.0170992239309009
160,"Male","1st Yr","Rural",-1.97214534813797,-1.79627949985178,-1.79336959988335,-0.340547635550439
161,"Male","1st Yr","Urban",-2.11205255294662,-1.40065327818103,-1.383505847281,0.411755747795072
162,"Male","1st Yr","Rural",-0.907220337736091,-0.292025284518924,-0.481939299805721,0.322958565650411
163,"Male","1st Yr","Rural",-0.914278800705038,-0.951623794728865,-1.20006567927117,-0.656903669261783
165,"Female","1st Yr","Urban",-2.85829270926626,-1.57582162164705,-2.04134560098762,1.00835505390411
166,"Female","1st Yr","Urban",-1.14424170117121,0.13639894872034,-0.446301540987006,0.629651807916664
167,"Female","1st Yr","Urban",-1.69601055903794,0.606948202171713,-0.558529838460166,0.387108874751704
170,"Male","1st Yr","Urban",-2.1512621162746,-0.386527277735181,-1.08237682576525,0.736395513109875
173,"Male","1st Yr","Urban",-1.40116532499589,-0.364041248265317,-1.03156895327696,0.269005755158386
174,"Male","1st Yr","Urban",-2.21963530865963,-0.467241888484814,-1.26941027220988,0.811118871505924
175,"Male","1st Yr","Suburb/Semi-Urban",-1.35766240275778,-0.468034485974359,-0.993344229418498,0.976468431473147
176,"Male","1st Yr","Suburb/Semi-Urban",-0.508047079507832,-0.641311678775079,-1.07902959666726,0.581670939708623
177,"Male","3rd Yr","Urban",0.931701350839153,0.80541493209571,0.785766753512185,-1.45886515202497
178,"Female","3rd Yr","Urban",0.394271524669666,0.867941375870091,0.728007324773532,-0.0653031086285278
179,"Male","3rd Yr","Urban",-0.257940827852591,0.160458266072047,0.129326482138057,-0.635849347751477
180,"Female","3rd Yr","Suburb/Semi-Urban",2.69214402476701,2.20108698537263,2.32576416944526,-1.63146792391766
181,"Female","3rd Yr","Urban",0.69919682414642,2.09848529343802,1.97122082056085,-0.648398140312059
182,"Male","3rd Yr","Urban",0.100878145172199,-0.848607923135049,-0.704584599141255,-1.02785506904414
184,"Female","3rd Yr","Urban",-1.01454952622697,0.380462487430754,0.432329906525671,-0.337215007956687
185,"Female","3rd Yr","Rural",-1.44945429233194,-0.463123312287068,-0.408826882522279,-0.284143387819715
186,"Male","3rd Yr","Urban",-1.38555548025047,-1.60972558050648,-1.59466055089955,2.4751142348749
187,"Female","3rd Yr","Urban",0.0613492129628527,0.917325454093185,0.837478693544979,-0.013415088634819
188,"Female","3rd Yr","Urban",0.16178866817816,1.41821816261362,1.24293830063469,-0.480922118371907
189,"Female","3rd Yr","Suburb/Semi-Urban",0.513685094160491,1.46027347618178,1.37216132461761,-0.281125898909329
190,"Female","3rd Yr","Rural",0.689293799653784,2.00112338945699,1.43108540493105,-0.569064433425254
191,"Female","3rd Yr","Rural",0.265758654756451,1.14429392282405,1.31423623273095,0.743401619362604
194,"Male","3rd Yr","Rural",-0.0621537894045346,-0.433367869817904,-0.23234293187498,-0.800633912076207
195,"Male","3rd Yr","Suburb/Semi-Urban",0.216936776402962,0.539189466041199,0.52223552475514,-0.0556502107180965
196,"Female","3rd Yr","Urban",-0.332905155749277,0.41939923797153,-0.0222607268882007,0.512943336841255
197,"Male","3rd Yr","Urban",2.27230737296816,1.14536369024617,1.42267775213144,-2.20757969878785
198,"Male","3rd Yr","Rural",-0.453831552517374,-0.236137583718642,-0.056536897426232,0.638387734158548
200,"Male","3rd Yr","Urban",0.0434564345380333,-1.16826056248645,-1.1290172016226,-0.188383104085704
201,"Male","3rd Yr","Urban",-0.54488331974538,-0.0848738550945797,0.0140057351869724,-1.16115569425308
202,"Male","3rd Yr","Urban",1.74184969233543,1.88259984366516,1.80664391738494,-1.26593284676497
205,"Male","3rd Yr","Suburb/Semi-Urban",-0.65624004619333,-0.926985625511979,-0.712146193058035,2.11675846082932
206,"Male","1st Yr","Urban",-0.963429532576378,0.0280628929158331,-0.101184989245567,0.330356319383958
207,"Female","1st Yr","Suburb/Semi-Urban",-0.631820467375688,0.483180516054749,0.243584575924529,-1.06445649989228
208,"Female","1st Yr","Urban",-1.41145102015032,0.275615340923854,-0.0455812614074355,-0.98844894479899
210,"Female","1st Yr","Urban",2.58628046897732,3.24046624737825,3.09955632181461,-1.86984329749283
213,"Male","1st Yr","Urban",-2.26204110623267,-2.18031328167004,-2.12909817020606,0.825473354357859
214,"Male","1st Yr","Urban",-1.88855013304649,-2.93946571766371,-2.90356320146872,0.471992570805895
216,"Male","1st Yr","Urban",-0.688670796934589,0.249668823556859,-0.252507650265127,0.131043422251795
217,"Female","1st Yr","Urban",-1.52605424446362,0.201304670835085,-0.08808979463347,-0.082867676756154
218,"Male","1st Yr","Urban",-1.93621659982002,-1.31218390418527,-1.33868764201165,1.61778625300717
220,"Female","1st Yr","Urban",-0.141051686589294,1.85518487715034,1.56815519367369,-0.315733811626045
221,"Female","1st Yr","Urban",-0.0436398910412048,1.17998496280769,0.830137386352275,-0.179785245215932
222,"Female","1st Yr","Urban",0.373560291338967,1.04802752145858,1.17773037293254,0.137538685313534
223,"Female","1st Yr","Urban",-0.808503154338631,-0.729720222838927,-0.667163993724883,0.689916983353827
226,"Male","1st Yr","Suburb/Semi-Urban",-1.43344897480899,-1.07237139590047,-1.09079416563999,0.910865075860895
229,"Female","1st Yr","Suburb/Semi-Urban",-0.183218161952153,0.708610299110907,0.578741400394234,0.293825517034057
230,"Female","1st Yr","Suburb/Semi-Urban",-0.374700945127847,0.707874785479407,0.287149093594184,0.298084947060418
231,"Female","1st Yr","Suburb/Semi-Urban",-0.576514556354474,0.060492563725961,-0.142314752900547,0.669886819839312
232,"Male","1st Yr","Urban",-1.99148626018965,-1.85074283881285,-2.04325573347196,0.011310152298659
233,"Male","1st Yr","Urban",-1.06359856526201,-1.60421997044435,-1.48374833792637,0.148222757600126
234,"Male","1st Yr","Rural",-0.0465415572398519,-0.436773080658698,-0.308803869528167,-0.474236573721037
236,"Male","1st Yr","Urban",-2.1903470067516,-1.92587289383797,-1.97652918873825,0.521349067913041
239,"Female","3rd Yr","Rural",0.534861656058775,1.47196284895195,1.51166317463225,-0.175415433700667
240,"Male","3rd Yr","Urban",-2.75865126928491,-2.57123199458215,-2.42260939772744,2.03225661723176
241,"Female","3rd Yr","Rural",0.651164914638326,0.796395942823557,0.696102985477453,-0.379314305489438
242,"Male","3rd Yr","Rural",-0.766645854265458,-1.21904946573113,-1.05901901343624,0.227888226835877
243,"Male","3rd Yr","Rural",-1.61372300011716,-1.82740180677908,-1.48149749200539,1.34669221818551
244,"Male","3rd Yr","Urban",-2.25553635940574,-1.69556597463842,-1.62629177436894,1.45172744691114
245,"Male","3rd Yr","Urban",0.0117279027610846,-0.252385804478888,-0.160082305444938,-0.780777403668117
246,"Male","3rd Yr","Urban",-3.07404078943449,-3.13755630938837,-3.04965631654281,0.62584511163074
247,"Female","3rd Yr","Rural",0.971896055121412,1.88263876410853,2.03994130332756,0.653608580383561
248,"Male","3rd Yr","Urban",2.25411801678383,2.44883166971007,2.61153128847602,-1.65232406730594
249,"Male","3rd Yr","Rural",-0.209323705344966,-0.256763714090529,-0.0256218292531301,-0.276170264465593
251,"Male","3rd Yr","Urban",-2.16762813789333,-2.77682599247364,-2.66240572920347,0.111588313936804
253,"Male","3rd Yr","Suburb/Semi-Urban",-0.433827240795217,-0.64035785573086,-0.333441433203575,0.630825300273363
255,"Male","3rd Yr","Rural",-1.12622468188454,-0.451279688510477,-0.74198480983452,-0.339121792365668
256,"Female","2nd Yr","Suburb/Semi-Urban",0.753270835383945,0.0355878792363253,0.348962672946578,-1.68121558301382
257,"Female","2nd Yr","Urban",0.190788488503759,-0.0918389453772904,0.0171125194206741,-0.562134870593068
259,"Female","2nd Yr","Suburb/Semi-Urban",0.665649329932335,0.262244165616795,0.387396089826249,-0.155700960195123
260,"Female","2nd Yr","Suburb/Semi-Urban",0.777232263676304,0.188420108392024,0.771417089363391,0.748696853605687
261,"Male","2nd Yr","Rural",-1.28152849690726,-2.13459345538192,-1.81656804067199,0.256852105936297
262,"Female","2nd Yr","Suburb/Semi-Urban",-0.595928263963555,0.86083123845471,0.667090482308791,-0.313430645305599
263,"Female","2nd Yr","Suburb/Semi-Urban",-0.00632776920262223,-1.15056522502878,-0.59546108936355,-0.474400148354419
264,"Female","2nd Yr","Urban",-1.30086459894386,-1.52730261606199,-1.44201963226254,-0.754740533425664
265,"Female","2nd Yr","Suburb/Semi-Urban",0.245414176837579,0.365987929553173,0.460257142280142,-0.805877102078487
266,"Male","3rd Yr","Urban",0.351795734246811,0.46679122935271,0.50998823991985,-0.439333874316426
267,"Male","3rd Yr","Suburb/Semi-Urban",-0.144582073482866,-0.419290212732665,-0.381024635081945,1.03234454192627
268,"Female","2nd Yr","Suburb/Semi-Urban",-0.864272151007416,0.338960178472402,0.0571075803145354,1.60798512195668
269,"Female","2nd Yr","Urban",0.927131296298794,1.3730930852945,1.23972384515956,0.120466503029217
272,"Male","2nd Yr","Suburb/Semi-Urban",-1.33663155738633,-1.37115503132949,-1.52906610493119,0.712742567540915
273,"Male","2nd Yr","Suburb/Semi-Urban",-0.801454486409584,-0.131242740259582,-0.430355500502058,-0.536113044051253
274,"Male","2nd Yr","Rural",-1.26491462950858,-1.21204306026488,-1.33272446746251,1.16895671745409
275,"Male","2nd Yr","Rural",-1.35110179131935,-1.11980643359102,-1.27533906712974,-0.0375184370291142
279,"Female","2nd Yr","Urban",-0.0273384535437396,0.310880497295144,0.251667504297653,0.458405439670682
280,"Female","2nd Yr","Urban",0.295453986731515,0.68796846084768,0.767864358773958,0.0822548407096352
282,"Male","2nd Yr","Urban",-0.589211856992489,0.0135523094670446,0.136359764121581,0.656431611551363
284,"Female","2nd Yr","Urban",-0.682008595388477,0.429842935514802,0.408593518782131,1.40073341843116
287,"Female","2nd Yr","Rural",-0.648543263095738,0.55344342145856,0.614697945230358,0.931709796428199
288,"Female","2nd Yr","Urban",1.48947260617755,2.03311309646143,1.89042803442704,-0.757969724009359
289,"Female","2nd Yr","Urban",-0.130407141763635,1.36466900339683,0.884967107248525,0.344091922987386
293,"Male","3rd Yr","Urban",-0.514961179589753,-0.298093968835643,-0.201078134972047,-0.813071846658105
294,"Male","3rd Yr","Rural",-1.0121736751641,-1.0038804768451,-0.809724398174936,0.149522862931603
295,"Male","3rd Yr","Suburb/Semi-Urban",-2.10867630416207,-2.13559777006753,-1.83309221448763,1.65026646448417
298,"Male","3rd Yr","Urban",-0.0123342636528706,0.316799007848586,0.112056661881168,-0.072051365470046
299,"Male","3rd Yr","Urban",-0.0856069732947507,-0.211991665629147,-0.37119244480502,-0.851618264707666
301,"Male","3rd Yr","Rural",-0.119884740035611,-0.090992567682197,-0.201190389362113,-0.851619752170873
305,"Male","3rd Yr","Rural",-0.401549992864198,-0.808585734012741,-0.533539944025128,0.119919255687864
306,"Male","3rd Yr","Urban",-0.388072832738768,0.0232065415092058,-0.215751064932649,-0.495658347782139
308,"Male","3rd Yr","Suburb/Semi-Urban",-1.53591833741726,-1.90678457197734,-1.55389413253064,1.33140860791696
310,"Male","3rd Yr","Suburb/Semi-Urban",-1.68009004170681,-1.60769067016684,-1.49150060594441,1.90693929630378
317,"Male","2nd Yr","Rural",-0.0904490487813785,-0.3113102137867,0.0203356080853881,-0.293898531535083
318,"Female","2nd Yr","Urban",0.0635712191021805,-0.260486770026661,0.181303619471422,0.24370132862954
323,"Male","2nd Yr","Suburb/Semi-Urban",-2.30149507447264,-3.09526468823806,-2.57334933976654,1.07969659539835
324,"Male","2nd Yr","Urban",-1.41158779347999,-1.93936091321547,-1.64740232069166,0.934488178302222
325,"Male","2nd Yr","Urban",-0.581734212481413,-1.17066353355972,-0.701502406087647,-1.33320427887627
326,"Male","2nd Yr","Urban",0.0706780509043559,-0.229637428837126,-0.122748213675867,0.228969579540162
327,"Female","2nd Yr","Urban",1.39587583494065,0.948084783171881,1.43283307709004,-1.17166510891147
328,"Female","2nd Yr","Urban",1.17121054941014,0.109741268819192,0.858923063841516,1.02728291646716
330,"Female","2nd Yr","Urban",2.69047652293479,2.9549688581864,3.28786712783295,-2.17913936316834
331,"Female","2nd Yr","Urban",0.352658319379388,0.163301528253148,0.371197333595066,-0.260888803845959
332,"Male","2nd Yr","Rural",-1.25658855077403,-1.6686447462967,-1.00222065089333,0.660750047489786
334,"Male","2nd Yr","Urban",-1.64842532620724,-1.65928631248181,-1.22046524641019,0.694019334352288
335,"Female","2nd Yr","Suburb/Semi-Urban",0.605532899606796,0.338440656757568,0.484770997828158,0.228945225080635
337,"Female","2nd Yr","Urban",-0.531476550925907,-0.620427308061385,-0.579043293951941,-0.404712272645485
338,"Female","2nd Yr","Urban",-1.4786609371247,-0.521239280650743,-0.390815885341703,0.216216280571898
340,"Female","2nd Yr","Rural",-0.929066723400806,-1.07245029511433,-0.534753615449129,0.373630456862144
341,"Female","2nd Yr","Urban",0.800447739048709,0.772443935807754,0.964240039447611,-0.195112030897589
342,"Male","2nd Yr","Rural",-0.757924507194,-1.18182656238461,-0.736184020499128,0.0250494631361044
343,"Male","2nd Yr","Urban",-2.60936171056057,-2.44009003251278,-2.51132902377468,0.283096173461256
346,"Male","2nd Yr","Urban",-0.72509364329279,-1.24457859852813,-0.824865406710803,0.0246005334284792
347,"Male","2nd Yr","Urban",-1.02866273883744,-1.45458132927102,-1.14270767498299,0.452178226453361
353,"Male","2nd Yr","Urban",0.0194038936656058,-0.852397080515733,-0.324214618466007,0.0138182367161708
355,"Male","2nd Yr","Urban",-0.753010047194563,-1.9912704312045,-1.50089817951928,0.226325439568937
358,"Male","2nd Yr","Rural",-0.255204489607553,-1.63260723661245,-0.935522043680976,-0.475038737413792
360,"Male","2nd Yr","Rural",-0.915212059794668,-0.60912598810003,-0.382873966697015,0.317324311118134
362,"Male","4th Yr","Suburb/Semi-Urban",0.1451250221905,-0.612820501603935,-0.279738637368164,-0.752297822622128
363,"Female","2nd Yr","Urban",2.53490522199097,1.84330135915269,2.15719271096678,-0.626141857186039
364,"Female","2nd Yr","Urban",0.800386634699347,0.879070776716544,1.05906277997036,-1.27815467326254
368,"Female","2nd Yr","Suburb/Semi-Urban",2.64664649297994,2.10923852779519,2.41397326607958,-1.01392440227547
371,"Female","2nd Yr","Suburb/Semi-Urban",1.45213035057687,1.34035858819229,1.75064268579744,-0.834130039737291
373,"Female","2nd Yr","Rural",0.993980871620017,1.24971993243894,1.6332874228097,-0.865351054416282
374,"Female","2nd Yr","Suburb/Semi-Urban",2.65771373461851,2.51837837124927,2.44503970410403,-1.30548935915324
375,"Female","2nd Yr","Rural",-0.111264508317188,-0.196839473754758,-0.0468109683523315,-0.330869032363883
377,"Male","2nd Yr","Urban",-0.259133825953381,-1.11645337673919,-0.869854588673642,1.55532871023317
379,"Male","2nd Yr","Urban",0.485301424186131,-0.961492146142965,-0.434208011033821,1.40321394654694
380,"Male","2nd Yr","Urban",-2.490551634397,-2.08105650424788,-2.16232057174312,1.46139512188234
383,"Female","2nd Yr","Suburb/Semi-Urban",0.956924387238581,0.794855832261568,1.09688719598136,-0.0388675974776159
384,"Male","2nd Yr","Suburb/Semi-Urban",1.61659576968148,0.786838616480396,1.05975761574935,-1.72806543511588
385,"Female","2nd Yr","Suburb/Semi-Urban",0.741228531135326,0.822995514506019,0.82370318590284,-0.304564627080922
386,"Female","2nd Yr","Rural",1.20226433405779,1.74585616398832,1.7622146688885,-0.700682153859347
387,"Male","2nd Yr","Rural",-1.351285484436,-1.66938029341042,-1.19321441805464,0.694892470322958
388,"Male","2nd Yr","Rural",-1.26381484652362,-2.19091460655029,-1.5410510868871,0.953760981344629
390,"Female","2nd Yr","Urban",1.27783498129472,1.50196492019599,1.83239510587429,-1.37737712530768
391,"Male","2nd Yr","Urban",-1.06059688435307,-1.54922274717959,-1.07784952128308,0.100510278586075
393,"Female","2nd Yr","Urban",0.789974836729499,1.93359258204251,1.96889341513634,-0.27782616707573
395,"Male","2nd Yr","Urban",1.29481636538987,1.49759375638415,1.88917720203156,-2.08840265478975
397,"Female","2nd Yr","Urban",1.51672078025494,1.60465489824166,1.82621216643082,-0.194528548289074
399,"Male","2nd Yr","Urban",0.809336331268649,-0.339163033940866,0.281368946966512,-0.685123637851543
400,"Female","2nd Yr","Urban",-1.0290356997177,-0.504473181492898,-0.371624292255463,-0.257627347668719
401,"Male","2nd Yr","Suburb/Semi-Urban",0.829570337929579,-0.434356195048795,0.216683784166272,0.624685990341926
403,"Male","2nd Yr","Suburb/Semi-Urban",-0.504337037617917,-1.15161227407928,-0.929800868065954,-0.0939300671738552
404,"Male","2nd Yr","Rural",-0.379903989900665,-0.520843250575318,-0.405566499626273,-0.0525156915744642
405,"Male","2nd Yr","Urban",1.04310072984993,-0.0739284211542727,0.654623704330954,1.02183217841667
408,"Female","2nd Yr","Urban",-0.751144698414113,-0.906683374773111,-0.553142668820286,0.63532879061444
413,"Female","2nd Yr","Suburb/Semi-Urban",0.138360048191018,-0.481193812317488,-0.643358035108771,0.0137324832553451
414,"Male","2nd Yr","Urban",-1.61569145868205,-2.69327772910554,-2.61264406611398,1.38523259240909
416,"Female","3rd Yr","Urban",-0.935127610712834,-0.472345990183503,-0.409195048287783,-0.761545732877816
419,"Male","3rd Yr","Rural",0.0252422685714135,0.0732517789580338,0.162211154650271,-1.02589943637704
420,"Male","3rd Yr","Urban",-1.93512811587426,-1.85869587244474,-1.80828311158356,0.547296634762463
422,"Female","3rd Yr","Urban",-0.928177247332127,-1.49555884776858,-1.33983391086252,0.437126975376081
423,"Male","3rd Yr","Rural",-1.08015631117492,-0.385052853352425,-0.446429760541717,-0.26877543423928
424,"Male","3rd Yr","Urban",0.809152147383645,1.18972767218328,1.24132289477455,-0.67315525073085
426,"Male","3rd Yr","Urban",-0.330557909987903,-0.427949780333108,-0.243547964436348,0.0712193317368188
428,"Female","2nd Yr","Urban",1.22016924356272,1.53405591496753,1.47797524350545,-1.55771124380217
430,"Female","2nd Yr","Urban",0.974575524940254,1.7314318154752,1.51939331738669,-1.20605123266183
431,"Female","2nd Yr","Rural",-1.31587205294513,-1.23823555057278,-1.28981244642336,0.504983346999501
434,"Female","2nd Yr","Urban",-0.258590677365684,-0.201535373340659,-0.410456041046415,0.452541156727328
435,"Female","2nd Yr","Urban",1.21279474467374,1.88596002313823,1.45062410252874,-0.041822690621117
436,"Female","2nd Yr","Rural",-0.990278250073204,0.243061019986365,-0.239176773216482,-0.86771761501141
438,"Female","2nd Yr","Urban",0.779508832219242,1.63421406869279,1.28606718560629,-1.04024350003177
439,"Female","2nd Yr","Rural",-1.37559751604861,-0.330938711154569,-0.640636129859631,-0.0393562821578805
441,"Female","2nd Yr","Urban",-0.837953379211257,-0.186155925956499,-0.407957060479723,-0.197788021008762
442,"Female","2nd Yr","Urban",-1.41794668731946,-0.422514669002032,-0.595465985606433,0.55448897278732
445,"Male","2nd Yr","Urban",-1.34070557651209,-2.31653474367911,-2.25582562782556,-0.205954410927864
448,"Female","2nd Yr","Urban",2.72604982864745,2.93311511865447,2.75553142411184,-1.61429176784397
449,"Male","2nd Yr","Urban",-1.57218856312035,-1.44307019181437,-1.54659291479483,1.48198789079801
450,"Male","2nd Yr","Urban",0.486195628595228,0.534170832641894,0.33263345383928,-0.361393710242997
452,"Female","2nd Yr","Urban",-0.47765200599778,0.386236183971195,0.126981334973029,0.659904885759251
453,"Female","4th Yr","Rural",0.0673918377951154,2.01924836283395,1.61038387452972,-0.127544618514961
454,"Male","2nd Yr","Rural",-3.00788596572292,-2.45510582778578,-2.37680054596345,1.94414004252997
461,"Male","3rd Yr","Suburb/Semi-Urban",-1.33459693392368,-1.75091468780502,-1.61736918424131,0.301517724328238
462,"Male","4th Yr","Urban",-2.59539388500599,-3.03932665289669,-2.84251946264355,1.27240218035795
464,"Male","3rd Yr","Suburb/Semi-Urban",-0.503680818971412,-1.01713591810892,-0.845716182187972,0.206298971083617
465,"Female","3rd Yr","Urban",0.469998484620817,-0.450309175326073,-0.203172153274269,0.252389651745612
466,"Male","3rd Yr","Urban",-1.61774900667683,-1.15987518372551,-0.959733070964126,0.391612105959559
469,"Female","3rd Yr","Urban",1.35061234628825,1.97602283723001,2.00020571956804,-0.377179974751866
471,"Male","3rd Yr","Urban",-1.63260999920199,-1.70482799775421,-1.61006332376811,0.562747143740107
472,"Male","3rd Yr","Urban",0.444758473166951,0.49247729731884,0.66733153949642,-1.17125345577285
473,"Male","3rd Yr","Rural",-0.850372366906873,-0.184890129885952,-0.0870518096238336,-0.222657488085586
474,"Male","3rd Yr","Suburb/Semi-Urban",0.43812206432409,0.449116276264437,0.383985762399104,-0.371121340204438
477,"Female","3rd Yr","Urban",0.714028722908924,0.00890352350704248,0.0998282058179738,0.23991236898208
478,"Male","3rd Yr","Urban",-2.39602862573143,-2.48580983871487,-2.46545082146432,0.67393889563753
479,"Male","3rd Yr","Rural",-1.0607838714652,-0.895604472083507,-0.671238568437991,1.465560218354
480,"Male","3rd Yr","Rural",-0.514317937006309,0.0612664534634604,0.429067733872186,0.676517649430871
483,"Male","2nd Yr","Urban",-0.752803957694553,-0.515001197568465,-0.292252153239231,0.106875420997923
484,"Male","2nd Yr","Rural",0.324419972572599,0.500999851561188,0.632314468927716,-0.066027173033278
485,"Male","2nd Yr","Urban",-0.596406538185651,-1.01953809837285,-0.525259056165688,0.732179606993806
487,"Male","2nd Yr","Urban",-1.69849030209598,-2.10853603675128,-1.89715205901732,0.236945006273246
489,"Male","2nd Yr","Suburb/Semi-Urban",-1.26930344529033,-1.79417670028085,-1.6760901014508,0.73110539971864
490,"Male","2nd Yr","Rural",-1.33124460904455,-1.30286603151688,-0.906567509840204,0.389917266269247
491,"Male","2nd Yr","Rural",1.52240206174871,0.853258373864535,1.50697997024347,0.35850572492108
493,"Female","2nd Yr","Urban",-0.894101201205843,-1.05589538572974,-0.824557659154753,2.32331460494613
496,"Female","2nd Yr","Suburb/Semi-Urban",1.02079775866673,0.708089412301896,0.674906919055619,-0.546928850550556
498,"Female","2nd Yr","Rural",-0.410442640399015,-0.68929623470363,-0.565311807344193,-0.0779573290062964
500,"Female","2nd Yr","Urban",-0.00722903014322235,-0.338706048329525,0.0872264588658509,0.0212178715387141
502,"Male","2nd Yr","Rural",-1.01326912729789,-0.614433947632122,-0.632507267790465,0.211887302841226
503,"Male","2nd Yr","Urban",0.730761178197014,0.38448934517188,0.64660802871499,-0.910002491355514
504,"Male","2nd Yr","Urban",-1.77621234012678,-2.09443888259737,-1.7144543489835,1.10756160742373
505,"Male","2nd Yr","Urban",-1.57836683449203,-2.15793696108095,-1.68655262803471,0.713568911311282
506,"Male","2nd Yr","Rural",-1.95419275601979,-2.46051656396586,-1.91418483418837,0.124658661825675
507,"Male","2nd Yr","Rural",1.02040776882763,-0.0495695249031405,0.33042333644166,0.15545463140823
509,"Male","2nd Yr","Suburb/Semi-Urban",-1.68882582403064,-1.73772179447127,-1.65343100881965,0.00952800022021995
510,"Female","2nd Yr","Urban",0.249527975622883,0.364109416084126,0.431427714233318,-0.728822320530402
511,"Female","2nd Yr","Suburb/Semi-Urban",1.3126301606264,-0.00945845893147614,0.350628986680413,-0.690352300164824
512,"Female","2nd Yr","Urban",1.40825022698641,1.35936498346638,1.93559526926533,-1.23588134876206
513,"Female","2nd Yr","Urban",1.66689727396864,0.941341469646125,1.38640328161156,-1.59878956385282
514,"Female","2nd Yr","Suburb/Semi-Urban",0.0829399405987269,0.708711055550836,0.663428382485533,0.245547698365945
515,"Female","2nd Yr","Urban",-0.895876441763278,-0.974400269368608,-0.624910908080849,0.5254710064471
516,"Female","2nd Yr","Urban",0.0400466048667188,0.690575643297391,0.552657774745624,-1.00928138278914
517,"Female","2nd Yr","Urban",0.960936230033338,0.563366184384288,1.17713283433464,-0.554312945381863
518,"Male","2nd Yr","Rural",-1.36441267709399,-1.11261158405522,-0.875362545096496,-0.422593299452633
520,"Male","2nd Yr","Suburb/Semi-Urban",1.28141230270237,0.447459357402264,0.951888114899356,-0.139829726458718
521,"Male","2nd Yr","Suburb/Semi-Urban",-1.17064344833942,-1.33772390911998,-1.24606678969967,0.00151701965600657
523,"Male","2nd Yr","Urban",0.177228465419107,-1.31161604853954,-0.658135204665074,0.0513432977463355
531,"Male","1st Yr","Urban",-2.43793352717825,-1.69968206413897,-1.60020400334253,0.963365202015046
532,"Male","4th Yr","Suburb/Semi-Urban",-1.93107433312893,-2.17253954515373,-1.7904113198807,0.743007972268352
533,"Male","4th Yr","Rural",-1.99620406630706,-2.26092114318834,-2.03427691828041,0.559182602267268
534,"Male","4th Yr","Rural",-1.76222274305783,-2.17569030037649,-1.83093412689503,0.642688370989678
537,"Male","2nd Yr","Urban",-1.09552796433327,-1.37258971506381,-0.886251808158315,-0.22242527054212
538,"Male","2nd Yr","Urban",-2.5046750208358,-2.70476321272307,-2.36381024596695,1.13570645033794
539,"Male","2nd Yr","Urban",-0.675700173336899,-1.67910723633439,-0.962565591748426,-0.383782852261443
540,"Male","1st Yr","Urban",-3.23971572020414,-3.376446808731,-3.50938531422007,1.12297644881383
547,"Male","4th Yr","Suburb/Semi-Urban",-2.89164240898778,-2.9472504562617,-2.95694159383302,0.40994673397788
550,"Male","4th Yr","Urban",-1.98095479886723,-2.82837007488833,-2.47190025899733,-0.120216881224074
551,"Male","4th Yr","Rural",-1.07900108550998,-0.65429307573095,-0.413913634009029,-0.185724402972535
552,"Male","4th Yr","Urban",-0.284483872930267,-0.847998161112581,-0.725437136832559,0.901336323718529
553,"Male","4th Yr","Rural",-1.82191708908493,-2.11174823250446,-1.8546932462155,-0.30199666974696
555,"Female","4th Yr","Urban",-2.56964379454688,-2.45692512027587,-2.22651504836672,0.517778209599461
557,"Male","4th Yr","Rural",-1.16411349849891,-1.95999505876615,-1.58160471860386,-0.453351823027479
558,"Male","4th Yr","Urban",-1.53110747461339,-1.52764594080631,-1.18293599949935,0.0669974462033362
559,"Male","4th Yr","Urban",-1.74472813278203,-1.80277287335616,-1.14676893657,1.07809305969695
563,"Male","4th Yr","Rural",0.222058369876057,-0.341002065336665,0.190508956586592,0.0230075367041036
565,"Female","4th Yr","Suburb/Semi-Urban",1.14679829923072,1.0393380353973,1.12427651100618,-0.562907817141202
567,"Male","4th Yr","Urban",-0.845661782195273,-0.392643771636292,-0.125681101947758,0.4117624481138
570,"Male","4th Yr","Suburb/Semi-Urban",0.939832380701025,0.110758844160594,0.558044200814619,-0.869075897054335
571,"Female","1st Yr","Urban",-0.809939176806714,0.353303211383313,0.189178743991455,-0.208962827959322
572,"Male","4th Yr","Urban",-2.34898410705807,-2.13445056891858,-1.9697178528226,0.726736124432833
573,"Male","4th Yr","Urban",-1.84297148680551,-1.44657354900293,-1.27752670692066,2.13368904386768
574,"Male","4th Yr","Urban",-1.27084984624573,-1.32674095428967,-1.03942287415835,0.6575594922403
575,"Male","4th Yr","Urban",-1.08582589138555,-1.04689289471428,-0.746556291037578,0.329479126428565
576,"Male","4th Yr","Urban",-1.23915790240456,-0.945325885841491,-1.03637778615352,-0.136856733640072
577,"Female","2nd Yr","Urban",-0.175562578409585,0.0420723175918945,0.142262805657613,0.160282108616238
578,"Male","2nd Yr","Suburb/Semi-Urban",-0.636580335612158,-1.3869412589118,-0.930809281550953,-0.0445790761040024
579,"Male","2nd Yr","Suburb/Semi-Urban",-1.29431725657535,-1.80305793184163,-1.63408104800152,-0.101176144035779
580,"Male","2nd Yr","Suburb/Semi-Urban",0.0185500572562689,-0.810912103973345,-0.413825764006328,-1.04387547350238
581,"Male","4th Yr","Rural",0.166196136552342,0.113645673819649,0.480283852084014,-0.381905035599028
583,"Male","2nd Yr","Urban",0.848723019483234,0.66251571368787,0.952128671987368,-0.484892718265023
584,"Male","2nd Yr","Suburb/Semi-Urban",1.15963598153661,0.704198838089955,1.14845777917781,0.308498574194034
585,"Male","2nd Yr","Suburb/Semi-Urban",0.194072834243219,-0.223969453567761,0.0855100733129423,-0.447989559768493
586,"Male","2nd Yr","Urban",-0.583482141078837,-1.2244826132612,-0.722606354150117,0.0434338269994503
587,"Male","2nd Yr","Suburb/Semi-Urban",-0.72244239189887,-1.61169764516697,-1.13199533175673,1.59564352084805
588,"Male","4th Yr","Rural",-1.14138565216746,-1.99523958662879,-1.38407402440504,-0.125768315865963
589,"Female","4th Yr","Urban",-0.158246366226368,0.599198209727243,0.842645417171621,-0.482766559324331
590,"Male","2nd Yr","Rural",-1.09217048255238,-1.97069509476288,-1.46617956175351,0.198805097876923
591,"Male","2nd Yr","Rural",-0.452818120059385,-2.55653303565976,-1.99085611927285,0.538656292633543
592,"Male","2nd Yr","Rural",-0.20197535631183,-0.884395542203164,-0.466189258904905,0.910009519394195
593,"Female","2nd Yr","Urban",-0.524154998452444,-1.28074051417013,-1.08122888965632,0.297734411208563
594,"Female","3rd Yr","Urban",0.129667812014988,0.0453627707032909,0.151346236312432,-0.560716791918825
595,"Male","1st Yr","Rural",-1.29669115660671,-1.42932340746524,-1.19830779421653,0.149192906177964
596,"Male","2nd Yr","Rural",-1.377515407617,-1.64109880622151,-1.27948248406325,0.00776885659383544
598,"Female","2nd Yr","Suburb/Semi-Urban",-0.175891376839865,0.0479509957384167,0.17832528159163,-0.422982345064707
599,"Female","2nd Yr","Rural",-0.486680780817371,-0.430236653440155,-0.248309146182997,-0.227271490704233
600,"Female","4th Yr","Urban",-1.27699731854376,-1.27357281170193,-1.03839926371671,0.586793708546433
601,"Male","4th Yr","Urban",-1.87094690388638,-1.88288204155327,-1.48752286817071,0.853775944865846
602,"Female","4th Yr","Urban",-0.274161142400201,-0.675245163347706,-0.310583797204586,-0.236634759588396
603,"Female","2nd Yr","Rural",-0.395982023629284,-0.568078488616376,-0.123299019593543,1.02010633883839
604,"Male","2nd Yr","Suburb/Semi-Urban",0.131196855658741,-0.796191415708932,-0.308900232495049,-0.495643486935851
605,"Female","2nd Yr","Urban",0.150966947503584,-0.217733636591207,0.141935924143499,0.155675769724441
606,"Male","2nd Yr","Suburb/Semi-Urban",-2.52239909012162,-3.27190830119596,-2.90141586464089,0.480815103888097
607,"Male","2nd Yr","Rural",-0.757452346214278,-1.1685698552996,-0.925021635765434,-0.161453286570767
608,"Male","2nd Yr","Rural",0.728342753593609,-0.547326360930521,-0.102632714619115,-0.399024054896558
609,"Male","2nd Yr","Suburb/Semi-Urban",-0.526878793817931,-0.782481945527001,-0.506703566698045,0.610908606703552
611,"Male","2nd Yr","Rural",-0.856812902556754,-1.40291835078066,-0.978970644970863,0.0464688386716053
612,"Male","2nd Yr","Urban",-1.37837079445988,-2.57123411292262,-1.88677545697146,0.623045817123576
613,"Male","2nd Yr","Rural",-1.03458198103109,-1.54044806836387,-0.95471795747952,0.390739632368397
614,"Female","2nd Yr","Rural",0.817470453199329,0.55523321103768,1.18658760719643,-0.849228505306378
615,"Male","2nd Yr","Rural",0.0326700684459149,-0.70578451212411,0.00285644730292498,-0.417604618787076
616,"Male","2nd Yr","Rural",-0.824584264077504,-0.715423641980356,-0.459348658995614,0.448783497079624
617,"Female","2nd Yr","Rural",0.570392147054472,0.310590590754455,0.532194237321369,-0.261835831082914
618,"Female","2nd Yr","Rural",0.199957959977353,0.744670292482371,0.662726809861278,-0.166477334190053
619,"Male","2nd Yr","Rural",-0.192593287842307,-0.849874906604826,-0.0762727723337333,-0.370520500507324
621,"Male","2nd Yr","Rural",-1.66579734575044,-2.34222768552455,-1.62570881203532,0.744787475700983
622,"Female","2nd Yr","Suburb/Semi-Urban",1.62366417291709,0.994155982560618,1.61772758787763,-1.12848360238571
625,"Male","2nd Yr","Rural",0.303501489242597,-0.438404343675005,0.111378953773346,-0.901723761568205
626,"Male","2nd Yr","Suburb/Semi-Urban",-1.00764370648771,-1.32823956142419,-1.19344974181336,0.429849068115134
627,"Male","2nd Yr","Rural",-1.50297390874982,-2.66866101203499,-2.03082757025069,0.371439251395312
628,"Female","2nd Yr","Rural",-0.641027014821037,0.243109869614432,0.627450951829226,-0.689179338069128
630,"Male","2nd Yr","Suburb/Semi-Urban",-2.71104705187509,-3.39377164801158,-3.21927139994064,1.26987148526062
631,"Female","2nd Yr","Suburb/Semi-Urban",-0.662698029667953,-0.463156482181541,-0.684411492375458,-0.218193638407997
632,"Male","2nd Yr","Urban",-3.27278319387707,-3.89505444094266,-3.45134881910977,1.30857255932855
634,"Female","2nd Yr","Rural",-1.00392985320669,-0.549679610353023,-0.256364871767543,0.477064211839368
635,"Female","2nd Yr","Suburb/Semi-Urban",0.157980949051168,-0.117620029927779,-0.03875145520448,-0.372872713223669
636,"Female","2nd Yr","Urban",-0.967144392797523,-0.459157131281398,-0.35451061919307,0.330467521214633
638,"Female","4th Yr","Urban",-0.909468657791511,-0.699913576855162,-0.288331113311016,1.00312297007294
639,"Female","4th Yr","Urban",-0.479291025953965,0.216959139051901,0.623571773322777,0.721100707773715
644,"Female","4th Yr","Rural",1.23339659000443,1.23260495016187,1.97115405160085,-0.563593059925098
645,"Female","4th Yr","Rural",0.350292558547934,-0.0488183272751346,0.660474180637721,-0.695086905259454
647,"Female","4th Yr","Urban",0.057795041368197,0.259575492535074,0.519548792630996,-0.81314594218338
648,"Female","4th Yr","Suburb/Semi-Urban",1.23591796911802,1.4600090750289,1.78580836068666,-1.48172465514961
649,"Female","4th Yr","Urban",0.448979654115243,0.292498546557163,0.848734405437616,-0.333325451727823
651,"Female","4th Yr","Urban",2.14496935735577,1.5525832520751,2.07364769339951,-0.332747684271594
652,"Female","4th Yr","Suburb/Semi-Urban",1.00909058418843,1.74680268898694,2.06236778738463,-1.02646262173375
653,"Female","4th Yr","Rural",1.23611962197702,1.37354846577396,2.00411274347697,-0.626410600429022
656,"Female","4th Yr","Urban",0.703300192248583,1.19103654770665,1.50819969960166,-0.923077111138421
657,"Male","1st Yr","Rural",0.746977018982992,0.823970586744808,0.910760337690198,-0.602191194919389
664,"Female","1st Yr","Suburb/Semi-Urban",0.243562333822497,1.0999937960878,1.20835714858825,-0.430499172990411
665,"Male","1st Yr","Urban",-1.95024565542314,-2.05411701422598,-1.94686624604057,0.929051679949343
668,"Male","1st Yr","Rural",-2.38543048013994,-2.1257682718751,-1.81190412538116,0.805700998333537
670,"Male","1st Yr","Rural",-1.64710005659717,-1.27475300401003,-1.05471012984917,0.137982690803661
671,"Male","1st Yr","Rural",-1.78441319810682,-1.21184821127419,-1.09991400138472,1.34038694633406
672,"Male","1st Yr","Suburb/Semi-Urban",-0.694233668362825,-0.616375144588147,-0.545917073871514,1.22418054892598
673,"Male","1st Yr","Rural",-2.60660143896941,-1.98373943776081,-1.89147856491955,0.948713495193578
676,"Female","1st Yr","Urban",-1.86599378436173,-0.943199589465542,-0.975130797343437,1.30320146263924
678,"Female","1st Yr","Rural",-0.854675662891067,0.818841642545141,0.641451518279638,1.2508672222174
679,"Female","1st Yr","Urban",-0.737669307580644,1.1927950545583,0.959791727586804,0.661400817741072
680,"Female","1st Yr","Rural",-2.14319167331182,-1.0754785678663,-1.01857387034884,2.64088525930611
681,"Female","1st Yr","Urban",-0.600101506705006,1.18720207620256,0.709375793420083,-0.225763740688299
682,"Female","1st Yr","Urban",-0.902349703530126,1.01811411785351,0.548119098573193,-0.412293790093678
684,"Male","2nd Yr","Suburb/Semi-Urban",-0.227761024761973,-2.2920896646367,-1.72837648435497,0.509317761787632
685,"Female","2nd Yr","Urban",0.745747403360922,-0.764686997883111,-0.278091208319838,-0.140150996945352
686,"Female","2nd Yr","Rural",1.33413017104491,1.37907817371304,1.95756868117614,-0.357106848938687
687,"Female","2nd Yr","Suburb/Semi-Urban",1.5409376351156,0.891285066370489,1.39286678525941,-0.00243308370648444
688,"Male","2nd Yr","Rural",0.438357562788162,0.121461829110368,0.623545208817456,-0.741348624179381
690,"Male","2nd Yr","Urban",-0.938992752552869,-1.30205684466754,-0.95615127337512,-0.484613011527071
691,"Female","2nd Yr","Rural",-1.17942799887093,-1.3238099441048,-0.711482265372802,0.0405144784381037
692,"Female","2nd Yr","Urban",2.05648342303506,1.57438947490519,2.00879447866172,-0.567439541178671
693,"Female","3rd Yr","Suburb/Semi-Urban",0.808746821815552,0.567623906980851,0.961814756570452,-0.301409971947941
694,"Male","2nd Yr","Suburb/Semi-Urban",0.701622870265941,-0.262693602151471,0.410242194112032,0.0594927800369821
696,"Male","2nd Yr","Suburb/Semi-Urban",0.0439237685193388,-1.28001082226515,-0.765229547684439,-0.256236738119404
697,"Female","2nd Yr","Suburb/Semi-Urban",1.95307507209671,1.73891940703204,1.96401310324203,-0.303068831820192
698,"Male","2nd Yr","Suburb/Semi-Urban",-0.860790130682117,-2.52281957368522,-2.03371441550459,0.740538305549297
699,"Male","2nd Yr","Suburb/Semi-Urban",-1.32809944380877,-2.31221942962482,-1.94210559746041,-0.203401744114778
700,"Male","2nd Yr","Suburb/Semi-Urban",0.152564031600393,-0.485332460214614,-0.302959139299968,1.0314685835639
701,"Male","2nd Yr","Urban",-0.425738834473272,-1.8366373780396,-1.38686209689746,0.892309615439674
702,"Male","2nd Yr","Suburb/Semi-Urban",-1.60999558256438,-2.65687699400341,-2.09467642975283,1.76407285919815
703,"Female","2nd Yr","Rural",-0.427001740979068,-0.421607797370752,-0.0386505755863883,0.887637624054102
705,"Male","2nd Yr","Suburb/Semi-Urban",0.0838657910415749,-1.59449109728298,-1.10667744932181,-0.25302889078211
706,"Male","2nd Yr","Suburb/Semi-Urban",0.136918307218703,-1.19100535201919,-0.961158288957479,-0.677725347129246
708,"Female","2nd Yr","Urban",-0.415074519158895,-0.220269099300079,-0.0462713908648188,-0.19138920664926
709,"Female","2nd Yr","Suburb/Semi-Urban",1.99444008320274,1.34055915847136,1.58988298863301,-1.31337070258921
710,"Male","2nd Yr","Suburb/Semi-Urban",0.65552503779652,-0.208024283616526,0.374017894589037,-0.0392078949004049
712,"Male","2nd Yr","Urban",0.138555478687479,-0.940845477877466,-0.279713758988162,0.621804022145453
713,"Male","2nd Yr","Suburb/Semi-Urban",0.485337589134331,-0.955835616255281,-0.0483066770791851,-0.232354530816787
716,"Female","1st Yr","Urban",-1.24935905185774,-1.13878902017803,-0.800803109127183,0.592864166899269
717,"Female","1st Yr","Rural",-0.593904869391522,0.0201579326612047,0.117808957013479,-0.115423750391903
718,"Female","1st Yr","Suburb/Semi-Urban",-0.500568686922256,0.495673381544542,0.687854849607028,0.0801104342135507
720,"Female","1st Yr","Urban",-1.8191567688329,-1.58051156148876,-1.3308896235156,1.33041672534807
721,"Female","1st Yr","Rural",-1.63521182702707,-1.04151832552815,-0.817474875751469,0.561127108952052
722,"Female","1st Yr","Urban",-2.35148135453841,-1.93477112208136,-1.86873533456637,1.31700287853809
736,"Male","1st Yr","Rural",-0.845987046647558,-1.20023217304454,-0.910703221229138,-0.654369641232396
738,"Male","1st Yr","Suburb/Semi-Urban",-2.13329377480224,-2.69750505644194,-2.62233938323106,0.500026549818115
741,"Female","1st Yr","Suburb/Semi-Urban",1.59704941308,1.97841471731241,1.85947273204544,-1.19834206154699
742,"Male","4th Yr","Suburb/Semi-Urban",0.810320378687093,-0.00904642171080685,0.67490366748542,-0.0360294463704296
743,"Male","4th Yr","Suburb/Semi-Urban",1.73385395892761,0.863622522667922,1.32047041875534,-1.30975157897606
744,"Male","4th Yr","Urban",-0.158765674852014,-0.168451047684668,0.449706164033804,-0.792800967987948
745,"Female","4th Yr","Suburb/Semi-Urban",2.95235281033245,2.40639630676873,2.90332342807826,-1.51103583017208
746,"Female","4th Yr","Suburb/Semi-Urban",2.16935537000948,2.79996042544753,3.17484454030098,-1.00427928611936
747,"Female","4th Yr","Suburb/Semi-Urban",1.56852216839138,2.01585815880307,2.25206451353983,0.4580909307275
748,"Female","4th Yr","Suburb/Semi-Urban",2.78360206145653,3.16829313758172,3.41270425742113,-1.13742751251444
749,"Female","4th Yr","Urban",-0.791185348843286,-0.316817862286267,-0.119812693970634,1.29762510518942
751,"Female","4th Yr","Urban",0.869445793881474,1.1357596993771,1.39671236555308,-0.58789753673097
752,"Female","4th Yr","Rural",-0.527003257272851,0.50527353845757,0.748102844835966,-0.17916662175181
754,"Female","4th Yr","Rural",1.53728412882534,1.53169257880797,1.92248966279042,0.333473021739478
755,"Female","4th Yr","Urban",0.203935238398302,0.645788830000343,0.813094178339909,0.274782974249825
756,"Female","4th Yr","Urban",1.56385209293061,2.02795953557467,2.40995551966304,-0.42288090923618
757,"Male","4th Yr","Suburb/Semi-Urban",0.750175452715077,0.993394045217506,1.15319079470699,-0.445999432713826
758,"Male","4th Yr","Suburb/Semi-Urban",1.32107713979658,0.333705193163078,0.690634698184595,-1.03056131557602
760,"Male","4th Yr","Urban",1.37722496522651,1.27798501750187,1.66189998268352,-0.732391047563115
761,"Male","4th Yr","Urban",-0.336595842025314,-0.0849149204180785,0.358157550533843,0.470465919718745
762,"Female","4th Yr","Suburb/Semi-Urban",2.08823367745903,2.80984676667839,2.84879678471839,-0.61176881303916
763,"Male","4th Yr","Rural",1.54339290815001,0.65106008306777,1.15207941665432,-0.454675674007632
764,"Female","4th Yr","Suburb/Semi-Urban",0.776313210646651,0.509033616787718,0.791385246152057,0.213506067438214
765,"Male","4th Yr","Suburb/Semi-Urban",-0.228807070278678,-1.09006336799896,-0.67699210970407,0.310679113883338
766,"Male","4th Yr","Urban",0.631169350315344,-0.3133517192596,0.0702741229432109,0.0521803453095921
767,"Male","4th Yr","Urban",-1.73119433739424,-1.66693791118795,-1.42999861622634,1.15734064681312
768,"Male","4th Yr","Suburb/Semi-Urban",0.0678748384123091,0.119202769016897,0.784246452914192,0.79814896408046
769,"Female","4th Yr","Urban",1.09049380560045,0.848836668989078,1.0924564616219,-0.790473706900104
770,"Female","4th Yr","Urban",-0.223853023676871,1.20393105464269,1.14138902872117,0.165923685638893
771,"Female","4th Yr","Urban",3.57227525876926,3.49977346994824,3.70279393537846,-2.6550245588924
772,"Male","4th Yr","Suburb/Semi-Urban",1.25176437997638,1.2359012966345,1.57482799196317,-0.142575338236988
773,"Female","4th Yr","Urban",0.896196160070045,0.274180836935623,0.760290939033922,-1.13520104782505
774,"Female","4th Yr","Urban",1.20120949332734,1.22350584351164,1.37202955224209,-0.501578224819883
775,"Female","4th Yr","Suburb/Semi-Urban",-0.0470264542320143,0.557204627535847,0.646820528394521,-0.301098139447714
776,"Female","4th Yr","Urban",-0.455338671156461,-0.314386158405805,0.155685879694361,0.809705184982796
777,"Female","4th Yr","Urban",1.33095357361812,1.28554613524962,1.73719166395013,-0.395935213520024
778,"Female","4th Yr","Urban",1.07687181155643,1.82461758227334,2.04565735571405,-0.20856671761415
779,"Female","4th Yr","Suburb/Semi-Urban",1.50783080086899,2.35739027165856,2.46407080571526,-0.260386302579284
780,"Male","4th Yr","Rural",-1.22878208793342,-1.44975115555153,-1.06789260449051,0.776319849479636
781,"Male","4th Yr","Rural",-0.364785170111927,-0.897822485267972,-0.674413037004219,1.80091078170882
784,"Female","4th Yr","Suburb/Semi-Urban",-0.0969043396288618,0.14954408621711,0.738638876498499,-1.21386112105901
785,"Female","4th Yr","Suburb/Semi-Urban",0.482810901843179,0.968205122996836,1.08336932328998,1.23130417455555
786,"Female","4th Yr","Urban",0.33137278191319,0.978822790759356,1.22472598314579,-1.52508447886929
787,"Female","4th Yr","Rural",0.441090208621955,1.70569385283941,1.75280746951472,-1.11190548686678
788,"Male","4th Yr","Rural",1.05998415629232,1.13418468579763,1.40572478559638,-0.916211599894407
789,"Male","4th Yr","Rural",-0.0457633366448994,0.404884708583607,0.88778002439757,-1.57696924814308
790,"Male","1st Yr","Suburb/Semi-Urban",0.0378807347513875,0.0492294441460633,-0.0438540219246624,-0.607727035959234
791,"Male","1st Yr","Urban",0.720813805281163,0.707656187506039,0.5867083292324,-1.54596464713806
792,"Male","1st Yr","Rural",0.439656351525116,-0.287705480235639,-0.296823643382876,-0.911880490085337
794,"Female","1st Yr","Rural",1.65749224485791,1.38209393458057,1.52063639111619,-1.31897911661772
795,"Female","1st Yr","Rural",1.34263430681818,2.26049513892691,2.19518079884375,-1.71362328651283
798,"Female","1st Yr","Suburb/Semi-Urban",0.312006215405498,0.543504356154868,0.624827702852483,-0.20076498247663
799,"Female","1st Yr","Urban",1.12730256408961,1.09887715959887,1.03907315160088,-0.798299183258476
800,"Male","1st Yr","Suburb/Semi-Urban",-0.24505447456139,-0.453747952058478,-0.582688554412631,1.29057584143368
801,"Male","1st Yr","Suburb/Semi-Urban",1.6229261346223,1.78983979102833,1.74107867992981,-1.44198734761911
802,"Female","1st Yr","Suburb/Semi-Urban",1.03658332778607,1.65057084046299,1.47029072216506,-0.881022180471311
803,"Female","1st Yr","Urban",0.40372021593886,0.878816704700793,0.737020763444054,0.197956901891465
804,"Female","1st Yr","Rural",-0.177120188269754,0.308218167655771,0.37667590590803,1.04333102523903
805,"Female","1st Yr","Urban",0.994427714566324,1.20198862782175,1.5002220061521,-0.373236738706807
806,"Female","1st Yr","Suburb/Semi-Urban",0.322371152835787,0.189344647746784,0.662604683332236,0.603350279491174
808,"Male","1st Yr","Suburb/Semi-Urban",0.333566134113947,0.550049700938242,0.438002020199847,-0.401581741613171
809,"Female","1st Yr","Suburb/Semi-Urban",0.689629879954934,0.37894152773084,0.46803424989965,0.828571493420177
810,"Female","1st Yr","Urban",-0.0191884542920459,1.04269189307585,0.885219125260312,-0.310867729626677
811,"Female","1st Yr","Suburb/Semi-Urban",-2.05271153291895,-1.22136789550505,-1.29580755084558,2.31863602780549
812,"Female","1st Yr","Suburb/Semi-Urban",1.48537570682141,1.94695210340386,1.91153541575603,-1.44644933568311
813,"Female","1st Yr","Urban",-0.462099114219239,0.497421844638437,0.420425402665545,0.66481138760938
814,"Female","1st Yr","Urban",2.8429053887601,2.53236355592608,2.48111429861477,-2.42128725293753
815,"Male","1st Yr","Urban",0.0310079831801826,-0.73300216446259,-0.422566252546355,0.752785946593876
816,"Male","1st Yr","Rural",0.414141377302579,-0.152673215763066,0.146803534254065,0.876861660006765
817,"Male","1st Yr","Rural",-0.397016948544476,0.165221968799244,0.224305779595426,-0.0894218405733973
819,"Male","1st Yr","Urban",0.866604017937721,1.03254878037704,0.956234666712061,-1.11077113014079
820,"Male","1st Yr","Rural",-0.936305307841871,-1.0697964065518,-0.7794643210923,0.75176593956038
821,"Male","1st Yr","Urban",1.98852586708248,1.68879990092786,1.7955389269776,-2.16520624663748
823,"Male","1st Yr","Suburb/Semi-Urban",0.0781215307676254,-0.622528271551695,-0.533147298055284,0.083240634052862
824,"Female","1st Yr","Urban",2.33300637676438,1.73746869031764,2.04891098932634,-2.54348150668367
825,"Female","1st Yr","Rural",0.65752207334004,0.337021776842818,0.425398736249304,-1.15627986687349
826,"Female","1st Yr","Rural",0.844372885752544,0.806393481906622,0.99200615920889,-0.803511916097684
827,"Female","1st Yr","Suburb/Semi-Urban",1.68547190544566,1.36574151966891,1.36359897051132,-0.822418362572802
828,"Female","1st Yr","Suburb/Semi-Urban",1.50576267236748,1.41189967024255,1.22363852584284,0.937924651356445
829,"Female","1st Yr","Urban",-0.245193991476981,-0.337751198196933,0.13620072401187,-0.0724706561113498
831,"Male","1st Yr","Rural",0.599934145492168,0.802910011063285,0.796449321000397,-0.378826969081232
832,"Male","1st Yr","Rural",1.27390706617338,0.976307157407697,1.0026798634855,-2.28174578065301
833,"Male","1st Yr","Rural",-0.0491760109818238,0.575023945094026,0.53374471921074,0.196901981862109
835,"Male","3rd Yr","Rural",0.20732527645621,0.169338437243769,0.538813073286015,0.0620227202783962
837,"Male","3rd Yr","Rural",-1.33739696215674,-0.765161246803154,-0.53353244230176,1.3151963652004
838,"Male","3rd Yr","Urban",1.04538097298067,0.448906208012755,0.889867944516396,0.381120949519672
841,"Male","3rd Yr","Rural",0.206793555680214,0.604806625442089,0.852078691122127,0.779587152196383
842,"Male","3rd Yr","Urban",-0.166212738605827,0.196263403578336,0.220319167518511,0.566005236184007
843,"Female","3rd Yr","Urban",-0.277844532809437,1.0777014760866,1.30037709080714,0.197201312038076
844,"Female","3rd Yr","Suburb/Semi-Urban",0.103581223580596,0.378499423241935,0.672052210341483,1.22244227661383
845,"Female","3rd Yr","Rural",1.48654823065658,2.38366533813124,2.61833081381238,-0.349466577942522
846,"Female","3rd Yr","Urban",-0.149720887503737,0.751606952417242,0.791508326302757,0.807412670835734
847,"Female","3rd Yr","Rural",3.02307802513895,3.75374618013208,3.85736996900912,-2.2915231313413
848,"Female","3rd Yr","Urban",-0.010069938455228,0.402591209813783,0.221425224201552,0.646313201835811
849,"Male","3rd Yr","Rural",0.168958465653614,0.233545963961447,0.385612887392928,-0.473598952638788
850,"Female","3rd Yr","Urban",0.601724793566674,0.937601206320603,1.18667989540517,-0.169138203538382
851,"Female","3rd Yr","Rural",2.67999092508285,2.38495475655807,2.58608862022286,-1.88244309104548
852,"Female","3rd Yr","Rural",-0.550855935674299,-0.143927863953578,0.453597009320079,0.783658073701005
853,"Male","3rd Yr","Urban",-2.46922120411506,-2.49648339764356,-2.42684001601828,0.543100384867854
856,"Female","3rd Yr","Rural",-0.848217163365803,-0.160234102042786,0.294881412798319,0.862974391598404
857,"Female","3rd Yr","Urban",0.465046341814352,-0.339440866803447,-0.315287928197928,1.55109064997602
859,"Female","3rd Yr","Urban",0.564196506689797,0.817393363095454,0.783707642569814,-0.719880148112922
860,"Female","3rd Yr","Urban",0.726698828832767,0.458102769754425,0.645192462751172,0.216976977294978
862,"Male","3rd Yr","Urban",-0.658934046605875,-1.06813149368816,-0.58841991172267,0.221347578297122
863,"Male","3rd Yr","Rural",0.0747443215484322,0.399290135828819,0.710318536899674,-0.436005726099065
865,"Male","3rd Yr","Urban",-0.339952060563115,-1.2726722458568,-0.932536158249564,1.02040646879827
867,"Male","3rd Yr","Rural",0.339337235423608,0.551380479917043,0.67146311511773,-0.0930855502977366
870,"Male","2nd Yr","Suburb/Semi-Urban",1.59923089942419,0.948744633001813,1.39410843311987,-1.82993171642729
871,"Female","2nd Yr","Urban",-0.405549303003305,-0.89586011029163,-0.278930331631792,-0.698589022225038
872,"Male","2nd Yr","Suburb/Semi-Urban",0.528482208964544,0.30684954567383,0.525047033645563,-0.0526008503772422
875,"Male","2nd Yr","Rural",0.303085373307325,-0.682629693592633,-0.173371646976864,1.6867149705973
876,"Male","2nd Yr","Rural",-0.456275607692906,-0.941293147774842,-0.365430748854608,0.873821227338957
878,"Female","2nd Yr","Suburb/Semi-Urban",2.13002338052169,1.41060478624432,2.06459026339313,-1.1733709983056
880,"Female","2nd Yr","Rural",-1.2508259220147,-1.34303491484683,-1.06717602925793,0.905897154639945
881,"Female","2nd Yr","Rural",0.261796738321349,-0.420379441715274,-0.0245159203101302,-0.931209359227272
882,"Female","2nd Yr","Urban",0.783345000622163,0.700076129571868,0.918196112346207,-0.947666025898851
883,"Female","2nd Yr","Urban",-1.0839085979565,-2.06896326360596,-1.61254676969742,1.02969982030949
884,"Male","2nd Yr","Rural",-1.17899592303267,-1.59917067671403,-1.25162685327257,1.08776617168865
885,"Female","2nd Yr","Urban",-0.127041699212361,-1.18642712911631,-0.733878808171701,-0.294489663732584
886,"Male","2nd Yr","Urban",0.543976627360833,-1.30310415096426,-0.653673376348944,-0.427295080290326
887,"Male","2nd Yr","Urban",0.353381196325203,-0.0116154974546461,0.874150693220061,1.43558025679263
888,"Male","2nd Yr","Urban",-0.902783747415353,-1.68234529724318,-0.974215197330573,0.607445815682125
889,"Female","2nd Yr","Urban",1.89358911563421,1.00877398977743,1.74323964115555,-1.55231515869743
890,"Male","2nd Yr","Urban",0.255442875538778,-0.892141761917978,-0.471326714453091,-0.297527699987341
891,"Female","2nd Yr","Urban",-1.21101298409122,-1.49290364620085,-0.98620801629409,0.521478608003665
892,"Female","2nd Yr","Urban",0.355123485932444,0.123350613838019,0.599893037896679,-1.49746927813605
893,"Male","2nd Yr","Urban",-1.57267458584569,-2.04080546730301,-1.3726375449221,1.85767830348705
894,"Male","2nd Yr","Urban",-0.854856162833049,-2.03977514498693,-1.28456626046907,1.81747212039008
895,"Male","2nd Yr","Urban",-0.2234315786272,-1.41609254477879,-0.69115163610469,0.126881428756187
896,"Male","2nd Yr","Urban",0.0590002246839364,-1.06349407749044,-0.389994755232022,0.805229312751554
897,"Female","2nd Yr","Suburb/Semi-Urban",-0.202108884790304,-0.13775734679353,0.155728215078257,-0.693759976093472
898,"Female","2nd Yr","Urban",-0.715811468377968,-1.2042177447584,-0.51541503483939,0.764229757477537
899,"Male","2nd Yr","Urban",0.127181040428297,-1.07068678857105,-0.584373048342508,0.503866170348981
900,"Male","2nd Yr","Urban",0.177213059311156,-1.15689813014587,-0.446315691584539,-0.313885637193264
901,"Male","2nd Yr","Suburb/Semi-Urban",0.876819553301358,0.24648525468855,0.729581689138975,-0.653889621870566
902,"Female","2nd Yr","Rural",0.751673956055889,1.62951542881844,1.8665815180253,-0.500950083771901
904,"Female","2nd Yr","Suburb/Semi-Urban",0.24793270384717,0.439877720212065,0.737579727297139,0.57407265774146
905,"Female","2nd Yr","Rural",1.93158300464562,2.39950292866275,2.92432520299224,-0.780912363354582
906,"Female","2nd Yr","Rural",2.26822782067733,2.28274397224837,2.5714010228621,-1.56567455840143
907,"Female","2nd Yr","Urban",1.08248732385983,0.736754254145844,1.03872711839631,-1.51099674790254
908,"Male","2nd Yr","Urban",-1.03900304383959,-1.3065975071696,-0.797448767572588,-0.0771182531278564
909,"Female","2nd Yr","Rural",0.238365056262221,-0.128261598264908,0.480776466874291,-0.188357941330569
910,"Female","2nd Yr","Urban",0.856826565515541,0.785802786323956,1.12795838786671,-1.19646657985532
911,"Female","2nd Yr","Rural",1.81202767963625,1.3067519727662,1.93742618800824,-2.08527541303395
913,"Female","2nd Yr","Rural",1.24745449906485,0.98091207182442,1.51129966594408,-1.94928799285675
914,"Female","2nd Yr","Urban",-0.0311345008391992,-0.463517492164097,-0.00643462795586958,0.314605351394933
915,"Female","2nd Yr","Urban",2.4155579900394,1.74088108398522,2.09299395803688,-2.42341232704824
916,"Female","2nd Yr","Rural",0.988441425155593,1.41085033463923,1.88295696603562,-1.14370819726625
919,"Male","2nd Yr","Suburb/Semi-Urban",2.0183389458811,1.13774181579936,1.7361818602344,-0.17819324579007
920,"Female","2nd Yr","Urban",0.43061288071033,0.411635430177318,0.668323865687198,0.964107856393739
921,"Female","2nd Yr","Urban",0.401002444977704,-0.275619055350472,0.668291777370025,-0.644407869806959
922,"Female","2nd Yr","Suburb/Semi-Urban",2.20671651901432,2.1379316407831,2.77406124627169,0.243911347110911
