"lhs","op","rhs","label","est","se","z","pvalue","ci.lower","ci.upper","std.lv","std.all","std.nox"
"Dep","=~","dQ3D","",0.508784015141384,0.0506653268007296,10.0420553318933,0,0.409481799347002,0.608086230935766,0.615137287534751,0.523944619416725,0.523944619416725
"Dep","=~","dQ5D","",0.476455162081418,0.0494295517176969,9.63907511851531,0,0.379575020942772,0.573335303220064,0.576050597724163,0.499155125879109,0.499155125879109
"Dep","=~","dQ10D","",0.81781331433455,0.0670562730158299,12.1959255645104,0,0.686385434286039,0.949241194383062,0.988764286845302,0.703100693446353,0.703100693446353
"Dep","=~","dQ13D","",0.899384096556595,0.0753180017418128,11.9411571703621,0,0.751763525755117,1.04700466735807,1.08738615432715,0.736064312502998,0.736064312502998
"Dep","=~","dQ16D","",0.59083494874772,0.0529911073572812,11.1496999820016,0,0.486974286826554,0.694695610668887,0.71433967447348,0.581267267624076,0.581267267624076
"Dep","=~","dQ17D","",0.760875987187571,0.0634549221906491,11.9908111289071,0,0.636506625052108,0.885245349323035,0.919925109633851,0.677026679635903,0.677026679635903
"Dep","=~","dQ21D","",0.799615312374296,0.0692213082759189,11.5515775747404,0,0.66394404119075,0.935286583557841,0.966762279645307,0.69505763143925,0.69505763143925
"Anx","=~","dQ2A","",0.286791115073162,0.044874973814132,6.39089208744777,1.64920743728203e-10,0.198837782590285,0.374744447556039,0.331264614326748,0.314459820177483,0.314459820177483
"Anx","=~","dQ4A","",0.504637631526951,0.0526916515311121,9.57718380166893,0,0.401363892240036,0.607911370813866,0.582893198556354,0.503587287041668,0.503587287041668
"Anx","=~","dQ7A","",0.562466669339648,0.0520320234280861,10.8100095341677,0,0.460485777377854,0.664447561301441,0.649689946785541,0.544805561570204,0.544805561570204
"Anx","=~","dQ9A","",0.808094902188698,0.0634282295877467,12.7403036067841,0,0.683777856593577,0.932411947783819,0.933408435769218,0.682347591720859,0.682347591720859
"Anx","=~","dQ15A","",1.03668837886778,0.0792975041532784,13.0734048938528,0,0.881268126663444,1.19210863107213,1.1974505413637,0.767551116685591,0.767551116685591
"Anx","=~","dQ19A","",0.593371458397288,0.0529535566984743,11.205507153675,0,0.489584394414979,0.697158522379598,0.685387227802833,0.565344846456547,0.565344846456547
"Anx","=~","dQ20A","",0.702084805362586,0.0599967328183166,11.7020506348013,0,0.584493369848613,0.819676240876559,0.810959057130398,0.629871427270448,0.629871427270448
"Str","=~","dQ1S","",0.274203198655172,0.0417310835644356,6.57071840063255,5.00730568120389e-11,0.192411777833047,0.355994619477297,0.321409557220798,0.305992773314952,0.305992773314952
"Str","=~","dQ6S","",0.573178487238218,0.0543008014947238,10.555617439531,0,0.466750871976901,0.679606102499535,0.671855925442347,0.557678666169943,0.557678666169943
"Str","=~","dQ8S","",0.72376447155474,0.0633784967115442,11.4197166090705,0,0.599544900605823,0.847984042503657,0.848366537937781,0.646924992017836,0.646924992017836
"Str","=~","dQ11S","",0.826687862578394,0.0661598785996151,12.4953050107804,0,0.697016883301606,0.956358841855181,0.969009045752492,0.695891178273706,0.695891178273706
"Str","=~","dQ12S","",0.596644195499311,0.0541672810015501,11.0148448374626,0,0.490478275595812,0.70281011540281,0.69936145031974,0.573111098911574,0.573111098911574
"Str","=~","dQ14S","",0.369229707738661,0.045614314677915,8.09460166936215,6.66133814775094e-16,0.279827293790471,0.458632121686852,0.432795669266746,0.397191971171932,0.397191971171932
"Str","=~","dQ18S","",0.601001772945865,0.0545633076873991,11.0147606224514,0,0.494059655001185,0.707943890890545,0.70446922092388,0.575911883371569,0.575911883371569
"BRS","=~","rQ1","",0.431518843018046,0.0589806027377958,7.31628404912046,2.54907206453936e-13,0.315918985865502,0.54711870017059,0.431954672295681,0.396541621797197,0.396541621797197
"BRS","=~","rQ3","",0.695084660561707,0.0697625530838857,9.96357830720308,0,0.558352569047727,0.831816752075686,0.695786688411496,0.571138894041352,0.571138894041352
"BRS","=~","rQ5","",0.344167707286448,0.0573394562357354,6.00228411430163,1.94560856314752e-09,0.231784438171296,0.4565509764016,0.344515312879295,0.325726802922111,0.325726802922111
"BRS","=~","rQ2_r","",0.686312827121145,0.0791465572275494,8.6714173194921,0,0.53118842545481,0.84143722878748,0.687005995515794,0.566252301296135,0.566252301296135
"BRS","=~","rQ4_r","",0.798873151045676,0.0803393482708386,9.94373452411549,0,0.641410921893412,0.95633538019794,0.799680004127472,0.624542649194704,0.624542649194704
"BRS","=~","rQ6_r","",0.973146130597736,0.0972094814112069,10.0108149582778,0,0.782619048075955,1.16367321311952,0.974128997469007,0.697780215401468,0.697780215401468
"BRS","~","RES_Suburb_Semi_Urban","a1",-0.0976891729408484,0.117697357583753,-0.830003110913796,0.406537024782079,-0.328371754880536,0.13299340899884,-0.0975906075023748,-0.0412933779740884,-0.0975906075023748
"BRS","~","RES_Rural","a2",-0.082063798838388,0.113270098446919,-0.724496579093601,0.468760926599084,-0.304069112319655,0.139941514642879,-0.0819809989326071,-0.0368132064320383,-0.0819809989326071
"Dep","~","BRS","b1",-0.663124151841326,0.0675911321221963,-9.81081587215436,0,-0.795600336475119,-0.530647967207533,-0.549028212849735,-0.549028212849735,-0.549028212849735
"Dep","~","RES_Suburb_Semi_Urban","c1",0.254165250966047,0.125829915215955,2.01991116762527,0.0433926026914047,0.00754314896504771,0.500787352967047,0.210221717194501,0.0889508227137866,0.210221717194501
"Dep","~","RES_Rural","c2",-0.123232596340884,0.120135564177551,-1.02577947824638,0.304995541352837,-0.358693975391285,0.112228782709517,-0.101926474679963,-0.0457696344535636,-0.101926474679963
"Anx","~","BRS","b2",-0.574611743769682,0.0587369372249145,-9.78280058371768,0,-0.689734025292704,-0.459489462246659,-0.497970429856552,-0.497970429856552,-0.497970429856552
"Anx","~","RES_Suburb_Semi_Urban","d1",0.0872028596863262,0.128451979861238,0.678875170164978,0.497216959507977,-0.164558394584565,0.338964113957217,0.0754955533594723,0.031944328455582,0.0754955533594723
"Anx","~","RES_Rural","d2",-0.0625714527313428,0.12136844708262,-0.515549586695692,0.606169028236171,-0.300449237872834,0.175306332410148,-0.0541710038575662,-0.0243252506508084,-0.0541710038575662
"Str","~","BRS","b3",-0.606584116774756,0.0664905303436013,-9.12286476946608,0,-0.736903161561182,-0.47626507198833,-0.518016001946289,-0.518016001946289,-0.518016001946289
"Str","~","RES_Suburb_Semi_Urban","e1",0.135337840360887,0.134008903645421,1.00991677925358,0.312535162960476,-0.127314784391837,0.39799046511361,0.115460377242438,0.0488545887818845,0.115460377242438
"Str","~","RES_Rural","e2",0.00100866984509326,0.123714366873398,0.00815321510819731,0.993494747617029,-0.241467033596943,0.243484373287129,0.000860523564710263,0.000386414315997222,0.000860523564710263
"Dep","~~","Anx","",0.67563139464772,0.0376792778556066,17.9311131502269,0,0.601781367087253,0.749481422208186,0.67563139464772,0.67563139464772,0.67563139464772
"Dep","~~","Str","",0.757497382843452,0.0381477297690819,19.8569452868829,0,0.682729206404085,0.832265559282819,0.757497382843452,0.757497382843452,0.757497382843452
"Anx","~~","Str","",0.919744971426548,0.0310630032484192,29.6090163617181,0,0.858862603807996,0.980627339045101,0.919744971426548,0.919744971426548,0.919744971426548
"dQ3D","|","t1","",-0.134896938231994,0.0814994162185906,-1.65518901227691,0.0978861633527779,-0.294632858781471,0.024838982317483,-0.134896938231994,-0.114898781775525,-0.114898781775525
"dQ3D","|","t2","",0.557440742184543,0.0846340076340737,6.58648642274759,4.50357529047096e-11,0.39156113535447,0.723320349014615,0.557440742184543,0.474801452342063,0.474801452342063
"dQ3D","|","t3","",1.30202093382794,0.096676183721807,13.4678561327431,0,1.11253909557042,1.49150277208546,1.30202093382794,1.10899936724865,1.10899936724865
"dQ5D","|","t1","",-0.894149649853193,0.0836975621334944,-10.68310267421,0,-1.05819385722865,-0.730105442477741,-0.894149649853193,-0.774791976243983,-0.774791976243983
"dQ5D","|","t2","",0.0861973988042814,0.0781865995210363,1.10245744580681,0.27026284900703,-0.0670455203306063,0.239440317939169,0.0861973988042814,0.0746911358491558,0.0746911358491558
"dQ5D","|","t3","",0.842612834627608,0.083267501064399,10.1193481713344,0,0.679411531458735,1.00581413779648,0.842612834627608,0.730134674276121,0.730134674276121
"dQ10D","|","t1","",-0.275490376241405,0.0960229973519928,-2.86900413274474,0.00411766418410409,-0.463691992738895,-0.0872887597439138,-0.275490376241405,-0.195898534312085,-0.195898534312085
"dQ10D","|","t2","",0.61536483760984,0.101550897779535,6.05966910253993,1.36401867578684e-09,0.416328735364243,0.814400939855438,0.61536483760984,0.437579967037861,0.437579967037861
"dQ10D","|","t3","",1.37931278652413,0.112445434798705,12.2665076531859,0,1.15892378409272,1.59970178895554,1.37931278652413,0.980815943280797,0.980815943280797
"dQ13D","|","t1","",-1.14615943992522,0.107028888087897,-10.7088792605595,0,-1.35593220588286,-0.936386673967573,-1.14615943992522,-0.775848631886808,-0.775848631886808
"dQ13D","|","t2","",0.0564031078889725,0.0996933298435614,0.565766114718809,0.57155278423277,-0.13899222810328,0.251798443881225,0.0564031078889725,0.0381799185745733,0.0381799185745733
"dQ13D","|","t3","",0.979455208581883,0.106118238267191,9.2298479938552,0,0.771467283475348,1.18744313368842,0.979455208581883,0.66300460224124,0.66300460224124
"dQ16D","|","t1","",-0.371843589884568,0.0843407248307012,-4.40882611135933,1.03932430131071e-05,-0.537148372982745,-0.20653880678639,-0.371843589884568,-0.302573852747352,-0.302573852747352
"dQ16D","|","t2","",0.578134125998115,0.0874127655438224,6.61384092359235,3.74473785313967e-11,0.40680825374318,0.749459998253051,0.578134125998115,0.47043508256328,0.47043508256328
"dQ16D","|","t3","",1.28627980967411,0.0959384223977821,13.4073479376272,0,1.09824395704087,1.47431566230736,1.28627980967411,1.04666222119103,1.04666222119103
"dQ17D","|","t1","",-0.164197303232945,0.0915676121485617,-1.79318100996832,0.0729439855409624,-0.343666525194458,0.0152719187285682,-0.164197303232945,-0.120842396678591,-0.120842396678591
"dQ17D","|","t2","",0.503307289350953,0.0950751546267302,5.29378354762569,1.19811236265477e-07,0.316963410457985,0.689651168243921,0.503307289350953,0.370413264490029,0.370413264490029
"dQ17D","|","t3","",1.2101023354421,0.100519915747793,12.0384336421279,0,1.01308692084742,1.40711775003677,1.2101023354421,0.890585067854166,0.890585067854166
"dQ21D","|","t1","",0.158005274644849,0.0990279464167288,1.59556246859783,0.110586512559793,-0.0360859337949017,0.3520964830846,0.158005274644849,0.113598528057848,0.113598528057848
"dQ21D","|","t2","",0.714745325917931,0.103862825302772,6.88162799186682,5.91726667664716e-12,0.511177928991922,0.918312722843941,0.714745325917931,0.513869028378991,0.513869028378991
"dQ21D","|","t3","",1.32922888765698,0.115149921543557,11.5434632506821,0,1.10353918860899,1.55491858670496,1.32922888765698,0.955654457923669,0.955654457923669
"dQ2A","|","t1","",-0.430495906206618,0.0743421915714284,-5.79073467040577,7.00792091024027e-09,-0.576203924218395,-0.284787888194841,-0.430495906206618,-0.408657186424832,-0.408657186424832
"dQ2A","|","t2","",0.168648292407637,0.0730368858802839,2.30908383312059,0.0209389296971616,0.025498626539319,0.311797958275956,0.168648292407637,0.160092896766315,0.160092896766315
"dQ2A","|","t3","",0.643369997631777,0.0753471402661685,8.53874474013256,0,0.495692316371999,0.791047678891555,0.643369997631777,0.61073234210075,0.61073234210075
"dQ4A","|","t1","",0.0610201404402242,0.0804786181671071,0.758215558740348,0.448321948415885,-0.0967150526928565,0.218755333573305,0.0610201404402242,0.0527180057260922,0.0527180057260922
"dQ4A","|","t2","",0.786240959303746,0.0851486103908845,9.23374974288383,0,0.619352749603979,0.953129169003512,0.786240959303746,0.67926843654624,0.67926843654624
"dQ4A","|","t3","",1.25382337922313,0.0904351556607458,13.8643359439404,0,1.07657373119179,1.43107302725446,1.25382337922313,1.08323362759455,1.08323362759455
"dQ7A","|","t1","",-0.187359247437534,0.0827108918171924,-2.26523065247121,0.0234985290567242,-0.34946961652842,-0.0252488783466488,-0.187359247437534,-0.157112420348519,-0.157112420348519
"dQ7A","|","t2","",0.555541252038622,0.0852506478999705,6.51656340125966,7.19364567913772e-11,0.388453052495975,0.722629451581269,0.555541252038622,0.465856006068419,0.465856006068419
"dQ7A","|","t3","",1.16317839095391,0.0908339438801195,12.8055475879045,0,0.985147132375147,1.34120964953268,1.16317839095391,0.975397664109394,0.975397664109394
"dQ9A","|","t1","",-1.23563392537588,0.100203406104088,-12.3312567248696,0,-1.43202899246813,-1.03923885828362,-1.23563392537588,-0.903282851235428,-0.903282851235428
"dQ9A","|","t2","",-0.118028668843279,0.0920006827985711,-1.2829107921046,0.199523331438366,-0.298346693681572,0.0622893559950144,-0.118028668843279,-0.0862822477845511,-0.0862822477845511
"dQ9A","|","t3","",0.792522137089906,0.0939976133842105,8.43130063154382,0,0.608290200224133,0.976754073955679,0.792522137089906,0.579355779212682,0.579355779212682
"dQ15A","|","t1","",-0.568687085965351,0.106425811172562,-5.34350717837861,9.11652173751776e-08,-0.777277842889033,-0.360096329041669,-0.568687085965351,-0.364521450197251,-0.364521450197251
"dQ15A","|","t2","",0.512602546147087,0.108377935572046,4.72976850353756,2.2477599554982e-06,0.300185695707074,0.725019396587099,0.512602546147087,0.328571947750759,0.328571947750759
"dQ15A","|","t3","",1.51037404415794,0.119684820765601,12.6195956554588,0,1.27579610596123,1.74495198235465,1.51037404415794,0.968131245643026,0.968131245643026
"dQ19A","|","t1","",-0.436200699027231,0.0831304784922713,-5.24718138207017,1.54443828392914e-07,-0.599133442889664,-0.273267955164797,-0.436200699027231,-0.35980217782338,-0.35980217782338
"dQ19A","|","t2","",0.331590021780231,0.0834497976931419,3.97352697006577,7.08161353979442e-05,0.168031423784519,0.495148619775943,0.331590021780231,0.273513573561653,0.273513573561653
"dQ19A","|","t3","",1.02862716738251,0.0899627009341757,11.4339293585143,0,0.852303513599578,1.20495082116544,1.02862716738251,0.848467908964578,0.848467908964578
"dQ20A","|","t1","",-0.128266462359805,0.0889892207722528,-1.44137077779423,0.149479961343184,-0.302682130085704,0.0461492053660944,-0.128266462359805,-0.099624486596628,-0.099624486596628
"dQ20A","|","t2","",0.789492929189643,0.0949098051786483,8.31834948668986,0,0.60347312925978,0.975512729119507,0.789492929189643,0.613198698203389,0.613198698203389
"dQ20A","|","t3","",1.52811319598234,0.105229933600711,14.5216588445325,0,1.3218663160294,1.73436007593527,1.52811319598234,1.18688462915759,1.18688462915759
"dQ1S","|","t1","",-0.454301565994418,0.0722972340323209,-6.28380286016641,3.30389715585966e-10,-0.596001540879631,-0.312601591109206,-0.454301565994418,-0.432510462047213,-0.432510462047213
"dQ1S","|","t2","",0.38180385484933,0.0722138270332277,5.28712949493247,1.24250683963822e-07,0.240267354678399,0.523340355020261,0.38180385484933,0.363490188088675,0.363490188088675
"dQ1S","|","t3","",0.971525136078006,0.0769981854427129,12.6175068995727,0,0.820611465735352,1.12243880642066,0.971525136078006,0.924924800943219,0.924924800943219
"dQ6S","|","t1","",-0.633254917866672,0.0850395134104193,-7.44659620534804,9.57012247226885e-14,-0.799929301413905,-0.466580534319439,-0.633254917866672,-0.525637632367279,-0.525637632367279
"dQ6S","|","t2","",0.314057738692513,0.0838399502509162,3.74591990754528,0.000179733932414772,0.149734455735087,0.478381021649938,0.314057738692513,0.260685802092279,0.260685802092279
"dQ6S","|","t3","",0.993178720634888,0.0902593317872965,11.0036126012476,0,0.816273681063136,1.17008376020664,0.993178720634888,0.824394878749288,0.824394878749288
"dQ8S","|","t1","",-1.03924109592728,0.0954934800161612,-10.8828487112565,0,-1.22640487751735,-0.852077314337209,-1.03924109592728,-0.792477081099432,-0.792477081099432
"dQ8S","|","t2","",0.0354101788278611,0.0892145038923963,0.396910561432592,0.691433415685897,-0.139447035699844,0.210267393355566,0.0354101788278611,0.0270021607774024,0.0270021607774024
"dQ8S","|","t3","",0.815481196526331,0.093764375915598,8.69713245103222,0,0.631706396698884,0.999255996353778,0.815481196526331,0.621848155204093,0.621848155204093
"dQ11S","|","t1","",-0.832528044585439,0.0975759267854028,-8.53210491575863,0,-1.02377334684295,-0.641282742327933,-0.832528044585439,-0.597877723053212,-0.597877723053212
"dQ11S","|","t2","",0.188047910174769,0.095863268029089,1.96162632508738,0.0498060050724882,0.000159357397444104,0.375936462952093,0.188047910174769,0.135046088947298,0.135046088947298
"dQ11S","|","t3","",1.05286842992174,0.102938884805725,10.2280924444519,0,0.851111923093798,1.25462493674967,1.05286842992174,0.756114564128194,0.756114564128194
"dQ12S","|","t1","",-0.283663981959826,0.0839135852761608,-3.38042977220296,0.000723725673349662,-0.448131586914732,-0.11919637700492,-0.283663981959826,-0.232456301885532,-0.232456301885532
"dQ12S","|","t2","",0.556168694882501,0.0868498031329553,6.40379914311471,1.5155743327e-10,0.385946208677514,0.726391181087487,0.556168694882501,0.455767831868055,0.455767831868055
"dQ12S","|","t3","",1.48613231585667,0.103794193657118,14.3180679332226,0,1.28269943448434,1.68956519722899,1.48613231585667,1.21785226263075,1.21785226263075
"dQ14S","|","t1","",-0.857887675260255,0.0802160488157088,-10.6947136879204,0,-1.01510824192115,-0.700667108599359,-0.857887675260255,-0.787314016699908,-0.787314016699908
"dQ14S","|","t2","",0.064069991047656,0.0742316935564488,0.863108302910192,0.388077923311277,-0.0814214548343977,0.20956143692971,0.064069991047656,0.0587993084133706,0.0587993084133706
"dQ14S","|","t3","",0.746346586861083,0.0775117859771662,9.62881421776227,0,0.594426277968461,0.898266895753706,0.746346586861083,0.684948794693438,0.684948794693438
"dQ18S","|","t1","",-0.644753212309885,0.08648029633254,-7.45549263419075,8.94839757847876e-14,-0.814251478494015,-0.475254946125756,-0.644753212309885,-0.527093343161655,-0.527093343161655
"dQ18S","|","t2","",0.140305619891132,0.0841586209084865,1.66715683285375,0.0954832237134808,-0.0246422460780615,0.305253485860325,0.140305619891132,0.1147014963878,0.1147014963878
"dQ18S","|","t3","",0.737475283994293,0.087599858405243,8.418681233281,0,0.565782716469208,0.909167851519377,0.737475283994293,0.60289472858464,0.60289472858464
"rQ1","|","t1","",-1.68154022776421,0.102871613716596,-16.3460080678498,0,-1.88316488568026,-1.47991556984817,-1.68154022776421,-1.5436820847221,-1.5436820847221
"rQ1","|","t2","",-0.852722103035091,0.0792134953513509,-10.7648589328479,0,-1.00797770101327,-0.697466505056913,-0.852722103035091,-0.782813168527064,-0.782813168527064
"rQ1","|","t3","",-0.0387524137177646,0.0728996012062262,-0.531586086570456,0.59501270330056,-0.181633006569301,0.104128179133771,-0.0387524137177646,-0.0355753646615943,-0.0355753646615943
"rQ1","|","t4","",1.07175024223555,0.0816088864519487,13.1327639529379,0,0.911799763971314,1.23170072049979,1.07175024223555,0.983884667710478,0.983884667710478
"rQ3","|","t1","",-1.59494285856191,0.11044820832378,-14.4406403939693,0,-1.81141736903349,-1.37846834809032,-1.59494285856191,-1.3092143259853,-1.3092143259853
"rQ3","|","t2","",-0.532799325393434,0.0865868407123249,-6.15335218389132,7.58620721796888e-10,-0.702506414724697,-0.363092236062171,-0.532799325393434,-0.437350157051605,-0.437350157051605
"rQ3","|","t3","",0.0435891139266588,0.0826123353245785,0.527634447754079,0.597753079047064,-0.118328087988261,0.205506315841579,0.0435891139266588,0.0357802739473954,0.0357802739473954
"rQ3","|","t4","",1.42237061108679,0.0992851764632288,14.3261125351737,0,1.22777524102016,1.61696598115343,1.42237061108679,1.16755780365345,1.16755780365345
"rQ5","|","t1","",-1.914920517195,0.122980763952686,-15.570894631389,0,-2.15595838533349,-1.67388264905652,-1.914920517195,-1.81048828483981,-1.81048828483981
"rQ5","|","t2","",-0.679297686567888,0.076358548551161,-8.89615765958086,0,-0.828957691639917,-0.52963768149586,-0.679297686567888,-0.642251462870876,-0.642251462870876
"rQ5","|","t3","",-0.0140887612931365,0.0724796306955574,-0.194382354848286,0.845876505206818,-0.156146227069193,0.12796870448292,-0.0140887612931365,-0.0133204156726525,-0.0133204156726525
"rQ5","|","t4","",1.13046559242778,0.0836362231560756,13.5164591341982,0,0.966541607238913,1.29438957761664,1.13046559242778,1.06881444588781,1.06881444588781
"rQ2_r","|","t1","",-1.41401526939436,0.105608811838565,-13.3891788457563,0,-1.62100473704802,-1.20702580174071,-1.41401526939436,-1.16547658330301,-1.16547658330301
"rQ2_r","|","t2","",0.0615091393210543,0.081164998512007,0.757828379827482,0.44855373032557,-0.0975713345677266,0.220589613209835,0.0615091393210543,0.0506977987363006,0.0506977987363006
"rQ2_r","|","t3","",0.730575189320464,0.0857117241731404,8.52363193446767,0,0.562583296888278,0.898567081752651,0.730575189320464,0.602163423496734,0.602163423496734
"rQ2_r","|","t4","",1.6624331453416,0.113561527729091,14.6390523145079,0,1.43985664096324,1.88500964971997,1.6624331453416,1.3702305372079,1.3702305372079
"rQ4_r","|","t1","",-1.42294563878625,0.112475867535727,-12.6511194797787,0,-1.64339428828617,-1.20249698928633,-1.42294563878625,-1.11130731582724,-1.11130731582724
"rQ4_r","|","t2","",-0.14182036435999,0.0877287366438679,-1.61657821354142,0.105969357819611,-0.31376552859117,0.0301247998711904,-0.14182036435999,-0.110760386166949,-0.110760386166949
"rQ4_r","|","t3","",0.466407915801506,0.0881950693346891,5.2883672445627,1.23413009367468e-07,0.293548756291502,0.639267075311509,0.466407915801506,0.364260246394281,0.364260246394281
"rQ4_r","|","t4","",1.79991471531451,0.118904260089935,15.1375124318769,0,1.56686664792986,2.03296278269917,1.79991471531451,1.40571666019533,1.40571666019533
"rQ6_r","|","t1","",-1.87287026745656,0.13803534380325,-13.5680487029907,0,-2.14341456990454,-1.60232596500859,-1.87287026745656,-1.34155930276208,-1.34155930276208
"rQ6_r","|","t2","",-0.494976661000591,0.0996230750791747,-4.96849410246785,6.74748520612667e-07,-0.690234300184904,-0.299719021816279,-0.494976661000591,-0.354557683868435,-0.354557683868435
"rQ6_r","|","t3","",0.293996391595644,0.0945841308997068,3.10830568298382,0.00188163336835356,0.108614901523197,0.479377881668092,0.293996391595644,0.210593120611205,0.210593120611205
"rQ6_r","|","t4","",1.77612271519572,0.129579538718557,13.7068146156424,0,1.52215148617404,2.03009394421741,1.77612271519572,1.27225787755912,1.27225787755912
"dQ3D","~~","dQ3D","",1,0,NA,NA,1,1,1,0.725482035784263,0.725482035784263
"dQ5D","~~","dQ5D","",1,0,NA,NA,1,1,1,0.750844160308611,0.750844160308611
"dQ10D","~~","dQ10D","",1,0,NA,NA,1,1,1,0.505649414875257,0.505649414875257
"dQ13D","~~","dQ13D","",1,0,NA,NA,1,1,1,0.458209327859488,0.458209327859488
"dQ16D","~~","dQ16D","",1,0,NA,NA,1,1,1,0.662128363588841,0.662128363588841
"dQ17D","~~","dQ17D","",1,0,NA,NA,1,1,1,0.541634875061185,0.541634875061185
"dQ21D","~~","dQ21D","",1,0,NA,NA,1,1,1,0.51689488897806,0.51689488897806
"dQ2A","~~","dQ2A","",1,0,NA,NA,1,1,1,0.901115021493945,0.901115021493945
"dQ4A","~~","dQ4A","",1,0,NA,NA,1,1,1,0.746399844330013,0.746399844330013
"dQ7A","~~","dQ7A","",1,0,NA,NA,1,1,1,0.703186900082174,0.703186900082174
"dQ9A","~~","dQ9A","",1,0,NA,NA,1,1,1,0.534401764072744,0.534401764072744
"dQ15A","~~","dQ15A","",1,0,NA,NA,1,1,1,0.410865283274702,0.410865283274702
"dQ19A","~~","dQ19A","",1,0,NA,NA,1,1,1,0.680385204585024,0.680385204585024
"dQ20A","~~","dQ20A","",1,0,NA,NA,1,1,1,0.603261985108289,0.603261985108289
"dQ1S","~~","dQ1S","",1,0,NA,NA,1,1,1,0.906368422679025,0.906368422679025
"dQ6S","~~","dQ6S","",1,0,NA,NA,1,1,1,0.688994505298913,0.688994505298913
"dQ8S","~~","dQ8S","",1,0,NA,NA,1,1,1,0.581488054702723,0.581488054702723
"dQ11S","~~","dQ11S","",1,0,NA,NA,1,1,1,0.515735468000833,0.515735468000833
"dQ12S","~~","dQ12S","",1,0,NA,NA,1,1,1,0.671543668304368,0.671543668304368
"dQ14S","~~","dQ14S","",1,0,NA,NA,1,1,1,0.842238538036555,0.842238538036555
"dQ18S","~~","dQ18S","",1,0,NA,NA,1,1,1,0.668325502591413,0.668325502591413
"rQ1","~~","rQ1","",1,0,NA,NA,1,1,1,0.842754742182449,0.842754742182449
"rQ3","~~","rQ3","",1,0,NA,NA,1,1,1,0.673800363713222,0.673800363713222
"rQ5","~~","rQ5","",1,0,NA,NA,1,1,1,0.89390204985814,0.89390204985814
"rQ2_r","~~","rQ2_r","",1,0,NA,NA,1,1,1,0.679358331276832,0.679358331276832
"rQ4_r","~~","rQ4_r","",1,0,NA,NA,1,1,1,0.609946479336862,0.609946479336862
"rQ6_r","~~","rQ6_r","",1,0,NA,NA,1,1,1,0.513102770994281,0.513102770994281
"Dep","~~","Dep","",1,0,NA,NA,1,1,0.684105071526119,0.684105071526119,0.684105071526119
"Anx","~~","Anx","",1,0,NA,NA,1,1,0.74951666066192,0.74951666066192,0.74951666066192
"Str","~~","Str","",1,0,NA,NA,1,1,0.727825823225639,0.727825823225639,0.727825823225639
"BRS","~~","BRS","",1,0,NA,NA,1,1,0.997983078150304,0.997983078150304,0.997983078150304
"RES_Suburb_Semi_Urban","~~","RES_Suburb_Semi_Urban","",0.179037819495375,0,NA,NA,0.179037819495375,0.179037819495375,0.179037819495375,1,0.179037819495375
"RES_Suburb_Semi_Urban","~~","RES_Rural","",-0.0652098954627552,0,NA,NA,-0.0652098954627552,-0.0652098954627552,-0.0652098954627552,-0.343202682541068,-0.0652098954627552
"RES_Rural","~~","RES_Rural","",0.201641946253626,0,NA,NA,0.201641946253626,0.201641946253626,0.201641946253626,1,0.201641946253626
"dQ3D","~*~","dQ3D","",0.853519769101663,0,NA,NA,0.853519769101663,0.853519769101663,0.853519769101663,1,1
"dQ5D","~*~","dQ5D","",0.868144119259633,0,NA,NA,0.868144119259633,0.868144119259633,0.868144119259633,1,1
"dQ10D","~*~","dQ10D","",0.713754117616524,0,NA,NA,0.713754117616524,0.713754117616524,0.713754117616524,1,1
"dQ13D","~*~","dQ13D","",0.679692236921117,0,NA,NA,0.679692236921117,0.679692236921117,0.679692236921117,1,1
"dQ16D","~*~","dQ16D","",0.815792375675299,0,NA,NA,0.815792375675299,0.815792375675299,0.815792375675299,1,1
"dQ17D","~*~","dQ17D","",0.738513713881984,0,NA,NA,0.738513713881984,0.738513713881984,0.738513713881984,1,1
"dQ21D","~*~","dQ21D","",0.721585696721882,0,NA,NA,0.721585696721882,0.721585696721882,0.721585696721882,1,1
"dQ2A","~*~","dQ2A","",0.949412037913236,0,NA,NA,0.949412037913236,0.949412037913236,0.949412037913236,1,1
"dQ4A","~*~","dQ4A","",0.864274164842983,0,NA,NA,0.864274164842983,0.864274164842983,0.864274164842983,1,1
"dQ7A","~*~","dQ7A","",0.838937108311578,0,NA,NA,0.838937108311578,0.838937108311578,0.838937108311578,1,1
"dQ9A","~*~","dQ9A","",0.731540489163262,0,NA,NA,0.731540489163262,0.731540489163262,0.731540489163262,1,1
"dQ15A","~*~","dQ15A","",0.641556626158512,0,NA,NA,0.641556626158512,0.641556626158512,0.641556626158512,1,1
"dQ19A","~*~","dQ19A","",0.82525157445455,0,NA,NA,0.82525157445455,0.82525157445455,0.82525157445455,1,1
"dQ20A","~*~","dQ20A","",0.777163428971354,0,NA,NA,0.777163428971354,0.777163428971354,0.777163428971354,1,1
"dQ1S","~*~","dQ1S","",0.952228881451324,0,NA,NA,0.952228881451324,0.952228881451324,0.952228881451324,1,1
"dQ6S","~*~","dQ6S","",0.830622190743967,0,NA,NA,0.830622190743967,0.830622190743967,0.830622190743967,1,1
"dQ8S","~*~","dQ8S","",0.763252685914828,0,NA,NA,0.763252685914828,0.763252685914828,0.763252685914828,1,1
"dQ11S","~*~","dQ11S","",0.718909180358569,0,NA,NA,0.718909180358569,0.718909180358569,0.718909180358569,1,1
"dQ12S","~*~","dQ12S","",0.820067084552391,0,NA,NA,0.820067084552391,0.820067084552391,0.820067084552391,1,1
"dQ14S","~*~","dQ14S","",0.918052413581454,0,NA,NA,0.918052413581454,0.918052413581454,0.918052413581454,1,1
"dQ18S","~*~","dQ18S","",0.818105532932397,0,NA,NA,0.818105532932397,0.818105532932397,0.818105532932397,1,1
"rQ1","~*~","rQ1","",0.918162353737626,0,NA,NA,0.918162353737626,0.918162353737626,0.918162353737626,1,1
"rQ3","~*~","rQ3","",0.821123597117672,0,NA,NA,0.821123597117672,0.821123597117672,0.821123597117672,1,1
"rQ5","~*~","rQ5","",0.945565110417599,0,NA,NA,0.945565110417599,0.945565110417599,0.945565110417599,1,1
"rQ2_r","~*~","rQ2_r","",0.824498613015879,0,NA,NA,0.824498613015879,0.824498613015879,0.824498613015879,1,1
"rQ4_r","~*~","rQ4_r","",0.781298090734791,0,NA,NA,0.781298090734791,0.781298090734791,0.781298090734791,1,1
"rQ6_r","~*~","rQ6_r","",0.716663903447047,0,NA,NA,0.716663903447047,0.716663903447047,0.716663903447047,1,1
"dQ3D","~1","","",0,0,NA,NA,0,0,0,0,0
"dQ5D","~1","","",0,0,NA,NA,0,0,0,0,0
"dQ10D","~1","","",0,0,NA,NA,0,0,0,0,0
"dQ13D","~1","","",0,0,NA,NA,0,0,0,0,0
"dQ16D","~1","","",0,0,NA,NA,0,0,0,0,0
"dQ17D","~1","","",0,0,NA,NA,0,0,0,0,0
"dQ21D","~1","","",0,0,NA,NA,0,0,0,0,0
"dQ2A","~1","","",0,0,NA,NA,0,0,0,0,0
"dQ4A","~1","","",0,0,NA,NA,0,0,0,0,0
"dQ7A","~1","","",0,0,NA,NA,0,0,0,0,0
"dQ9A","~1","","",0,0,NA,NA,0,0,0,0,0
"dQ15A","~1","","",0,0,NA,NA,0,0,0,0,0
"dQ19A","~1","","",0,0,NA,NA,0,0,0,0,0
"dQ20A","~1","","",0,0,NA,NA,0,0,0,0,0
"dQ1S","~1","","",0,0,NA,NA,0,0,0,0,0
"dQ6S","~1","","",0,0,NA,NA,0,0,0,0,0
"dQ8S","~1","","",0,0,NA,NA,0,0,0,0,0
"dQ11S","~1","","",0,0,NA,NA,0,0,0,0,0
"dQ12S","~1","","",0,0,NA,NA,0,0,0,0,0
"dQ14S","~1","","",0,0,NA,NA,0,0,0,0,0
"dQ18S","~1","","",0,0,NA,NA,0,0,0,0,0
"rQ1","~1","","",0,0,NA,NA,0,0,0,0,0
"rQ3","~1","","",0,0,NA,NA,0,0,0,0,0
"rQ5","~1","","",0,0,NA,NA,0,0,0,0,0
"rQ2_r","~1","","",0,0,NA,NA,0,0,0,0,0
"rQ4_r","~1","","",0,0,NA,NA,0,0,0,0,0
"rQ6_r","~1","","",0,0,NA,NA,0,0,0,0,0
"RES_Suburb_Semi_Urban","~1","","",0.233057851239669,0,NA,NA,0.233057851239669,0.233057851239669,0.233057851239669,0.55079672338624,0.233057851239669
"RES_Rural","~1","","",0.279338842975207,0,NA,NA,0.279338842975207,0.279338842975207,0.279338842975207,0.622072337818854,0.279338842975207
"Dep","~1","","",0,0,NA,NA,0,0,0,0,0
"Anx","~1","","",0,0,NA,NA,0,0,0,0,0
"Str","~1","","",0,0,NA,NA,0,0,0,0,0
"BRS","~1","","",0,0,NA,NA,0,0,0,0,0
"ind_Dep_RES_Suburb_Semi_Urban",":=","a1*b1","ind_Dep_RES_Suburb_Semi_Urban",0.0647800499504807,0.0776208279663923,0.834570458054489,0.403959601230867,-0.0873539773138276,0.216914077214789,0.0535799968279488,0.0226712295116424,0.0535799968279488
"ind_Anx_RES_Suburb_Semi_Urban",":=","a1*b2","ind_Anx_RES_Suburb_Semi_Urban",0.0561333460109589,0.0677294609988336,0.828787726686997,0.407224534379696,-0.0766139582390652,0.188880650260983,0.0485972367679196,0.0205628811799859,0.0485972367679196
"ind_Str_RES_Suburb_Semi_Urban",":=","a1*b3","ind_Str_RES_Suburb_Semi_Urban",0.0592567006867809,0.0713474939921758,0.830536538442111,0.406235498292279,-0.0805818179250714,0.199095219298633,0.0505534963258898,0.0213906305649943,0.0505534963258898
"ind_Dep_RES_Rural",":=","a2*b1","ind_Dep_RES_Rural",0.0544184870015832,0.0747886334860485,0.727630449508544,0.466839835826571,-0.0921645410840381,0.201001515087205,0.0450098813316053,0.0202114889366503,0.0450098813316053
"ind_Anx_RES_Rural",":=","a2*b2","ind_Anx_RES_Rural",0.0471548225508905,0.0648904835271734,0.72668317429233,0.467420063046416,-0.080028188101759,0.17433783320354,0.0408241132785399,0.0183318882313601,0.0408241132785399
"ind_Str_RES_Rural",":=","a2*b3","ind_Str_RES_Rural",0.0497785969375648,0.0685892380277083,0.725749379479264,0.467992424279057,-0.0846538393237884,0.184211033198918,0.0424674693026322,0.0190698300147479,0.0424674693026322
