"lhs","op","rhs","est","se","t","df","pvalue","ci.lower","ci.upper"
"Dep","=~","dQ3D",0.551652217379702,0.0531548801500978,10.3782045189822,6707473.1716622,3.11717062318793e-25,0.447470547883367,0.655833886876037
"Dep","=~","dQ5D",0.480044758777463,0.0505288462618892,9.50041004873549,3484491.08827622,2.09190344024048e-21,0.381010005523318,0.579079512031608
"Dep","=~","dQ10D",0.830529521011528,0.0702859241593258,11.8164416409872,7858448.24107004,3.21196947729723e-32,0.69277161982155,0.968287422201506
"Dep","=~","dQ13D",0.858870917125954,0.0704348911322674,12.1938275664132,28412453.4435509,3.35361132220895e-34,0.720821061370814,0.996920772881093
"Dep","=~","dQ16D",0.592683101747407,0.0540797175156026,10.959434127525,5894113.70968027,5.99098147095031e-28,0.48668878135664,0.698677422138173
"Dep","=~","dQ17D",0.773225259224045,0.0660637169932645,11.7042348571286,7085374.57307771,1.21329472919627e-31,0.643742731113444,0.902707787334645
"Dep","=~","dQ21D",0.798856644352461,0.0704649221631097,11.3369407050971,5246510.24559835,8.6170890653574e-30,0.660747902877798,0.936965385827123
"Anx","=~","dQ2A",0.292469265874032,0.0456767909063842,6.40301693859044,3901004.67299283,1.52353487685321e-10,0.202944372991264,0.3819941587568
"Anx","=~","dQ4A",0.481148462053159,0.0530712025616048,9.06609307551764,11609654.487505,1.23379454421878e-19,0.377130805571822,0.585166118534497
"Anx","=~","dQ7A",0.549067407944521,0.0522956347567216,10.4992971306071,17078587.2602435,8.70414450383502e-26,0.446569840008652,0.65156497588039
"Anx","=~","dQ9A",0.811180590545503,0.0622815631279275,13.0244096295291,211174.207253599,9.20012698873871e-39,0.689110270256526,0.93325091083448
"Anx","=~","dQ15A",0.96198339835517,0.0742321477596882,12.9591211811546,18394687.0365949,2.08704848873835e-38,0.816491052677775,1.10747574403257
"Anx","=~","dQ19A",0.554284092051323,0.0519816964560065,10.6630627671113,23856963.7270542,1.51544618308007e-26,0.452401833973339,0.656166350129307
"Anx","=~","dQ20A",0.653996199690349,0.0584198072705305,11.1947681830209,3974338.02604923,4.3296640658327e-29,0.539495446585709,0.76849695279499
"Str","=~","dQ1S",0.255749598761567,0.0426714598647431,5.99345791243664,9988732.80055592,2.05432348028899e-09,0.172115064124677,0.339384133398458
"Str","=~","dQ6S",0.564288326728372,0.0552578931381822,10.2119044842565,32478350.2075788,1.75402973891022e-24,0.455984842279845,0.672591811176898
"Str","=~","dQ8S",0.714325868614378,0.0638541096637697,11.186842512968,3779777.57098481,4.73475807211013e-29,0.589174073332267,0.839477663896489
"Str","=~","dQ11S",0.806061473989305,0.0687181420263251,11.729966064573,11540617.9554955,8.95317888908037e-32,0.671376376407605,0.940746571571005
"Str","=~","dQ12S",0.624915144316004,0.0573452125963862,10.8974248419717,6966855.92378892,1.1862649093664e-27,0.512520573414779,0.73730971521723
"Str","=~","dQ14S",0.369986755202428,0.046354805076689,7.98162681496179,27512551.0805315,1.44422591233226e-15,0.279133002744797,0.460840507660059
"Str","=~","dQ18S",0.544149273372228,0.0543835324011172,10.0057728754863,41819694.9288762,1.43773468324318e-23,0.437559505429001,0.650739041315454
"BRS","=~","rQ1",0.441512113940966,0.0580608607176388,7.60429846343694,4382123.73045724,2.86510006037611e-14,0.327714886591629,0.555309341290304
"BRS","=~","rQ3",0.695450602865577,0.0711048712132641,9.78063233923481,2462232.64694726,1.36485334261041e-22,0.556087547655241,0.834813658075913
"BRS","=~","rQ5",0.31868281876985,0.0569262854941666,5.59816640069561,2408698.19846858,2.16654249638035e-08,0.207109293362226,0.430256344177473
"BRS","=~","rQ2_r",0.64511963863247,0.0776438260284379,8.30870491101491,2923767.37351128,9.67927579135542e-17,0.492940472996567,0.797298804268373
"BRS","=~","rQ4_r",0.748264259883964,0.0767480889333961,9.74961422861391,1440139.03464242,1.85467324750514e-22,0.597840643268719,0.898687876499209
"BRS","=~","rQ6_r",0.972212469243483,0.0983880923546955,9.88140379568082,10029321.9295256,5.0137873582722e-23,0.779375328448591,1.16504961003838
"Dep","~","BRS",-0.627373328836792,0.0677683321442114,-9.25761796087497,7665611.12805164,2.0909485112832e-20,-0.760196840104015,-0.494549817569569
"Dep","~","G_Female",0.45343610949239,0.115131252719883,3.93842765348527,306302.4657395,8.20354563815058e-05,0.227782108986972,0.679090109997808
"Dep","~","AY_1st_Yr",-0.326457100239178,0.137488119207584,-2.37443862146577,39182.2715155163,0.0175804458880441,-0.595937186591073,-0.0569770138872822
"Dep","~","AY_3rd_Yr",0.0385894398170797,0.16413249844549,0.235111511629707,229974.625756583,0.814122393449337,-0.283106038923351,0.36028491855751
"Dep","~","AY_4th_Yr",0.0396634926936942,0.170537856471032,0.232578815721373,32534138.2943859,0.816088480313993,-0.294584576425192,0.37391156181258
"Dep","~","RES_Suburb_Semi_Urban",0.309982077632081,0.144118969283276,2.15087631540571,216609.840299364,0.0314870661293169,0.0275125099746454,0.592451645289516
"Dep","~","RES_Rural",-0.0406880951433018,0.133685320476558,-0.304357239809562,365127.57691136,0.760855914544999,-0.302707377109087,0.221331186822484
"Dep","~","cgpa",-0.312073834039246,0.190880093784427,-1.63492079164468,336.672820769417,0.103000249419116,-0.687541692543762,0.0633940244652694
"Dep","~","family_income",-2.11615959613879e-07,8.69908454790667e-07,-0.243262332316108,1034.71903845057,0.807850399019444,-1.91860191080844e-06,1.49536999158068e-06
"Anx","~","BRS",-0.541395799659551,0.060872063839314,-8.89399447813519,2472470.74189614,5.89888740809568e-19,-0.660702910854416,-0.422088688464686
"Anx","~","G_Female",0.846574616992843,0.11805958696873,7.17074012140217,104797.996581373,7.50834586526889e-13,0.615179406005455,1.07796982798023
"Anx","~","AY_1st_Yr",0.209511118027172,0.135245562607448,1.54911639234539,325655.79756002,0.121354714762957,-0.0555662989652959,0.474588535019639
"Anx","~","AY_3rd_Yr",0.432720635607511,0.167582177907563,2.58213994477502,54168.0540829125,0.00982157597621893,0.104258263093064,0.761183008121959
"Anx","~","AY_4th_Yr",0.291267014634909,0.174622049320591,1.66798531896832,211282660.141834,0.0953186426682805,-0.0509859149006749,0.633519944170492
"Anx","~","RES_Suburb_Semi_Urban",0.224083433691629,0.142134298010441,1.57656130032153,204263.781131309,0.114898051929569,-0.0544963221004445,0.502663189483703
"Anx","~","RES_Rural",0.108614676504435,0.132231502342585,0.82139788613334,66378.722199144,0.411422617298846,-0.15055903153948,0.36778838454835
"Anx","~","cgpa",-0.096678490391101,0.185031270330185,-0.522498117310551,119.099895887643,0.602294113904332,-0.463055729515803,0.269698748733601
"Anx","~","family_income",1.97309808834771e-07,9.02927323625894e-07,0.218522359078062,1961.20147039676,0.827044875229841,-1.57348807080094e-06,1.96810768847048e-06
"Str","~","BRS",-0.543890623852108,0.0679335797913668,-8.00621173685341,7381622.54912886,1.18312951897456e-15,-0.677038015416244,-0.410743232287973
"Str","~","G_Female",0.809692443599592,0.123307146441227,6.56646809992901,135295.856671796,5.17081057691656e-11,0.568012715457622,1.05137217174156
"Str","~","AY_1st_Yr",-0.136211872487866,0.129563321243998,-1.05131507266125,21704.6149028556,0.293125611355164,-0.390165477633058,0.117741732657326
"Str","~","AY_3rd_Yr",0.276990096617054,0.169378484411471,1.63533224175133,200475.439459764,0.10198098812038,-0.0549876368912293,0.608967830125338
"Str","~","AY_4th_Yr",0.307757055613246,0.191762611823139,1.6048856066744,92193816.5529792,0.108518985092011,-0.0680907620757513,0.683604873302243
"Str","~","RES_Suburb_Semi_Urban",0.218564150065092,0.146498726557436,1.49191842960766,266269.584942184,0.135721715351347,-0.0685693829729889,0.505697683103173
"Str","~","RES_Rural",0.12434673385065,0.133570959567641,0.930941383165551,205346.054827447,0.351884980713679,-0.137449079376945,0.386142547078245
"Str","~","cgpa",-0.333947464198223,0.19205043206733,-1.73885297004251,395.314038234725,0.0828391229303818,-0.711515361510295,0.0436204331138484
"Str","~","family_income",-4.1155884241712e-07,8.64052301866884e-07,-0.476312419430976,2141.72730174943,0.63390040484268,-2.10602782901524e-06,1.282910144181e-06
"Dep","~~","Anx",0.696528888821797,0.0383960232440308,18.140651816854,194005.417025421,1.75131329108374e-73,0.621273596609828,0.771784181033766
"Dep","~~","Str",0.760607476610446,0.0404528577360675,18.8023175413957,7876400.95682717,7.25766925266088e-79,0.681321320192146,0.839893633028746
"Anx","~~","Str",0.922480798689919,0.0327799197417284,28.1416429923595,352013.450981863,4.73677026862432e-174,0.858233115670495,0.986728481709342
"dQ3D","|","t1",-0.379901741662642,0,NA,NA,NA,-0.379901741662642,-0.379901741662642
"dQ3D","|","t2",0.215940919062116,0,NA,NA,NA,0.215940919062116,0.215940919062116
"dQ3D","|","t3",0.856685215700965,0,NA,NA,NA,0.856685215700965,0.856685215700965
"dQ5D","|","t1",-0.773466541480221,0,NA,NA,NA,-0.773466541480221,-0.773466541480221
"dQ5D","|","t2",0.0815211492116383,0,NA,NA,NA,0.0815211492116383,0.0815211492116383
"dQ5D","|","t3",0.743080273261883,0,NA,NA,NA,0.743080273261883,0.743080273261883
"dQ10D","|","t1",-1.09864022978165,0,NA,NA,NA,-1.09864022978165,-1.09864022978165
"dQ10D","|","t2",-0.444724158418483,0,NA,NA,NA,-0.444724158418483,-0.444724158418483
"dQ10D","|","t3",0.114465528357288,0,NA,NA,NA,0.114465528357288,0.114465528357288
"dQ13D","|","t1",-1.09950260046354,0,NA,NA,NA,-1.09950260046354,-1.09950260046354
"dQ13D","|","t2",-0.255441925155434,0,NA,NA,NA,-0.255441925155434,-0.255441925155434
"dQ13D","|","t3",0.407180895352083,0,NA,NA,NA,0.407180895352083,0.407180895352083
"dQ16D","|","t1",-0.712527963696126,0,NA,NA,NA,-0.712527963696126,-0.712527963696126
"dQ16D","|","t2",0.0718542054442985,0,NA,NA,NA,0.0718542054442985,0.0718542054442985
"dQ16D","|","t3",0.655422645429847,0,NA,NA,NA,0.655422645429847,0.655422645429847
"dQ17D","|","t1",-1.0554984928319,0,NA,NA,NA,-1.0554984928319,-1.0554984928319
"dQ17D","|","t2",-0.55168819980593,0,NA,NA,NA,-0.55168819980593,-0.55168819980593
"dQ17D","|","t3",-0.0204489589248988,0,NA,NA,NA,-0.0204489589248988,-0.0204489589248988
"dQ21D","|","t1",-0.538467434685349,0,NA,NA,NA,-0.538467434685349,-0.538467434685349
"dQ21D","|","t2",-0.124614423385986,0,NA,NA,NA,-0.124614423385986,-0.124614423385986
"dQ21D","|","t3",0.329568420366657,0,NA,NA,NA,0.329568420366657,0.329568420366657
"dQ2A","|","t1",-0.369878260225214,0,NA,NA,NA,-0.369878260225214,-0.369878260225214
"dQ2A","|","t2",0.20682773673039,0,NA,NA,NA,0.20682773673039,0.20682773673039
"dQ2A","|","t3",0.665807821121533,0,NA,NA,NA,0.665807821121533,0.665807821121533
"dQ4A","|","t1",-0.408695837486047,0,NA,NA,NA,-0.408695837486047,-0.408695837486047
"dQ4A","|","t2",0.235915484256363,0,NA,NA,NA,0.235915484256363,0.235915484256363
"dQ4A","|","t3",0.653029153808548,0,NA,NA,NA,0.653029153808548,0.653029153808548
"dQ7A","|","t1",-0.127557660448091,0,NA,NA,NA,-0.127557660448091,-0.127557660448091
"dQ7A","|","t2",0.513490622579303,0,NA,NA,NA,0.513490622579303,0.513490622579303
"dQ7A","|","t3",1.03884561833726,0,NA,NA,NA,1.03884561833726,1.03884561833726
"dQ9A","|","t1",-0.0758954931873749,0,NA,NA,NA,-0.0758954931873749,-0.0758954931873749
"dQ9A","|","t2",0.771079667888833,0,NA,NA,NA,0.771079667888833,0.771079667888833
"dQ9A","|","t3",1.45828411376846,0,NA,NA,NA,1.45828411376846,1.45828411376846
"dQ15A","|","t1",-0.418037006154311,0,NA,NA,NA,-0.418037006154311,-0.418037006154311
"dQ15A","|","t2",0.303416660859729,0,NA,NA,NA,0.303416660859729,0.303416660859729
"dQ15A","|","t3",0.980721214113348,0,NA,NA,NA,0.980721214113348,0.980721214113348
"dQ19A","|","t1",-0.196170435547461,0,NA,NA,NA,-0.196170435547461,-0.196170435547461
"dQ19A","|","t2",0.456087792862764,0,NA,NA,NA,0.456087792862764,0.456087792862764
"dQ19A","|","t3",1.0579629382609,0,NA,NA,NA,1.0579629382609,1.0579629382609
"dQ20A","|","t1",0.10752817662465,0,NA,NA,NA,0.10752817662465,0.10752817662465
"dQ20A","|","t2",0.849212148670653,0,NA,NA,NA,0.849212148670653,0.849212148670653
"dQ20A","|","t3",1.44589747161694,0,NA,NA,NA,1.44589747161694,1.44589747161694
"dQ1S","|","t1",-1.08308695207563,0,NA,NA,NA,-1.08308695207563,-1.08308695207563
"dQ1S","|","t2",-0.269940250436158,0,NA,NA,NA,-0.269940250436158,-0.269940250436158
"dQ1S","|","t3",0.303299956054389,0,NA,NA,NA,0.303299956054389,0.303299956054389
"dQ6S","|","t1",-0.730533059550865,0,NA,NA,NA,-0.730533059550865,-0.730533059550865
"dQ6S","|","t2",0.0720468075653362,0,NA,NA,NA,0.0720468075653362,0.0720468075653362
"dQ6S","|","t3",0.650811849033367,0,NA,NA,NA,0.650811849033367,0.650811849033367
"dQ8S","|","t1",-0.707038186058105,0,NA,NA,NA,-0.707038186058105,-0.707038186058105
"dQ8S","|","t2",0.13343065921852,0,NA,NA,NA,0.13343065921852,0.13343065921852
"dQ8S","|","t3",0.745843974436051,0,NA,NA,NA,0.745843974436051,0.745843974436051
"dQ11S","|","t1",-1.36782153616425,0,NA,NA,NA,-1.36782153616425,-1.36782153616425
"dQ11S","|","t2",-0.598074954570488,0,NA,NA,NA,-0.598074954570488,-0.598074954570488
"dQ11S","|","t3",0.0563354954059741,0,NA,NA,NA,0.0563354954059741,0.0563354954059741
"dQ12S","|","t1",-1.24840588342348,0,NA,NA,NA,-1.24840588342348,-1.24840588342348
"dQ12S","|","t2",-0.542133737339836,0,NA,NA,NA,-0.542133737339836,-0.542133737339836
"dQ12S","|","t3",0.242081357528297,0,NA,NA,NA,0.242081357528297,0.242081357528297
"dQ14S","|","t1",-0.970295319782553,0,NA,NA,NA,-0.970295319782553,-0.970295319782553
"dQ14S","|","t2",-0.119438683975769,0,NA,NA,NA,-0.119438683975769,-0.119438683975769
"dQ14S","|","t3",0.509392728260097,0,NA,NA,NA,0.509392728260097,0.509392728260097
"dQ18S","|","t1",-0.295659065121609,0,NA,NA,NA,-0.295659065121609,-0.295659065121609
"dQ18S","|","t2",0.400550532494598,0,NA,NA,NA,0.400550532494598,0.400550532494598
"dQ18S","|","t3",0.936574421500078,0,NA,NA,NA,0.936574421500078,0.936574421500078
"rQ1","|","t1",-0.803784699733124,0,NA,NA,NA,-0.803784699733124,-0.803784699733124
"rQ1","|","t2",-0.0345330672163458,0,NA,NA,NA,-0.0345330672163458,-0.0345330672163458
"rQ1","|","t3",0.725902513315208,0,NA,NA,NA,0.725902513315208,0.725902513315208
"rQ1","|","t4",1.7567536489881,0,NA,NA,NA,1.7567536489881,1.7567536489881
"rQ3","|","t1",-0.762169578251028,0,NA,NA,NA,-0.762169578251028,-0.762169578251028
"rQ3","|","t2",0.114323755678082,0,NA,NA,NA,0.114323755678082,0.114323755678082
"rQ3","|","t3",0.592865816362358,0,NA,NA,NA,0.592865816362358,0.592865816362358
"rQ3","|","t4",1.73416366916691,0,NA,NA,NA,1.73416366916691,1.73416366916691
"rQ5","|","t1",-2.22906304172,0,NA,NA,NA,-2.22906304172,-2.22906304172
"rQ5","|","t2",-1.04443987645547,0,NA,NA,NA,-1.04443987645547,-1.04443987645547
"rQ5","|","t3",-0.399936273573167,0,NA,NA,NA,-0.399936273573167,-0.399936273573167
"rQ5","|","t4",0.699915024801887,0,NA,NA,NA,0.699915024801887,0.699915024801887
"rQ2_r","|","t1",-1.43357328539498,0,NA,NA,NA,-1.43357328539498,-1.43357328539498
"rQ2_r","|","t2",-0.18517930019348,0,NA,NA,NA,-0.18517930019348,-0.18517930019348
"rQ2_r","|","t3",0.383033045314736,0,NA,NA,NA,0.383033045314736,0.383033045314736
"rQ2_r","|","t4",1.17087125632241,0,NA,NA,NA,1.17087125632241,1.17087125632241
"rQ4_r","|","t1",-1.35242584752724,0,NA,NA,NA,-1.35242584752724,-1.35242584752724
"rQ4_r","|","t2",-0.331943501735985,0,NA,NA,NA,-0.331943501735985,-0.331943501735985
"rQ4_r","|","t3",0.154001418655767,0,NA,NA,NA,0.154001418655767,0.154001418655767
"rQ4_r","|","t4",1.21471372445343,0,NA,NA,NA,1.21471372445343,1.21471372445343
"rQ6_r","|","t1",-1.30369180739587,0,NA,NA,NA,-1.30369180739587,-1.30369180739587
"rQ6_r","|","t2",-0.314375797800865,0,NA,NA,NA,-0.314375797800865,-0.314375797800865
"rQ6_r","|","t3",0.259234682400796,0,NA,NA,NA,0.259234682400796,0.259234682400796
"rQ6_r","|","t4",1.33418238837556,0,NA,NA,NA,1.33418238837556,1.33418238837556
"dQ3D","~~","dQ3D",1,0,NA,NA,NA,1,1
"dQ5D","~~","dQ5D",1,0,NA,NA,NA,1,1
"dQ10D","~~","dQ10D",1,0,NA,NA,NA,1,1
"dQ13D","~~","dQ13D",1,0,NA,NA,NA,1,1
"dQ16D","~~","dQ16D",1,0,NA,NA,NA,1,1
"dQ17D","~~","dQ17D",1,0,NA,NA,NA,1,1
"dQ21D","~~","dQ21D",1,0,NA,NA,NA,1,1
"dQ2A","~~","dQ2A",1,0,NA,NA,NA,1,1
"dQ4A","~~","dQ4A",1,0,NA,NA,NA,1,1
"dQ7A","~~","dQ7A",1,0,NA,NA,NA,1,1
"dQ9A","~~","dQ9A",1,0,NA,NA,NA,1,1
"dQ15A","~~","dQ15A",1,0,NA,NA,NA,1,1
"dQ19A","~~","dQ19A",1,0,NA,NA,NA,1,1
"dQ20A","~~","dQ20A",1,0,NA,NA,NA,1,1
"dQ1S","~~","dQ1S",1,0,NA,NA,NA,1,1
"dQ6S","~~","dQ6S",1,0,NA,NA,NA,1,1
"dQ8S","~~","dQ8S",1,0,NA,NA,NA,1,1
"dQ11S","~~","dQ11S",1,0,NA,NA,NA,1,1
"dQ12S","~~","dQ12S",1,0,NA,NA,NA,1,1
"dQ14S","~~","dQ14S",1,0,NA,NA,NA,1,1
"dQ18S","~~","dQ18S",1,0,NA,NA,NA,1,1
"rQ1","~~","rQ1",1,0,NA,NA,NA,1,1
"rQ3","~~","rQ3",1,0,NA,NA,NA,1,1
"rQ5","~~","rQ5",1,0,NA,NA,NA,1,1
"rQ2_r","~~","rQ2_r",1,0,NA,NA,NA,1,1
"rQ4_r","~~","rQ4_r",1,0,NA,NA,NA,1,1
"rQ6_r","~~","rQ6_r",1,0,NA,NA,NA,1,1
"Dep","~~","Dep",1,0,NA,NA,NA,1,1
"Anx","~~","Anx",1,0,NA,NA,NA,1,1
"Str","~~","Str",1,0,NA,NA,NA,1,1
"BRS","~~","BRS",1,0,NA,NA,NA,1,1
"G_Female","~~","G_Female",0.250019219575412,0,NA,NA,NA,0.250019219575412,0.250019219575412
"G_Female","~~","AY_1st_Yr",0.0102467793482917,0,NA,NA,NA,0.0102467793482917,0.0102467793482917
"G_Female","~~","AY_3rd_Yr",-0.019395297244462,0,NA,NA,NA,-0.019395297244462,-0.019395297244462
"G_Female","~~","AY_4th_Yr",0.00369564978638815,0,NA,NA,NA,0.00369564978638815,0.00369564978638815
"G_Female","~~","RES_Suburb_Semi_Urban",-0.00281704062469111,0,NA,NA,NA,-0.00281704062469111,-0.00281704062469111
"G_Female","~~","RES_Rural",-0.0243155085499654,0,NA,NA,NA,-0.0243155085499654,-0.0243155085499654
"G_Female","~~","cgpa",0.0166669371135492,0,NA,NA,NA,0.0166669371135492,0.0166669371135492
"G_Female","~~","family_income",4054.81065972565,0,NA,NA,NA,4054.81065972565,4054.81065972565
"AY_1st_Yr","~~","AY_1st_Yr",0.195051233896741,0,NA,NA,NA,0.195051233896741,0.195051233896741
"AY_1st_Yr","~~","AY_3rd_Yr",-0.0509593313784279,0,NA,NA,NA,-0.0509593313784279,-0.0509593313784279
"AY_1st_Yr","~~","AY_4th_Yr",-0.038219498533821,0,NA,NA,NA,-0.038219498533821,-0.038219498533821
"AY_1st_Yr","~~","RES_Suburb_Semi_Urban",-0.00721557774043689,0,NA,NA,NA,-0.00721557774043689,-0.00721557774043689
"AY_1st_Yr","~~","RES_Rural",0.00248207088179412,0,NA,NA,NA,0.00248207088179412,0.00248207088179412
"AY_1st_Yr","~~","cgpa",-0.0090287579761238,0,NA,NA,NA,-0.0090287579761238,-0.0090287579761238
"AY_1st_Yr","~~","family_income",4389.22989906977,0,NA,NA,NA,4389.22989906977,4389.22989906977
"AY_3rd_Yr","~~","AY_3rd_Yr",0.155425960704205,0,NA,NA,NA,0.155425960704205,0.155425960704205
"AY_3rd_Yr","~~","AY_4th_Yr",-0.0277091364370202,0,NA,NA,NA,-0.0277091364370202,-0.0277091364370202
"AY_3rd_Yr","~~","RES_Suburb_Semi_Urban",-0.0133987897158798,0,NA,NA,NA,-0.0133987897158798,-0.0133987897158798
"AY_3rd_Yr","~~","RES_Rural",0.00453581979726094,0,NA,NA,NA,0.00453581979726094,0.00453581979726094
"AY_3rd_Yr","~~","cgpa",0.0227823635684711,0,NA,NA,NA,0.0227823635684711,0.0227823635684711
"AY_3rd_Yr","~~","family_income",-371.185188846057,0,NA,NA,NA,-371.185188846057,-371.185188846057
"AY_4th_Yr","~~","AY_4th_Yr",0.123496754637409,0,NA,NA,NA,0.123496754637409,0.123496754637409
"AY_4th_Yr","~~","RES_Suburb_Semi_Urban",0.00777843673464905,0,NA,NA,NA,0.00777843673464905,0.00777843673464905
"AY_4th_Yr","~~","RES_Rural",-0.00530460281374584,0,NA,NA,NA,-0.00530460281374584,-0.00530460281374584
"AY_4th_Yr","~~","cgpa",-0.00256028370838962,0,NA,NA,NA,-0.00256028370838962,-0.00256028370838962
"AY_4th_Yr","~~","family_income",-1112.20937256323,0,NA,NA,NA,-1112.20937256323,-1112.20937256323
"RES_Suburb_Semi_Urban","~~","RES_Suburb_Semi_Urban",0.179244505947086,0,NA,NA,NA,0.179244505947086,0.179244505947086
"RES_Suburb_Semi_Urban","~~","RES_Rural",-0.0650390431946229,0,NA,NA,NA,-0.0650390431946229,-0.0650390431946229
"RES_Suburb_Semi_Urban","~~","cgpa",-0.0104599045336233,0,NA,NA,NA,-0.0104599045336233,-0.0104599045336233
"RES_Suburb_Semi_Urban","~~","family_income",351.611149550262,0,NA,NA,NA,351.611149550262,351.611149550262
"RES_Rural","~~","RES_Rural",0.201113637112451,0,NA,NA,NA,0.201113637112451,0.201113637112451
"RES_Rural","~~","cgpa",-0.0130741842663064,0,NA,NA,NA,-0.0130741842663064,-0.0130741842663064
"RES_Rural","~~","family_income",-4379.28953466662,0,NA,NA,NA,-4379.28953466662,-4379.28953466662
"cgpa","~~","cgpa",0.0932583925226242,0,NA,NA,NA,0.0932583925226242,0.0932583925226242
"cgpa","~~","family_income",1147.0002009132,0,NA,NA,NA,1147.0002009132,1147.0002009132
"family_income","~~","family_income",3872330770.33431,0,NA,NA,NA,3872330770.33431,3872330770.33431
"dQ3D","~*~","dQ3D",0.83797249183453,0,NA,NA,NA,0.83797249183453,0.83797249183453
"dQ5D","~*~","dQ5D",0.870011023750569,0,NA,NA,NA,0.870011023750569,0.870011023750569
"dQ10D","~*~","dQ10D",0.714054015722563,0,NA,NA,NA,0.714054015722563,0.714054015722563
"dQ13D","~*~","dQ13D",0.70220861411024,0,NA,NA,NA,0.70220861411024,0.70220861411024
"dQ16D","~*~","dQ16D",0.819360189489235,0,NA,NA,NA,0.819360189489235,0.819360189489235
"dQ17D","~*~","dQ17D",0.738576131323957,0,NA,NA,NA,0.738576131323957,0.738576131323957
"dQ21D","~*~","dQ21D",0.727518123296014,0,NA,NA,NA,0.727518123296014,0.727518123296014
"dQ2A","~*~","dQ2A",0.948895552436968,0,NA,NA,NA,0.948895552436968,0.948895552436968
"dQ4A","~*~","dQ4A",0.877272856668228,0,NA,NA,NA,0.877272856668228,0.877272856668228
"dQ7A","~*~","dQ7A",0.848237169372698,0,NA,NA,NA,0.848237169372698,0.848237169372698
"dQ9A","~*~","dQ9A",0.735042329509736,0,NA,NA,NA,0.735042329509736,0.735042329509736
"dQ15A","~*~","dQ15A",0.67471234318845,0,NA,NA,NA,0.67471234318845,0.67471234318845
"dQ19A","~*~","dQ19A",0.845974953716299,0,NA,NA,NA,0.845974953716299,0.845974953716299
"dQ20A","~*~","dQ20A",0.802422149880384,0,NA,NA,NA,0.802422149880384,0.802422149880384
"dQ1S","~*~","dQ1S",0.960137102881144,0,NA,NA,NA,0.960137102881144,0.960137102881144
"dQ6S","~*~","dQ6S",0.841371492791811,0,NA,NA,NA,0.841371492791811,0.841371492791811
"dQ8S","~*~","dQ8S",0.775868900471703,0,NA,NA,NA,0.775868900471703,0.775868900471703
"dQ11S","~*~","dQ11S",0.736821762072491,0,NA,NA,NA,0.736821762072491,0.736821762072491
"dQ12S","~*~","dQ12S",0.814856701883557,0,NA,NA,NA,0.814856701883557,0.814856701883557
"dQ14S","~*~","dQ14S",0.921595879658344,0,NA,NA,NA,0.921595879658344,0.921595879658344
"dQ18S","~*~","dQ18S",0.850120350550915,0,NA,NA,NA,0.850120350550915,0.850120350550915
"rQ1","~*~","rQ1",0.914803172199132,0,NA,NA,NA,0.914803172199132,0.914803172199132
"rQ3","~*~","rQ3",0.82098269395785,0,NA,NA,NA,0.82098269395785,0.82098269395785
"rQ5","~*~","rQ5",0.952785277194008,0,NA,NA,NA,0.952785277194008,0.952785277194008
"rQ2_r","~*~","rQ2_r",0.840312120979266,0,NA,NA,NA,0.840312120979266,0.840312120979266
"rQ4_r","~*~","rQ4_r",0.800666960122298,0,NA,NA,NA,0.800666960122298,0.800666960122298
"rQ6_r","~*~","rQ6_r",0.716999393748254,0,NA,NA,NA,0.716999393748254,0.716999393748254
"dQ3D","~1","",0,0,NA,NA,NA,0,0
"dQ5D","~1","",0,0,NA,NA,NA,0,0
"dQ10D","~1","",0,0,NA,NA,NA,0,0
"dQ13D","~1","",0,0,NA,NA,NA,0,0
"dQ16D","~1","",0,0,NA,NA,NA,0,0
"dQ17D","~1","",0,0,NA,NA,NA,0,0
"dQ21D","~1","",0,0,NA,NA,NA,0,0
"dQ2A","~1","",0,0,NA,NA,NA,0,0
"dQ4A","~1","",0,0,NA,NA,NA,0,0
"dQ7A","~1","",0,0,NA,NA,NA,0,0
"dQ9A","~1","",0,0,NA,NA,NA,0,0
"dQ15A","~1","",0,0,NA,NA,NA,0,0
"dQ19A","~1","",0,0,NA,NA,NA,0,0
"dQ20A","~1","",0,0,NA,NA,NA,0,0
"dQ1S","~1","",0,0,NA,NA,NA,0,0
"dQ6S","~1","",0,0,NA,NA,NA,0,0
"dQ8S","~1","",0,0,NA,NA,NA,0,0
"dQ11S","~1","",0,0,NA,NA,NA,0,0
"dQ12S","~1","",0,0,NA,NA,NA,0,0
"dQ14S","~1","",0,0,NA,NA,NA,0,0
"dQ18S","~1","",0,0,NA,NA,NA,0,0
"rQ1","~1","",0,0,NA,NA,NA,0,0
"rQ3","~1","",0,0,NA,NA,NA,0,0
"rQ5","~1","",0,0,NA,NA,NA,0,0
"rQ2_r","~1","",0,0,NA,NA,NA,0,0
"rQ4_r","~1","",0,0,NA,NA,NA,0,0
"rQ6_r","~1","",0,0,NA,NA,NA,0,0
"G_Female","~1","",0.480132450331126,0,NA,NA,NA,0.480132450331126,0.480132450331126
"AY_1st_Yr","~1","",0.264900662251656,0,NA,NA,NA,0.264900662251656,0.264900662251656
"AY_3rd_Yr","~1","",0.19205298013245,0,NA,NA,NA,0.19205298013245,0.19205298013245
"AY_4th_Yr","~1","",0.144039735099338,0,NA,NA,NA,0.144039735099338,0.144039735099338
"RES_Suburb_Semi_Urban","~1","",0.233443708609272,0,NA,NA,NA,0.233443708609272,0.233443708609272
"RES_Rural","~1","",0.278145695364238,0,NA,NA,NA,0.278145695364238,0.278145695364238
"cgpa","~1","",3.43181150662252,0,NA,NA,NA,3.43181150662252,3.43181150662252
"family_income","~1","",59127.1523178808,0,NA,NA,NA,59127.1523178808,59127.1523178808
"Dep","~1","",0,0,NA,NA,NA,0,0
"Anx","~1","",0,0,NA,NA,NA,0,0
"Str","~1","",0,0,NA,NA,NA,0,0
"BRS","~1","",0,0,NA,NA,NA,0,0
