id,theta15,se15,raw_sum15
1,0.3882665765113355,0.34239461166302376,22
2,-0.29306972153313193,0.4375308103639427,19
3,0.18153077829247236,0.41477606488115065,11
4,-1.5736994723617956,0.4364924008577728,3
5,-0.10764270658552438,0.3469108153027922,15
6,-0.12195498889000034,0.3318532513263053,16
7,-0.8999947866236552,0.37988908329431764,10
8,0.07078438141582105,0.386438902810035,19
9,-0.9519428621530874,0.3853825862874897,9
10,0.3746010409037575,0.3287627847646391,21
11,-0.2349712892859094,0.3280661440375332,14
12,-1.2895950206855022,0.4067706298380595,5
13,-0.3936050789658012,0.34677268345409756,13
14,0.6212602466038489,0.3616742657484447,26
15,-0.08450116646936147,0.33516740742547796,17
16,-1.6924322584060785,0.4614709754398535,2
17,-0.7065562852505406,0.3517436108506612,8
18,0.5428471613870577,0.3381633703788332,25
19,0.7776215571068817,0.33900173915941995,27
20,0.6111503885594355,0.3399925236901913,24
21,-2.4398307850502734,0.575771578717555,0
22,-0.3986741215220373,0.3703364144026018,12
23,-0.4628410455529963,0.3843447281121353,12
24,0.8178195249628186,0.3336795670380684,28
25,-0.44672295365664505,0.36503480923565906,12
26,0.9491489416452196,0.37693632075807465,25
27,-0.6430888604214224,0.4128939003669787,11
28,0.13351490227003227,0.32516849760592637,20
29,1.614111256346221,0.40508374170372585,35
30,1.16209713092571,0.40599885605595,22
31,-0.9434104043744611,0.39597919704014856,6
32,-0.9996681892926887,0.39393498773180097,6
33,-0.8038090614312375,0.3742617456596982,8
34,-0.5778359928508701,0.3397456468354818,9
35,0.017797928721510148,0.35788573656812345,17
36,1.231258987406955,0.5126230096680682,15
37,-0.15974892409660074,0.33613085590443575,14
40,0.05340383356570778,0.33875071265171847,17
41,0.17138079986620347,0.32821342715524215,20
42,-0.38819623075522053,0.34647731745956323,12
44,-0.7296107139149179,0.40653563438401896,12
45,0.38363624889541054,0.3701701148010102,23
47,0.5771281210236103,0.37603395397348965,23
49,0.5799898809354385,0.34931103111168954,22
50,-0.30110902744441187,0.33153790704791497,11
52,0.3479097727625125,0.424459313425648,15
54,-0.6065328338689158,0.35362117341930505,9
55,0.3643437247558161,0.3277261796329905,21
56,0.6327767417620908,0.30594351974716816,26
57,-1.7179103770809665,0.464580709545499,2
58,-1.636451861910249,0.45328299972788183,2
59,-0.5535380476096706,0.36836848259107263,13
60,0.028767382284129363,0.33304347854378846,18
61,-0.5739156119154859,0.43324813918150823,12
62,0.3697244159498955,0.367100828315279,20
63,-0.40908432335840456,0.3413419444807869,13
64,-1.2120444781831723,0.4078864927951063,4
65,-0.7207636717869411,0.3814227130452184,10
66,-0.7931518670467338,0.3814984219931883,10
68,0.05368311672021974,0.4191287812575698,19
69,-0.7139394056886269,0.42081527865434565,13
70,-0.35874030614576946,0.34746156955936774,14
71,0.2078798636671631,0.3942487875303924,20
72,-2.4398307850502734,0.575771578717555,0
73,0.5326033986420662,0.3840156773669321,25
74,0.9651693145235095,0.35644582934960073,28
75,0.13376723924886127,0.3211010006278844,19
76,-0.8841131376134507,0.4518933452918003,7
77,1.2899238691054906,0.37913552469168527,33
78,0.05959520868812777,0.3808381425825529,19
80,-0.05844303794269132,0.3793258947003882,21
81,-0.8071887554348665,0.36780505170095806,10
82,0.4846943707341661,0.330167726490163,24
83,0.6019713729406068,0.320137928277672,24
84,0.49097871176394225,0.4470883819149214,26
85,-0.2011274387928705,0.3515359248723689,17
86,1.489524645026428,0.3852425317828135,35
87,-0.8714428324782638,0.406185084254124,12
88,-1.046104799134989,0.39329569489192256,8
89,-0.045858343126814985,0.3406344467010008,17
90,-0.15578289653949384,0.4115183146239958,15
91,1.4584118370352737,0.36882351409069175,35
92,-0.3646249162043902,0.42244827330999785,16
93,-0.0247731207421915,0.3984582902532584,21
94,-0.17570061523079708,0.3907145023360189,18
95,-1.1803126123750394,0.45546583922981604,11
96,-0.05054144981389159,0.3708748327245566,18
97,-0.5878983048425127,0.3672336961942645,13
98,-1.4247690122099153,0.4605862676669774,6
99,-0.543196539190914,0.4067876862087833,15
100,0.4902349870449401,0.3984846917610549,24
101,0.3968628265253052,0.4157516700608057,23
102,0.6290103107426674,0.39845864295069333,27
103,-0.03276020450932044,0.40312500144080865,20
104,-1.027680084443882,0.4076416234109339,12
105,-2.1054797447263924,0.5295066684904708,2
106,-0.15786660336243455,0.3612433722647373,16
107,0.6532801137717216,0.4038898356205513,24
108,-1.0241962513530003,0.37998922470963625,7
109,-0.9278977315777885,0.38961508382621196,9
110,-0.777036613493638,0.368673329404437,9
111,-0.6814195470218071,0.41833080613540935,14
112,-0.9508851896973036,0.4449322912440061,15
113,-0.41274159314343156,0.3708563769546748,13
114,0.00729454554249433,0.41234736695389895,20
115,-0.36295187808050183,0.42280810802521057,17
116,-0.48880651713575574,0.3734084310686113,14
117,-0.9270906160015789,0.39141977968351166,8
118,-0.25835407071451477,0.45532939398815736,4
119,0.37765988540128326,0.31164546629266054,23
120,0.24239458762026186,0.3242438409344322,21
121,-0.4115419415480384,0.4379413798368193,17
122,-0.29997402819059904,0.44751200822312043,18
123,-0.1524293574325557,0.43804427870032914,21
124,-0.3786068173859683,0.45333170298027886,18
125,-1.094242634647949,0.4343362675517739,12
126,-0.5618395768635486,0.388125455428957,15
127,-0.19578437619513317,0.45927787460768155,18
130,-0.08705424833554394,0.42917759967702,18
131,-0.837320396758706,0.3670113474526675,8
132,-0.28516084604555675,0.41443148121315143,17
133,-1.3674290975964176,0.4605352826006334,12
134,-1.2614383506313271,0.46685439264588885,9
135,0.8939679730508138,0.40744497369868904,28
136,-1.5808004495798222,0.4638538593336025,5
137,-0.7011776115093376,0.3911547688697212,10
138,-1.485044953503203,0.47349904678018534,9
139,0.32074159772959143,0.41768278120720076,21
141,-0.1506654577916953,0.3709198961813423,16
142,0.2888275305832839,0.3685691973443228,22
143,0.5431540233397504,0.41977804745948544,23
145,0.5886003397394147,0.34283023527814155,24
146,0.5215682542101856,0.3815723938867601,25
147,0.3695314698183017,0.3411144881159761,22
148,0.5162952264061506,0.39654545492602783,26
149,0.14605997773861798,0.46195800836006284,23
150,0.8303969531105962,0.46242963804902154,24
152,-0.33976510429686035,0.4490618934043794,16
153,-1.345661327354932,0.44676758750706397,9
154,-0.8990385373056566,0.41723748811516476,12
155,-0.07169892987898328,0.34833445040394645,18
156,-0.41407974312557166,0.34554665202815715,13
157,-1.1513210197288346,0.45281231349995055,12
158,-0.6552560460700928,0.45344480328717307,15
159,-0.7624669533329004,0.42287365221392276,12
160,-1.1668292337820074,0.40731756761986715,8
161,-0.9809082977302465,0.40217540059505935,10
162,0.12359354052342261,0.37289615823817723,20
163,-0.2530703845902166,0.3565879393104874,13
164,-1.0188001868188121,0.4728619833044303,12
165,-2.1376142102493474,0.5372010401517018,3
166,-0.27963627523008777,0.4075357695903627,18
167,-0.6771630756841895,0.4456920148214909,13
168,-0.44101967179965473,0.42579943223502453,14
169,-0.38789193802228933,0.3712781360527184,16
170,-0.5198980031713599,0.38501943046486087,14
171,-1.0347835065196411,0.423594279465288,10
172,0.7640441901190907,0.3693981955922025,26
173,-0.20650766254032674,0.42120570369294563,17
174,-0.2966906204432364,0.4304410229367982,16
175,-0.0935276597882187,0.40327356211739085,18
176,0.04924531610045103,0.38602861877375694,21
177,0.9612778113865764,0.32151083905584377,29
178,0.6506720811051951,0.32757724207602457,25
179,0.392319981878525,0.35774213026429813,22
180,1.522576951103034,0.38203037081948177,34
181,1.2924145259473887,0.3814249001273072,32
182,-0.30004116576679263,0.40907902230634213,17
184,-0.18783988561371687,0.3622424667600072,18
185,-0.7451792252651115,0.35743998966374424,11
186,-0.8748373043255107,0.37907940662628686,9
187,0.601754022499755,0.36927145748565043,25
188,0.4313124141099034,0.3741824739701259,22
189,0.4900640481930438,0.375197779209335,24
190,0.808984678744535,0.334708994468329,26
191,0.3607475302000623,0.39191592190982616,20
193,1.562224881083594,0.42569682007490284,30
194,-0.04866146978042263,0.3529739243408259,16
195,0.786004695310993,0.3540981359276077,26
196,-0.2940543770303733,0.34115647523783366,14
197,1.9838766357350412,0.42661656545936055,38
198,-0.04720963932999428,0.3520338556562154,17
199,1.1231213667601512,0.3786539538855414,30
200,-0.06666145043142326,0.42213819749011183,19
201,-0.5095943895419172,0.3764381614346234,13
202,1.8551498134035698,0.38856662150417776,37
203,-0.18367553347586715,0.3510429915013025,16
204,0.38922427258905973,0.380744658394816,22
205,-0.28399401912497,0.3311885143859413,14
206,0.17809115187084465,0.3587198388296146,20
207,-0.09886036667275343,0.3351112791479043,16
208,-0.6198680490674532,0.3846525320965278,14
209,-1.9235936972597305,0.4872504811874137,2
210,2.4442771185101217,0.4671601697046015,42
211,-1.6826318624415193,0.47205063215926724,3
212,0.146875787077941,0.41830426675889604,18
213,-1.2091559285296543,0.40886132466245134,6
214,-1.6353993766699264,0.4811782594860905,6
215,-1.3183693947697595,0.47680293961036524,5
216,0.4369965385735805,0.3837711954471849,23
217,-0.6198680490674532,0.3846525320965278,14
218,-0.9437980038686313,0.4163926661414923,9
219,0.7945227750078317,0.3497511043422276,29
220,0.992934372147281,0.42294586771352377,28
221,0.6551509201959901,0.3277114357489596,26
222,0.6652483407482183,0.3504165124358507,25
223,-0.6152178615134586,0.38551941826358327,13
224,2.6497189254200166,0.4923326529417288,43
225,0.8591497049471042,0.44860369030064223,24
226,-0.8998402998371865,0.37843728737815596,9
227,-0.6560906810190975,0.42018524881563446,13
228,-0.19634211233745436,0.3437413091408897,14
229,0.08019622310127814,0.3326249656994356,18
230,0.1767033613507365,0.34946622734918703,21
231,-0.25839251469163976,0.3416919820263036,14
232,-1.2105929648845284,0.3990086481076309,5
233,-0.6595162700407389,0.36874137766305864,10
234,0.5290672021671934,0.3750364694771383,23
235,0.2789373185306341,0.36508623990865635,21
236,-0.9478393247936626,0.44196954432201596,11
238,-0.31729373969462454,0.3865963719928543,13
239,0.7792920942340539,0.32844896325498996,29
240,-1.7365986079130766,0.45761505349214915,3
241,0.6800022454983462,0.34971570687407505,27
242,-0.4368214611944761,0.36102905756598874,13
243,-0.8915204653740297,0.37538916933227,8
244,-1.441111277452822,0.42351656745837596,4
245,0.44054011787597686,0.31512889329695204,21
246,-2.203126477263136,0.5444127956031596,3
247,1.2144541912849744,0.38203416004357826,28
248,2.5632335860116724,0.4823008178454623,44
249,0.29159752551675217,0.3985941704227526,22
250,-0.27950324087539513,0.3939418529605555,13
251,-1.8615503118089645,0.4840746436180173,2
252,-1.024355596536943,0.3902418077712233,7
253,-0.3355676792706239,0.40145257856157535,15
254,0.6378601434686185,0.36230449401032205,23
255,-0.5088736626759054,0.36397084956825454,11
256,0.3424259010873481,0.3181459395240327,21
257,0.2292949327353656,0.3239743965490479,18
258,0.9635408366665046,0.34155086510220173,31
259,0.4182684985033426,0.33070732095329336,22
260,0.3073321075774775,0.3200641227886858,21
261,-0.745176951084209,0.37703485737446063,12
262,0.2607605016097875,0.36238942448096045,22
263,-0.653379848837635,0.355986801966573,10
264,-1.2698144765811648,0.4279957927672913,6
265,0.24420218181101147,0.3329310073081463,21
266,0.9583336269573748,0.3636388339663848,28
267,0.10840379704961707,0.40599703980938623,18
268,-0.2772588760801131,0.36759207164579966,18
269,0.9847783442701376,0.3442311288729055,29
270,-0.3432380176302188,0.34667685789529923,11
271,0.8490747287362368,0.3585131529352941,28
272,-0.6470855370862384,0.3635956576675315,11
273,-0.4397276080031062,0.40102958232631625,15
274,-0.5026896968646235,0.37254771337743203,12
275,-0.9549657942916595,0.423642651242177,11
276,-0.1384273226188774,0.37104230367094154,17
277,-0.5269529555505021,0.3641360580180763,13
278,0.5788569790530846,0.3731199445394095,26
279,0.2753399915775325,0.371172012175078,23
280,0.45626158430079927,0.3435191997882014,25
281,0.605982097723972,0.33083408912334056,26
282,0.48832719840805494,0.3427143281499114,26
283,-0.14173454609373004,0.3847517397522197,15
284,0.14899717314184588,0.37834142878501253,23
285,0.631390782142239,0.3446006754150744,24
286,0.08706750087135653,0.4051935732804709,22
287,0.11702794117260812,0.3287338790224551,19
288,1.5083381491699615,0.3551552165164002,36
289,0.6501468800520529,0.3735490569391992,27
291,0.12078403739914462,0.3256533162316929,19
292,0.34657739023453515,0.41296640049582567,16
293,-0.24781625171700516,0.35906435263550235,15
294,-0.32477188733869666,0.3295244201694966,13
295,-1.1523646479382035,0.39409737404504913,7
296,0.13567261098106406,0.3281375049607211,19
297,0.3065204059414494,0.39599851667195807,15
298,0.6818770585502743,0.3112798260150721,27
299,0.19759630250245977,0.3123312104487897,19
300,0.32606366807318626,0.4040156465509632,19
301,0.19759630250245977,0.3123312104487897,19
302,0.5752711146544515,0.36236058565606233,22
303,0.8054826376670503,0.3943700749756789,23
305,0.12096699767801224,0.35661705681289607,20
306,0.2554100942975466,0.3095220705340956,20
307,0.4791326881423805,0.3347967392258437,19
308,-1.3137016731935112,0.40927479446325726,7
309,-1.6140235764733757,0.44807813457223256,3
310,-1.1600072357223812,0.39341363878408614,8
311,-0.7449108784033586,0.41092761656666094,5
313,-0.7459699729989316,0.3515420066995911,8
317,0.49595692282430137,0.32784333045026537,25
318,0.4205536319132491,0.3962396527186194,24
319,-0.06993687969014861,0.35937263146306303,15
320,-0.9297812915357047,0.40117918183044093,7
321,0.39223717523708684,0.3122751581694619,21
322,0.6559522447572346,0.32306153754476025,25
323,-2.4398307850502734,0.575771578717555,0
324,-0.8934256327711076,0.36652469778621566,8
325,-0.11408311050152779,0.36053871507348445,16
326,0.42787607458997884,0.3441218473418523,23
327,0.8480203499360124,0.32949455344097794,29
328,0.8833854855940424,0.36987979757183354,28
329,1.007014888709724,0.4335905102476109,26
330,2.805744931633859,0.5177993266752735,44
331,0.453699272174801,0.3270272568974363,23
332,-0.5871328357849068,0.363110933213192,11
333,-0.5241730802033332,0.33542653629636543,10
334,-0.7184975921827214,0.3630042225055234,10
335,0.4022987203323627,0.33063367333260546,21
336,-0.058210757080306125,0.3347118738763569,16
337,-0.2501633954343595,0.3180065649717173,12
338,-0.939614918763603,0.41698748164200994,9
339,-0.890008564786349,0.36525174216749473,9
340,-0.8914017906878863,0.42051577675696367,11
341,0.7648758347803909,0.3444187145623095,26
342,-0.3049944851111445,0.35899273592696984,12
343,-1.5023514896728138,0.43323786524070773,3
344,-1.306948364273208,0.49554972356231897,5
345,-0.41396437729115215,0.3470280350757064,11
346,-0.11432797742404383,0.3267790148051681,15
347,-0.14383267419428125,0.3371386069023381,15
348,-1.1396306148528381,0.4479047857869441,4
349,-0.04268368288794397,0.3478545431353645,15
350,0.4948189533880639,0.38128944145461713,23
352,-0.9179765244407467,0.3668698909964586,7
353,0.2964135994615389,0.3263518821163261,21
354,0.4996301221988806,0.3903425924674774,23
355,-0.5234756927663348,0.3631504408065944,12
356,-0.2721980856336766,0.45940078345683055,4
357,-0.6028989892278003,0.3818543323374618,12
358,-0.21095656455955353,0.3392819408085686,14
359,0.04327940836704319,0.32295448433304896,16
360,-0.09257861967416549,0.3542618082053866,17
361,1.3578931306976119,0.375566116605881,33
362,0.26825794466605624,0.4237637130838223,21
363,1.744090585849633,0.38538187558515863,36
364,0.8731823907931588,0.34101502988462373,29
368,2.6150486494641725,0.4853228121620836,43
369,2.0638931345744713,0.41864377217923004,38
370,1.966577971072197,0.41863927315407606,38
371,1.2611164668816044,0.33104029525379014,33
373,1.0272342961715182,0.3788715724951338,29
374,2.0374212246491297,0.43290437085227634,37
375,-0.2714870080476748,0.34046624690686966,13
377,0.16161940819392226,0.3701771261911792,19
379,0.6099674265866568,0.3660026324247242,24
380,-1.223501673151844,0.39769022448084224,5
381,2.3207147678050353,0.5213416193374522,31
382,2.0035973419317963,0.4416052518504571,38
383,0.7326064874750781,0.334334449997128,28
384,1.206962353202338,0.32537963384146545,34
385,0.6395953891563524,0.32264136602987026,25
386,1.1084135713206438,0.3429157237896001,31
387,-0.5504332604408182,0.33508465165641677,10
388,-0.7482988272555052,0.3738174364805431,9
389,0.9436746074213297,0.4476612991129855,26
390,1.2474312311630738,0.33350651358941114,34
391,-0.522777176758456,0.34801991848055247,11
393,1.2702241232688776,0.3938203972319776,31
394,1.2132359463500155,0.39404915284837044,28
395,1.8814670122733876,0.38587981250146425,40
396,-1.1149853946234807,0.40402645998481646,6
397,1.5567373878590594,0.3691034545305725,36
398,0.846978645326712,0.3255988516915127,30
399,0.7992332252399666,0.3514772965927711,27
400,-0.5362401553478271,0.3452289179130314,11
401,0.9324837844920097,0.3984803933490071,29
402,-0.035705646524544485,0.3359144554920738,18
403,-0.20959236240673546,0.33007557093123796,14
404,0.02335737182740757,0.3420874845298074,18
405,1.2820227609518562,0.3575340593611095,32
406,-0.8829379016973077,0.40549960095117366,8
407,-0.10445786397801836,0.3293812830496193,16
408,-0.6511311964269096,0.36731483090555067,12
409,-0.3708606931118284,0.3522851321567626,9
410,-0.30129844405120826,0.35003700564644946,12
412,-0.04919190330604191,0.33420764068961545,15
413,-0.1339614223376053,0.36943146813865124,16
414,-1.1545252951271316,0.410055221661116,6
416,-0.8051347495290327,0.3698904979370881,12
417,-0.842303799764842,0.42981005371976505,8
418,0.08026826612654132,0.3702319726285252,19
419,0.23860403752030088,0.36754211157983246,18
420,-1.2757339982457945,0.409382379704613,7
421,-0.9119786832205561,0.3948569674550947,10
422,-1.0486657091295863,0.4027917494492512,8
423,-0.34544283297873224,0.368460533933548,14
424,1.0881209003193753,0.32793241001664963,33
425,0.2519057046822287,0.33302466798372565,20
426,0.2218397259730514,0.3318385559105929,20
427,-0.1759823777598341,0.3902717101221413,10
428,1.1264233424364118,0.3612866636105917,30
429,0.7970948488817537,0.35447968186109036,27
430,0.9847915840620518,0.3305446736946939,30
431,-1.2787904480838703,0.4174925025910109,6
432,0.43608801300026845,0.3435398706616384,24
433,1.9058423675260368,0.4265666594713221,35
434,-0.19756212127712566,0.37006591979245707,15
435,1.370691272924582,0.3600999398592156,33
436,-0.4060914562179599,0.3801563459192085,13
438,1.2500291657052192,0.4148439206538768,30
439,-0.7866405966341908,0.3570438328098379,8
440,2.259036372504486e-5,0.33108778801918215,16
441,-0.7143377851921806,0.39086569035142654,13
442,-0.9551407919740319,0.3813155955714188,9
444,-0.46869880179582024,0.431624093957306,12
445,-0.7595515213498556,0.37307241936969304,8
446,-1.402782797989558,0.4314336686448857,3
447,0.9713192405183357,0.3236937027272535,29
448,2.178322981677627,0.42999983933660824,40
449,-0.38062561759453434,0.33441777748201384,12
450,1.024824362520346,0.3327289699337114,31
451,-0.8480304398669007,0.39563796155211134,11
452,-0.14112112407087776,0.36595239573703775,15
453,0.8013028194934445,0.3540991084065093,28
454,-1.4508512322934815,0.4244748900692369,4
455,-0.7625546083760774,0.4776502099108982,10
456,0.006601727228571962,0.3471148676101639,17
458,-1.764745300486375,0.47203166945417124,2
459,0.9161431595833051,0.3849277626662516,29
460,-0.7918380881624921,0.38816778635651955,5
461,-1.2175631991945077,0.39506672177324337,5
462,-1.864951804596064,0.48432294568606415,2
463,-0.8351165357851167,0.4064277701736039,9
464,-0.33790570196418707,0.3447178556304292,13
465,0.10615395834084047,0.38545303776344475,18
466,-0.6899725677745074,0.36762094744830476,12
467,0.24433359488253334,0.34948633176198085,19
469,1.538988685081176,0.38694671153157134,35
470,-0.10712992441538373,0.3605540022350522,15
471,-1.0361741507847457,0.3882472705148397,7
472,0.7012234840361485,0.35731785915424363,29
473,-0.39350273603054464,0.3623876242437659,17
474,0.600122582240925,0.3546420584259881,27
475,-0.3369797512162442,0.3520059225765732,13
477,0.4198735669335144,0.34815381045303884,22
478,-1.5138936944969328,0.429719070453696,4
479,-0.38162887673154117,0.33395737114021,14
480,0.22142888208712094,0.332945609994811,22
481,0.5368830819340729,0.32258292693218027,24
482,1.1775047934695884,0.3680332432927849,30
483,0.19037461917828846,0.3535388444451221,18
484,1.1196167100251033,0.34612381511088597,31
485,-0.01764250985925351,0.3617280674310638,19
486,-1.2293950127716675,0.4021985650019938,5
487,-1.0134645601387362,0.3871404829036479,7
488,-0.37561547663362604,0.32878365378506,12
489,-1.1405337557346187,0.407551031759335,8
490,-0.5831037569631022,0.34915469286914164,11
491,1.4433488259046479,0.3615106090608519,34
492,-0.7400512064131427,0.3628096177733655,7
493,-0.4748655060277191,0.33413654713152774,10
494,-0.05518719271914668,0.3780135577144315,14
495,-0.012477088202681971,0.3477231977340691,18
496,0.7723886754789662,0.3529235052316501,25
498,-0.46298191087639884,0.36060726586814834,12
499,-0.4323082714297249,0.3584614301862616,12
500,-0.12970524692335136,0.32721961108136294,15
501,-0.7469499446529937,0.36308777082276206,7
502,-0.04872934992737149,0.3371269690790513,17
503,0.6735174854712086,0.32506167156237825,26
504,-0.7210460129383759,0.3654306538054872,10
505,-0.9711304091509886,0.39074144792551524,7
506,-1.8512920057534654,0.48287173465573,3
507,1.0052324664462116,0.3595186460586532,29
508,0.6080933137276177,0.3958988741106091,18
509,-1.4875828384466057,0.46473265572448114,7
510,0.47867491800430734,0.3080396416117103,24
511,0.45116480469224346,0.35003206531526065,22
512,1.2262805424213348,0.36434987896976656,32
513,1.095987576455982,0.3426210230227052,30
514,0.2825233386779699,0.3532802557651634,23
515,-0.6490700566683316,0.3828684473669798,13
516,0.4966140978207137,0.32919107926769536,24
517,0.9462982192246864,0.3327671847017281,31
518,-0.6010590107704686,0.3688814818061957,11
520,1.2781339209533478,0.3649259144095033,30
521,-0.9843179073034305,0.4052950373249286,10
522,0.12214243022593084,0.3544848078384441,17
523,0.1912580781689776,0.379471865672818,21
531,-1.254013866481487,0.43283856043469826,10
532,-1.5126899638008942,0.43419237069109895,4
533,-1.669131335060784,0.4724109748317363,3
534,-1.3774834902084698,0.4199336606966522,4
537,-0.6911264102746681,0.3757132293405666,11
538,-1.8260629644223318,0.4816070178431976,3
539,-0.16907729211186415,0.3504363581984831,14
540,-2.4398307850502734,0.575771578717555,0
547,-2.22715493296257,0.5448269669110914,2
550,-1.470495522331188,0.429547835703411,4
551,-0.08973299752678233,0.33894757201840603,16
552,0.1554336049650523,0.3318592382278616,19
553,-1.2999315436422871,0.40891506886493717,5
555,-2.22715493296257,0.5448269669110914,2
557,-0.8154570527154817,0.3802082373821459,8
558,-0.4926323957772764,0.3363206791106543,12
559,-0.7641637206540396,0.3901251054290175,13
563,0.5609956584247798,0.35010543855872195,24
565,0.6038142278535116,0.35851873825101654,24
566,1.0547380048924782,0.3776542454813486,27
567,0.2160278932009427,0.3368169265462148,21
570,0.7375227208105894,0.32412024831621455,27
571,0.013928569986243379,0.3384529152622348,19
572,-1.3360950352104566,0.41736040949113085,5
573,-0.6183429464718793,0.3506164482175866,12
574,-0.4647891473217441,0.33339663410854914,10
575,-0.2681651145348133,0.31858646777699207,13
576,-0.45731352447673973,0.3383580390098095,11
577,0.056118446847490504,0.3429124005834875,18
578,-0.4289115163758705,0.3454540617029004,12
579,-1.0594119381350353,0.38743408811641283,6
580,0.136673473437551,0.34060897408614266,20
581,0.6261332604712736,0.3265208631295437,26
582,2.774305390573341,0.522759787218975,41
583,1.3795441304528282,0.3653296111643143,35
584,1.0141782687699494,0.339806161112583,33
585,0.1632673017122003,0.3618333011921099,19
586,-0.19643787534879828,0.32901735232648427,15
587,-0.5559075655415424,0.3434218243763172,10
588,-1.2045643231581726,0.42638169435975193,6
589,0.4166793888221094,0.32245077892345547,23
590,-0.6626953858057786,0.3658367363075311,10
591,-0.5785939999764613,0.3802716316624257,10
592,0.5570538335269822,0.34505845822927117,23
593,-0.570343027510387,0.34840374093434556,10
594,0.05248712207186086,0.32248328839764345,17
595,-0.7083529857837503,0.358883805805451,10
596,-1.025609837607469,0.37906569749384633,6
597,0.7219839192126035,0.3782109277803402,26
598,-0.006621690850888179,0.3379158726290668,19
599,-0.32800185235140006,0.34434872468442473,14
600,-1.0406694748822918,0.38691545524672544,6
601,-1.5173449696341275,0.43435008482862325,5
602,-0.5243987467747337,0.35617707720687947,10
603,-0.0710485837893895,0.3821034431901527,17
604,-0.1702261730160235,0.37141274492173726,20
605,0.2757301518309904,0.32685078567197984,19
606,-1.9456962700922196,0.4920845410912874,2
607,-0.2209590410426943,0.3552929060228688,17
608,0.7540572500319078,0.32469277684589953,26
609,-0.14152670040494225,0.3372172618644392,17
610,-1.025459435687473,0.4514162983205405,8
611,-0.36866073747384753,0.3748323933080257,13
612,-1.0793550404196142,0.38177088594290265,5
613,-0.46194796730485443,0.36035721011851984,13
614,0.8728484479986615,0.37080904996042585,30
615,0.5180411074934375,0.36829640469988467,25
616,-0.16298849216296635,0.3460918670065698,17
617,0.46622682227134504,0.33793717410596047,23
618,0.4796059226672907,0.3433630061610645,24
619,0.21731246041735486,0.3424768221362843,21
621,-1.1189149835945824,0.4063192775959728,8
622,1.2530047067363497,0.3485426339705005,33
623,0.9825465544697515,0.37020192597053,28
624,0.7275089078385908,0.3867461888124661,26
625,0.4658687035416504,0.32760437934231873,24
626,-0.30283149762330297,0.3426926949067974,14
627,-1.2326042190543776,0.4187843361729197,7
628,-0.2351041571062997,0.43725484513127766,17
629,1.3113585220271748,0.35336348440200455,31
630,-2.282192356109723,0.5482068867006148,1
631,-0.38049884376557125,0.36718207861133956,13
632,-2.282192356109723,0.5482068867006148,1
633,2.898057976697966,0.5451902034980765,42
634,-0.40345082963748274,0.3472721257752119,14
635,0.24064969852718612,0.3221217227922847,18
636,-0.49240395048061764,0.3521325305186037,13
637,0.08160091781060287,0.3534739358627004,16
638,-0.7122912796004766,0.38080888881735375,11
639,-0.047605088679245185,0.3595425779807225,18
640,0.8477054066489637,0.3693125193714672,23
641,-0.8720665671176502,0.3793608421589759,10
642,-0.03648600171649063,0.4001955556785782,11
643,0.46082210185879113,0.32838712300983663,24
644,1.2431890605100218,0.37655812155556395,32
645,0.01876291517284173,0.37200772200457233,20
646,-0.36615569677610277,0.3958994984039829,19
647,0.08426239454202715,0.3382008008498798,19
648,1.156225695864961,0.37423795488534956,32
649,0.5476090957242239,0.3380135903501591,26
650,1.1651179815492105,0.3244509688736369,33
651,1.8354774618547507,0.40893667764103014,37
652,1.0744668725632993,0.3631521204960202,31
653,1.232779635651043,0.3548774236114985,33
655,0.12889748524559766,0.3462301816909309,19
656,0.9882863427009159,0.34454175555999805,32
657,1.309193608127403,0.40342218398929935,32
658,-0.18320101013262827,0.3963955628401802,16
659,-1.2667047964232956,0.40301398408093686,5
660,0.8854746475617272,0.35907819573273714,29
661,-0.23085929893215035,0.40231264582074294,18
662,1.549874250551767,0.43551531590666226,33
663,-1.4455866036475788,0.44218573074914413,5
664,0.4764035430736896,0.38936712383909794,22
665,-0.9278552060567209,0.37798810525632226,8
666,-1.3706466384264884,0.4647551851377207,7
667,0.31203958845560736,0.46561482486761124,22
668,-1.4407270707343158,0.43448578359421874,7
669,0.7622214644244524,0.4361703436960168,26
670,-1.3076331709281186,0.4670192065036537,9
671,-0.8410191437393296,0.40359082261915585,14
672,-0.18223507810130993,0.3771435894369656,18
673,-1.5600519148283054,0.4494960631265989,5
674,-1.3489522616396057,0.45785503618347023,12
675,-0.8104628669295995,0.4539062556870305,11
676,-1.1274411093973045,0.4204178925815281,6
677,0.2270987043756162,0.35856925665596495,21
678,0.16361254253676102,0.45202239989683496,23
679,0.2293175743997966,0.42656747835680664,23
680,-1.4128476311673088,0.4446616053488741,10
681,0.5406018298948289,0.43619257578917814,26
682,-0.07588557315414525,0.4262294905706866,20
683,1.3432774088240824,0.40890563256619733,28
684,-0.6879956181314584,0.3708951380767634,10
685,0.08469244354472275,0.41771926042253277,20
686,1.6153674153185067,0.4216038115043162,36
687,0.78544683701812,0.3926102742722981,27
688,0.9261615953588835,0.41489927654825187,31
689,0.0666808317690278,0.3683843421289949,19
690,-0.5880020628336997,0.3725972214890694,13
691,-1.0205747511307266,0.4509289626038891,12
692,2.121568183522034,0.44910775819155485,38
693,-0.01930380838806686,0.3597843329371088,19
694,0.6536056286763587,0.37957401475911906,25
695,-0.8805306041945021,0.38529532512975023,8
696,-0.23720708214528546,0.3570954959529703,16
697,1.2080677742624781,0.3800159451459384,30
698,-1.6067596060457257,0.44674400878544235,3
699,-1.9020398590501992,0.4982649278635193,4
700,0.0802603823539194,0.35946838981941076,19
701,-0.5323508963068444,0.4130282004669743,15
702,-1.47266994039031,0.4510676724070461,7
703,-0.4698671524875821,0.44655132755742,18
704,-0.704351133518414,0.430901218491236,10
705,-0.4228576075494425,0.357750305231149,12
706,-0.4261238060100385,0.4030562455186043,15
707,-0.060439976185134,0.425081632343139,18
708,-0.457218566267874,0.4030290204278401,17
709,1.4119083441176188,0.3689646969317643,33
710,0.22966262457979383,0.41699167506677587,24
711,-0.6409262470771215,0.37405585447881873,16
712,0.311788837926796,0.38874206845501674,21
713,0.08068624045512077,0.3884842045183547,21
714,-0.5825491604604273,0.3570728671738547,12
715,-0.16769939287213406,0.3579202038029484,17
716,-0.7689756689227877,0.36766081353764346,11
717,-0.0821132501378091,0.38162270169987955,19
718,-0.042835231587646495,0.3804610714227453,19
719,-0.27584080519410004,0.4126343736163385,14
720,-1.0970279176083693,0.38571010479059276,6
721,-0.7733392791362734,0.3720171892082761,11
722,-1.5196202420761613,0.4343421791437018,3
723,-0.19185056679385515,0.3444328105757808,16
725,0.9740635020785743,0.3832651309539748,26
726,0.5059091868685379,0.37818116258804557,25
728,0.23257728731533525,0.3603148815974537,21
729,-0.7980830344047488,0.43069633772480753,11
730,0.33272245741505607,0.35943706502812023,22
731,0.32572533504338425,0.35064462238118577,21
732,1.0317172867819644,0.3752907390024469,32
733,1.740547507744906,0.38616195659041624,38
734,0.42088230123343096,0.32658620338612293,22
735,0.643342187148028,0.3329819214797875,26
736,0.09378554483164298,0.3455174508785248,18
737,-0.9083394614977456,0.39046440614984096,9
738,-1.8135393767628998,0.4757159854273294,2
739,0.3953572654057103,0.3687170318012758,24
740,-0.4511417100970441,0.3502300025669199,14
741,1.6759560087764795,0.3921163343683675,37
742,0.10027996127438844,0.4369756578998069,20
743,0.9063689079387589,0.33379907698920647,29
744,-0.03146283727789869,0.34740863226038154,19
745,1.7977546670297813,0.40425143013272924,37
746,1.4720790616316266,0.40056770693871874,35
747,1.1701473314007658,0.3389796526173103,34
748,2.177895521839848,0.4613394135740043,40
749,-0.5572931930830619,0.3933268658504549,16
750,1.2719350585134708,0.3757771650958986,34
751,0.7661450340625361,0.3575786473086453,23
752,-0.438491948439454,0.3655776341330282,15
753,-0.5610949290220084,0.3923560230419311,12
754,1.053425685015858,0.34159425550130046,29
755,0.1506190772691106,0.3281779319385161,20
756,1.282843876662463,0.42331304357315314,30
757,0.5396234944600655,0.37355015215032056,24
758,0.8271292939089551,0.33309328490091994,28
759,-0.2883049411386793,0.3764919784091202,12
760,1.2383946859870147,0.3248951190616548,35
761,0.03556481694510207,0.3384670827166721,20
762,1.8173321185317337,0.41328929656183877,38
763,1.0107171516689362,0.3908613156197359,29
764,0.10241428660809311,0.3517436712777517,22
765,-0.6379942737323194,0.3835132753587366,12
766,0.29469995841238944,0.3380093888880675,21
767,-1.1552792559282303,0.38772680110052044,6
768,-0.01013806456682747,0.37087224602753177,19
769,0.5283060554928617,0.33153387082123303,25
770,-0.0702390629306959,0.40069161521154834,20
771,2.5525063125095766,0.4834212696362357,44
772,1.178584291018927,0.37707871202892085,31
773,0.2588685056745646,0.35065158977728683,21
774,0.8849775798700575,0.40599763856251236,25
775,-0.3285266828637024,0.34273812652142993,13
776,-0.4955312636644207,0.35576161321807387,13
777,1.3782673871073892,0.37759290458272554,35
778,1.1741656657127164,0.3892697729525152,31
779,0.8833155369175414,0.3312321189037523,30
780,-1.0635033380108145,0.3933780732564246,7
781,-0.5376950196055726,0.4162166291953888,13
782,0.28974634891462236,0.32790734148507983,21
783,-0.26236377105016934,0.39800382035029386,16
784,-0.308649676642688,0.35199745070533067,16
785,0.07077307482435143,0.3481711021648481,20
786,-0.32358595307863136,0.36683539378582836,15
787,0.0717780511979487,0.4198097747648543,21
788,1.464442483708933,0.4150662391316208,34
789,0.07014858157956157,0.42304975074202605,20
790,-0.14255579671318036,0.417910802291949,20
791,0.7017980851886638,0.3382929118472867,27
792,0.4403894705686976,0.3920182558714216,23
793,0.2952130693403247,0.4506317289644726,21
794,1.0510751933747382,0.3769805300776204,29
795,1.719350248129289,0.39524863008633226,35
796,-0.4699986963709621,0.40217644130497787,13
797,-0.1473703572517328,0.35381475944200763,16
798,-0.18488502689963332,0.3383323124393344,18
799,0.7221303161679173,0.396243850607008,26
800,-0.02389224507678039,0.4015638941267359,19
801,1.3479175459190693,0.3686713664997637,33
802,0.5855873204429853,0.3502638478154858,26
803,0.24970747370298216,0.32105974226742273,20
804,0.13561315418759784,0.34368271042090054,19
805,0.727865577334401,0.34428049065788896,28
806,-0.3126774501681115,0.39844375825985,15
807,1.4326306402136213,0.3551389897273909,35
808,0.5411488056723817,0.3188659585672556,25
809,0.2221395718585012,0.3788813511639005,23
810,0.44775952108787076,0.3930337251396538,23
811,-1.6550594167443604,0.481187012105732,7
812,1.1339094909364638,0.3605614716658861,31
813,-0.2539281959986853,0.38653298969883587,18
814,2.2306377398294304,0.442170293770147,40
815,0.058987662967960194,0.3615100577503917,19
816,0.5182295128735603,0.4176285986876162,24
817,0.3689622887808556,0.33600448096613394,25
818,0.47865167398395214,0.3996291156131757,17
819,1.0496196810720555,0.3690702992569188,30
820,-0.4533277912244013,0.35628415948035125,14
821,1.83619497558028,0.40688500114489873,37
822,1.4678910668562946,0.39837075199393696,33
823,-0.07041984572158233,0.35812073808640743,17
824,1.4812076901646494,0.384887377932268,32
825,-0.011192299652746571,0.3818434707066617,19
826,0.6176037318807737,0.3449983659872887,24
827,0.8001201870085403,0.37851595112502173,29
828,0.8074389148654731,0.3679339010251426,26
829,-0.548657193978113,0.3622593299896864,12
831,0.5996116425991558,0.3424259111294215,26
832,1.0562387043653776,0.3702021143345006,29
833,0.7028054044928363,0.3520140361074023,29
834,0.38738233688692303,0.399926721845436,22
835,0.30674316544214675,0.38290373451176307,23
836,0.9363873489795878,0.3447095822348801,32
837,-0.6181098190386075,0.34267197934235116,11
838,0.7242963839808602,0.3348019327975626,28
839,0.4354697850714432,0.34945092413836,23
840,1.20318539068338,0.3614634890053717,33
841,0.46274841560991886,0.3387854761322981,26
842,0.008089604356181791,0.34693647442656633,18
843,-0.12496859760396666,0.37506789794535234,16
844,-0.807035448699072,0.41868934539766084,15
845,1.3574714775198071,0.3498028841411694,36
846,0.010986075962916682,0.33854186587822127,17
847,2.7079291882913563,0.5120537733816954,42
848,0.13997137370334767,0.3539854358026383,18
849,0.24626730720436382,0.31922047809817944,21
850,0.06594242670838633,0.35327841052405023,19
851,1.744348773977656,0.40051054049327095,37
852,-0.536674761610511,0.36242056980672754,12
853,-2.22715493296257,0.5448269669110914,2
855,0.7401759671805701,0.34908259609532183,24
856,-0.6658794611452745,0.36531329893557285,12
857,-0.305069217609988,0.37299349896017137,14
858,-1.1257942111550794,0.4187522942462333,6
859,0.27084542942022716,0.3452336701611823,21
860,0.1453116469755351,0.35938063948275345,19
861,1.3037816711830394,0.3591937881333643,32
862,-0.4305843310552401,0.352726767484955,12
863,0.21970054639705783,0.40580392969348095,22
864,-1.2070491511334724,0.4028160441108949,4
865,-0.6849000135249942,0.3747141395120296,10
866,0.8590651975330733,0.3902881078925551,27
867,0.539265727515217,0.324797631807328,24
868,-0.32505196825961874,0.3870741880888667,12
869,0.12769959651698035,0.3581451027841442,17
870,0.979947250582572,0.3934674327514048,30
871,-0.8092853714758714,0.36383439824027386,8
872,0.03443127282244937,0.3627592736744199,18
873,0.9520213515583325,0.38962069838515345,27
874,-0.23443262908839183,0.42401035339568577,19
875,0.3396512453304482,0.3908890082948476,23
876,-0.5199891614855087,0.355564478358618,13
877,1.6214236082243338,0.4097989813077536,33
878,0.687238714031158,0.39050644432697496,27
879,0.6035929699656223,0.39775707571899266,23
880,-1.5229588957272044,0.4418561174890609,5
881,-0.27706403706724914,0.35441090718163504,14
882,0.4262814452096484,0.31431790712512836,23
883,-1.5077439897381928,0.4335423497744464,3
884,-0.8660892183961326,0.37744991162081515,9
885,-1.1722286315942223,0.46809130081413264,9
886,-0.18413975409527944,0.384736831985311,16
887,0.49988537597906596,0.4331674692744052,25
888,-0.9137612594615719,0.37591082635062834,8
889,0.8347749898359876,0.3244022108643337,28
890,0.021531779482649508,0.35696557869912304,18
891,-1.5752695439594855,0.4486884969851249,5
892,-0.4011149663075029,0.33988644835459886,13
893,-1.618032407944253,0.4718556220219697,7
894,-0.8616880725244411,0.3922762789690513,10
895,-0.6077064021872751,0.38399374147802506,11
896,0.034548300636471165,0.3573046483774292,18
897,-0.8644796162654624,0.38530256360724896,9
898,-1.227887697858937,0.42376921375269977,8
899,-0.29272327970329914,0.34329878137885933,13
900,-0.4428530282902893,0.3940436721252383,16
901,0.22614755702177225,0.3576054487603519,23
902,0.5848185520387568,0.3791383530414876,27
903,0.7081205346486334,0.3660595856798343,26
904,-0.2139868625703023,0.32972511345171224,16
905,1.9372259564727392,0.42913992783610266,37
906,1.8138246041269497,0.44745736614173437,36
907,0.5427254303783564,0.32813602462055824,24
908,-0.7186046236447187,0.3694264280223498,10
909,-0.2590770833744316,0.36020114881678483,14
910,0.524090900854028,0.32832879923880226,24
911,1.2136268026262655,0.3930652108947244,30
912,0.07997174795315092,0.3537812494987287,16
913,0.8978375902902777,0.3657928751238919,29
914,-0.30271459409010787,0.35268722780292466,15
915,1.8859425362534104,0.42777173875652247,36
916,0.7507483278826198,0.34087644427952835,27
917,1.744815738662928,0.44704637604945296,36
918,0.8353523017018767,0.39868533321401867,27
919,1.2413065754194823,0.3586923939461645,32
920,0.1999013941331569,0.3550692320596888,22
921,-0.12793358520525636,0.3549537641750913,18
922,1.5986964575649676,0.38030611745022935,38
