id,gdist
6,-0.6798806205667453
10,0.34266587155077355
11,-0.6286253044733252
12,-0.9345596963424799
13,-0.18985605133311953
14,-0.22211206504279968
15,-0.47416214776778876
16,-1.7029985230896207
17,-0.5752313201739785
19,0.6550083294726811
20,0.32402184207011675
21,-2.1915072196600995
22,-0.9965061365503824
28,-0.17970387916463507
32,-0.7635671219982243
34,-0.7018666147969528
41,0.4381359132247765
42,-0.5225634983245148
47,0.38092668200636187
49,0.7370975487481555
50,-0.8721009325769564
54,-0.5656604524443494
55,0.22655056927642658
56,0.1806358128709392
57,-1.4690304622635293
58,-1.2359247810957257
60,-0.6812137968450402
62,0.36865796109265697
63,-0.8416688101750819
69,-0.468630080142113
70,-0.2667883052800934
71,0.32059652018660667
72,-2.082484106021848
73,0.6260454751132619
75,-0.2035864456167353
77,1.4228385799457703
80,0.4672521045209469
81,-1.1743856678657292
82,0.33962304789762393
83,0.21394758867033822
84,0.49748310563172105
85,-0.3570748608294718
86,1.5933780394842048
87,-0.6008516773159048
88,-1.2350718451698772
89,0.44458582941008085
91,1.6419640431979226
92,-0.33146190567194606
93,-0.04409345840457795
94,0.05830913128989735
95,-0.5253112250211229
96,-0.2801938449065885
99,-0.6470629418672005
100,0.5787660970953007
102,0.6586580236165923
103,0.3732722966261967
104,-0.5102562518481797
105,-1.307642467333844
106,0.055506227930116614
107,0.07027661105313869
108,-1.1479744898403903
109,-1.1599935066491145
110,-1.0930431287829543
111,-0.6241341030692803
114,0.3160376670977643
115,-0.15375892411468073
116,-0.3938012268575979
119,0.7947847581975019
120,0.008338985113294901
121,-0.32628734551650385
125,-1.023374962809239
126,-0.9327678403696398
131,-0.9722510530830732
132,-0.18986675100499806
133,-1.1263562431677165
134,-0.8044966846194721
135,0.9326996611197182
137,-1.0773301522415295
141,-0.24825871570867203
142,0.037305174716557955
143,0.18290652556880987
145,0.028065260284856803
146,-0.09640644753505766
155,-0.3995025676426467
156,-0.6628090923668759
158,-0.25695636414748835
159,-0.9210082010814737
160,-1.3226882525007548
161,-1.1541858449644278
162,-0.31309639165877123
163,-0.6681538976414714
165,-1.5710143605483102
166,-0.25936616865058165
167,-0.3184832939036057
170,-0.8295148267234386
173,-0.6073815970131355
174,-0.9169017883593263
175,-0.6121037833185098
176,-0.44799006944396325
177,0.7916868253952942
178,0.6469706920170512
179,0.13580287809065825
180,2.021320511017385
181,1.3634734109910513
182,-0.23874782721910406
184,0.06495668938268244
185,-0.4845723337983141
186,-1.064972444671083
187,0.5975901960026886
188,0.8568112591903685
189,0.9962732649341348
190,1.1963914839617684
191,0.8338947264311263
194,-0.05540230262415488
195,0.46224679931933227
196,0.1420134656312715
197,1.4060112509937088
198,-0.06602271756974214
200,-0.44521170066423876
201,-0.034059649163516184
202,1.5486851983619039
205,-0.4657874256587784
206,-0.14861303899459305
207,0.14594360464571035
208,-0.19281515534370838
210,2.4565727103502644
213,-1.5855582589431312
214,-1.8773220364329979
216,-0.057031514067170865
217,-0.253730019648686
218,-1.0724848052383766
220,0.9697599247393779
221,0.6339109081128151
222,0.8033727374985645
223,-0.44534667769011266
226,-0.8112473805253061
229,0.41141776491401166
230,0.2839282411971874
231,-0.04615870408973427
232,-1.4063775722306127
233,-0.9476374465720099
234,-0.071809060149459
236,-1.4620861129542742
239,1.0410560590664995
240,-1.895280429772053
241,0.6901805399194997
242,-0.6595499492121847
243,-1.1527980635361497
244,-1.3307182464052
245,0.02924779279765354
246,-2.2866692683565
247,1.400360425614484
248,2.039398488969736
249,0.0030013644085320652
251,-1.8493063118591546
253,-0.23481737796738752
255,-0.4801242617397622
256,0.4349577411407797
257,0.16435249667993665
259,0.4786841240745151
260,0.5894966930983545
261,-1.2273979217899351
262,0.3610550986597017
263,-0.3162295746958431
264,-0.9816237596698251
265,0.4099714280108291
266,0.47725074109409404
267,-0.11261848938581946
268,-0.0018869689597892508
269,1.0519434433340702
272,-0.9741920879902659
273,-0.23027987399195143
274,-0.8635916056857069
275,-0.8486960022681319
279,0.2681203751502613
280,0.5848134840291357
282,0.01055281389569726
284,0.16147576627658405
287,0.25522018902273685
288,1.5401608640505466
289,0.6714549387315543
293,-0.1356961689161254
294,-0.6070034810013268
295,-1.4560940522985149
298,0.2375843821956637
299,-0.04147275627352367
301,0.023915662248460468
305,-0.32051959166831695
306,-0.023544407435207637
308,-1.1705846963995947
310,-1.117600514377822
317,0.03325706198813295
318,0.1295272595703725
323,-1.943386674753591
324,-1.1693406525034267
325,-0.5046972215409461
326,0.060653374655802644
327,1.1210364235904056
328,0.6989282391302151
330,2.461040369407567
331,0.3645550218663137
332,-0.8917661098318328
334,-1.0520235749646343
335,0.5069153179418379
337,-0.3197374361977263
338,-0.502581880963476
340,-0.5307759560697107
341,0.7939009728044288
342,-0.564249675905609
343,-1.8444760589977194
346,-0.5942146920144084
347,-0.811989292441936
353,-0.16342303321647958
355,-0.9661466710372322
358,-0.5939813806149131
360,-0.37013488455470395
362,-0.05703569138487813
363,1.8442934094242651
364,0.8454722771261437
368,2.0084872516691674
371,1.318044203668577
373,1.140523098579924
374,2.123375462247118
375,0.03930796442337831
377,-0.44704519265028203
379,-0.09329636039567041
380,-1.630884199094224
383,0.8763009474234291
384,1.0434434161014652
385,0.7543395093558213
386,1.356250093408094
387,-0.9670096915484175
388,-1.165642430234122
390,1.332971454391033
391,-0.8278944235042763
393,1.3456177049094447
395,1.3511484471800728
397,1.422180172006653
399,0.3375462640680459
400,-0.37150857209608557
401,0.302138227623958
403,-0.5379257648237061
404,-0.20851847061823964
405,0.5647529491439803
408,-0.44523458143901085
413,-0.11949273745743041
414,-1.6656477826248255
416,-0.3476193307740229
419,0.19891726859186867
420,-1.3323564463305253
422,-0.846136688635097
423,-0.37439503559899934
424,0.9738381763745473
426,-0.12966575079876158
428,1.2338328915040369
430,1.2280861536256378
431,-0.8729529072389626
434,-0.0958533450315387
435,1.3140872806280757
436,-0.13700090113680474
438,1.09020277055161
439,-0.4909508808927429
441,-0.2483180981282811
442,-0.513991995828115
445,-1.4032151849569368
448,2.3274669571336806
449,-1.0608184374291167
450,0.4849127047277629
452,0.13296255112578648
453,1.0788169404572536
454,-1.9215026017386863
461,-1.0928736743162153
462,-2.0784478629143512
464,-0.4818677838022244
465,0.09206144279631365
466,-0.8495131738476085
469,1.5164258314627912
471,-1.160051255604507
472,0.5496553715982339
473,-0.16837342100831756
474,0.46357434149887206
477,0.353120653173347
478,-1.7864008404560752
479,-0.556879317541375
480,0.11865865694230084
483,-0.2787921765192111
484,0.5101496597730054
485,-0.4247342399928445
487,-1.3546254768690618
489,-1.1013455516677748
490,-0.7944139679532154
491,1.1504313263655404
493,-0.5920436138215613
496,0.7624589315492761
498,-0.3008660427096087
500,0.06615530037142058
502,-0.4626144817520955
503,0.5943952367861068
504,-1.324863464686904
505,-1.2801472489844241
506,-1.5176746583015643
507,0.4809448174415156
509,-1.194851425144605
510,0.40315392743749046
511,0.5755479504642073
512,1.3588070956583223
513,1.180767906557874
514,0.5054765142600809
515,-0.5202077577601206
516,0.46060211367586806
517,0.8393798715778561
518,-0.7470394634170286
520,0.8385612837341954
521,-0.8475348318290502
523,-0.3235721741427214
531,-1.3744485439790726
532,-1.4063010993838174
533,-1.5094525276564956
534,-1.371819458342652
537,-0.7429762804720288
538,-1.8451386769253721
539,-0.7267383472659358
540,-2.5110987505343196
547,-2.1649533881768908
550,-1.7625326943406945
551,-0.43401607471622294
552,-0.348423863293042
553,-1.3779108835087523
555,-1.7643298085774077
557,-1.0904937114409796
558,-0.9771083093204644
559,-1.0954865250254011
563,0.1544221899185183
565,0.9969009917744512
567,-0.22982221704277556
570,0.5586699520703143
571,0.050633599565920624
572,-1.556262073227806
573,-1.065510417302366
574,-0.8184641630980224
575,-0.621546474282447
576,-0.7122705393400893
577,0.13142319898839874
578,-0.6337613871947387
579,-1.09951507463068
580,-0.17629829277696596
581,0.32962762831292686
583,0.7759482593371955
584,0.9215629907223943
585,0.149391246983732
586,-0.5242898764137455
587,-0.7661111670729828
588,-1.0421972545832598
589,0.4586606584382048
590,-1.0438622569086804
591,-1.1549828866362635
592,-0.26825806094763016
593,-0.615234892486261
594,0.21732893195683808
595,-0.8925958214179041
596,-0.9892491839747601
598,0.14215240689096964
599,-0.17378887293655262
600,-0.8063694590518925
601,-1.2381502586542452
602,-0.19449026084914728
603,-0.15186887973264895
604,-0.11489816370452566
605,0.1538841164342464
606,-2.1329342694271918
607,-0.6095918352164514
608,0.16345001988767985
609,-0.3409190985815687
611,-0.7099578494032518
612,-1.3826352374040567
613,-0.7867737403463672
614,0.8008794099799313
615,-0.03802843506423866
616,-0.39233289329209997
617,0.5025864306376265
618,0.5461362773716336
619,-0.15611676105539585
621,-1.3348870658928378
622,1.2422800550018422
625,0.1313062997785141
626,-0.7873450315108433
627,-1.4783880672989578
628,0.1817811421638827
630,-2.2971941432736918
631,-0.3426282387421153
632,-2.6366934256458188
634,-0.34637245957702123
635,0.13447009111182223
636,-0.3388065781727698
638,-0.36717392349542605
639,0.21797250333904045
644,1.288438931595496
645,0.38487971209986716
647,0.3474461567660956
648,1.2989136896353053
649,0.5469498553763791
651,1.6432151913733726
652,1.3817601245985112
653,1.3334769924866487
656,1.014499972070571
657,0.7786587225682712
664,0.7892529125059082
665,-1.4218974731319047
668,-1.5231235344851957
670,-0.9111898682177422
671,-0.9441261148225129
672,-0.35425141077317696
673,-1.567590298316223
676,-0.8657725036833953
678,0.27364218173697097
679,0.4826013335659569
680,-0.9857088265973838
681,0.4537044185212562
682,0.2871679606640269
684,-0.9589843171792096
685,0.06761756937530129
686,1.3494060521685225
687,1.1355965558621604
688,0.4424196872320234
690,-0.7007259958830494
691,-0.7081351574339778
692,1.607997922967121
693,0.7435320591169282
694,0.3610930845691808
696,-0.3793725144634182
697,1.610155786640684
698,-1.2680744812936067
699,-1.3175724570290768
700,-0.02866349570568553
701,-0.8087095248704472
702,-1.5209130333825711
703,-0.10120509489652046
705,-0.5366759890290901
706,-0.3822458999511245
708,-0.04883629205431002
709,1.423494207483029
710,0.3531091157127277
712,-0.14207452024807718
713,0.007946947424025552
716,-0.7032214587251253
717,0.006160285603986525
718,0.29957812769084
720,-1.1068548674366383
721,-0.7874132024371895
722,-1.480137838466155
736,-0.6379200873616864
738,-1.8095051428115083
741,1.5474257945531242
742,0.5233804539450628
743,1.1621352609526685
744,0.16204449906416418
745,2.293317766077639
746,2.251234163588796
747,1.6507269458695935
748,2.572712217697509
749,-0.19429335418482221
751,1.0166646448324377
752,0.3104315778660909
754,1.4341308379660906
755,0.5610008106385972
756,1.6933651510691716
757,0.8852262277903675
758,0.7528734131363843
760,1.2589614637530289
761,0.11137941990189501
762,2.1474396605162855
763,1.0130141603728677
764,0.6757950951155529
765,-0.3822514583371481
766,0.24122145783988888
767,-1.130584595751454
768,0.3829994169290983
769,0.9250565069689337
770,0.6716417556426995
771,2.945614801140333
772,1.191759975798753
773,0.6406293760138505
774,1.122466955240994
775,0.42750105688065554
776,-0.03141075684535365
777,1.2678117291522755
778,1.415560540659314
779,1.7757990266575967
780,-0.8456503095594671
781,-0.369638510678224
784,0.33424930230518557
785,0.7883165730885403
786,0.7865261595752974
787,1.13733446791884
788,1.070233936653502
789,0.45149333294011595
790,0.1429543349900731
791,0.6582404063074677
792,0.10089399312542567
794,1.3248121720209354
795,1.6368956015702274
798,0.5156384316730827
799,0.9846962360218662
800,-0.20074663436052992
801,1.475953655784014
802,1.2116671971931283
803,0.6546229294802027
804,0.259180099382383
805,1.094116281116617
806,0.4383181550675001
808,0.47482804434072173
809,0.5356590369179106
810,0.6199321755186948
811,-1.0699148178991096
812,1.522638279581668
813,0.24128797032479812
814,2.1864440077379923
815,-0.15540598869724462
816,0.24298137736839504
817,0.12388315936989414
819,0.8757841246751313
820,-0.5953485149491614
821,1.5634722509914618
823,-0.14319253971995274
824,1.7347092851385288
825,0.5052906826450979
826,0.8216034858844522
827,1.2876328447758847
828,1.2144508564667316
829,0.014571254106508086
831,0.703900335670044
832,0.983903549902015
833,0.4021992434849455
835,0.3700472408383218
837,-0.5631217068093393
838,0.7589219724120855
841,0.5614544151747352
842,0.1932826098256094
843,0.6660834194793198
844,0.4294808902401885
845,1.8165938231846313
846,0.4864336048192333
847,2.9012175890987573
848,0.2882589937265156
849,0.3363285777884277
850,0.8394924676195809
851,2.1320216015982463
852,0.06301399771580014
853,-1.7989612178320562
856,-0.06275924356029437
857,0.08986762941567239
859,0.6945962594739525
860,0.6116140089857646
862,-0.47034879312710237
863,0.4368391887995315
865,-0.5248121368525809
867,0.537105097696393
870,1.1663012519783775
871,-0.27791249916690414
872,0.4884303398634887
875,-0.004439020598458701
876,-0.32556238367661855
878,1.6007829321742404
880,-0.8243506488643331
881,0.0894354731632441
882,0.7589889024350684
883,-1.1044191814932918
884,-0.9176011727955209
885,-0.39384381284722003
886,-0.2208641132901791
887,0.45041895463566717
888,-0.792115606690172
889,1.351602423520301
890,-0.14758659660257192
891,-0.8306639488223999
892,0.41422493382809245
893,-1.167690926852139
894,-0.9501151426286413
895,-0.4672146375657579
896,-0.22328746236934052
897,0.08206368462917941
898,-0.5014272869098012
899,-0.25690337597219115
900,-0.22952474430506262
901,0.620406204656627
902,1.2315928670579808
904,0.5011281317812839
905,2.020357234718611
906,1.9906851913521906
907,0.8805410897401843
908,-0.6879407400244694
909,0.28790876333827187
910,0.8549104283786081
911,1.4553544469689688
913,1.1094372617804293
914,0.0037732321067115286
915,1.7693483106096495
916,1.2444895353697132
919,1.4163228424466925
920,0.5255577096877633
921,0.3430740740441374
922,1.9896659319501842
